sort_order,code,name,school,department,level,examino,didactivities_name1,didactivities_hours1,didactivities_ects1,didactivities_name2,didactivities_hours2,didactivities_ects2,type,prereq,prereq_knowledge,lang,erasmus,website,learn_objectives,skills,subject1,subject2,subject3,teaching_way,techs_used,task1,hours1,task2,hours2,task3,hours3,task4,hours4,task5,hours5,hours_sum,grading,refs_books,refs_more_title,refs_more
1,ΓΕΝ002,Γραμμική Άλγεβρα και Αναλυτική Γεωμετρία,ΜΗΧΑΝΙΚΩΝ,ΠΟΛΙΤΙΚΩΝ ΜΗΧΑΝΙΚΩΝ,Προπτυχιακό,1,Διαλέξεις – Ασκήσεις Πράξης,3,5,,,,Γενικού Υποβάθρου,,"Τριγωνομετρία, Άλγεβρα και Αναλυτική Γεωμετρία Λυκείου",Ελληνική,Όχι,,"Μετά την επιτυχή ολοκλήρωση του μαθήματος ο φοιτητής θα πρέπει να μπορεί να χρησιμοποιεί:
   1. τις βασικές έννοιες της Γραμμικής Άλγεβρας (Πίνακες, Ορίζουσες, Γραμμικά συστήματα (ομογενή και μη), Μετασχηματισμούς διανυσμάτων μέσω ενός πίνακα (νxν), Ιδιοτιμές και ιδιοδιανύσματα και μετασχηματισμούς ομοιότητας),
   2. την κλασσική Διανυσματική Ανάλυση και τις πράξεις Διανυσμάτων,
   3. τις βασικές έννοιες της Αναλυτικής Γεωμετρίας στο επίπεδο και της θεωρίας επιφανειών,
στην Επιστήμη του Πολιτικού Μηχανικού, αλλά και γενικότερα στην περεταίρω ανάπτυξη της κριτικής και δημιουργικής σκέψης.","• Κατανόηση και εμπέδωση των βασικών Μαθηματικών εννοιών και
• χρήση τους σε βασικά προβλήματα της Επιστήμης του Πολιτικού Μηχανικού και ιδιαίτερα σε θέματα Μητρωικής Στατικής και Δυναμικής.","Περιεχόμενα διαλέξεων ανά εβδομάδα μαθημάτων
1η. Δύο λόγια για τους Πίνακες και πράξεις πινάκων (Διάσταση, ισότητα, πρόσθεση, πολλαπλασιασμός επί αριθμό, αρχικές ιδιότητες). Ορίζουσα τετραγωνικού πίνακα (Ορίζουσα 2x2, ιδιότητες, γραμμική ανεξαρτησία γραμμών - στηλών). 
2η. Υπολογισμός Ορίζουσας μεγαλύτερης διάστασης με ανάλυση σε άθροισμα υπο-οριζουσών. 
3η. Επιτρεπτές γραμμοπράξεις. Υπολογισμός Ορίζουσας με τη μέθοδο τριγωνισμού.
4η. Πολλαπλασιασμός Πινάκων.  Ιδιότητες.  Επιτρεπτές γραμμοπράξεις σε Πίνακες.
5η. Αντίστροφος τετραγωνικού Πίνακα και μέθοδοι αντιστροφής. Αντιστροφή μιγαδικού Πίνακα.
6η. Γραμμικά συστήματα.  Βασικές ιδιότητες. Γραμμική ανεξαρτησία εξισώσεων. Μέθοδοι επίλυσης.
7η. Η έννοια του διανύσματος.  Διανύσματα στην ευθεία. Οι πράξεις του πολλαπλασιασμού επί αριθμό, της πρόσθεσης και της αφαίρεσης των διανυσμάτων.  Διανύσματα στο επίπεδο.  Πρόσθεση και αφαίρεση διανυσμάτων.   Γραμμική ανεξαρτησία.  Το Καρτεσιανό σύστημα συντεταγμένων και τα μοναδιαία διανύσματα. 
8η. Διανύσματα στο χώρο. Εσωτερικό, εξωτερικό και μικτό γινόμενο διανυσμάτων.
9η-10η. Αναλυτική Γεωμετρία στο επίπεδο. Η εξίσωση της ευθείας.  Κωνικές τομές (Κύκλος, Παραβολή, Έλλειψη, Υπερβολή, η εξίσωση Αx2 + Βy2 + Γx + Δy + Ε = 0)
11η. Αναλυτική Γεωμετρία στο χώρο. Η διανυσματική και η παραμετρική εξίσωση της ευθείας στον χώρο.  Απόσταση σημείου από ευθεία. 
12η. Στοιχεία θεωρίας επιφανειών.  Τα επίπεδα x=0, y=0, z=0, z=c και τομή μιας επιφάνειας  z=f(x,y) με τα επίπεδα αυτά, ισοϋψείς καμπύλες. Εξίσωση του επιπέδου, της σφαίρας, του Κώνου, του ελλειψοειδούς και του παραβολοειδούς.
13η. Μετασχηματισμοί διανυσμάτων. Συνηθισμένοι μετασχηματισμοί.  Ιδιοτιμές και ιδιοδιανύσματα.  Ιδιότητες των ιδιοδιανυσμάτων. Μιγαδικές ιδιοτιμές και ιδιοδιανύσματα.",,,Στην αίθουσα διδασκαλίας,"Χρήση φορητού Η.Υ και βιντεοπροβολέα, και Παραδείγματα στον πίνακα με τη χρήση Excel και Matlab/Octave. Υποστήριξη της διδακτικής διαδικασίας μέσω ηλεκτρονικής ιστοσελίδας.  Επικοινωνία μέσω e-mail και στο γραφείο, στις ώρες επικοινωνίας με φοιτητές-τριες.  Σε ακραίες περιπτώσεις (φοιτητές που δεν διαμένουν πλέον στις Σέρρες) εφαρμόζεται η επαφή για επίλυση αποριών ή άλλων ζητημάτων μέσω skype.",Διαλέξεις Θεωρίας,39,Αυτοτελής Μελέτη,,Ασκήσεις – εργασίες ,,,,,,130,"Τελική Αξιολόγηση του Μαθήματος:
    • Γραπτή τελική εξέταση που περιλαμβάνει:
        o Θεωρητικές ερωτήσεις κατανόησης και κρίσης (30-40 % του τελικού βαθμού)
        o Επίλυση ασκήσεων (60-70 % του τελικού βαθμού)
 Τα κριτήρια αξιολόγησης (δηλαδή το πόσο μετρούν τα αριθμητικά λάθη, τα λάθη ελλιπούς γνώσης και τα λάθη κατανόησης  γνωστοποιούνται στους φοιτητές από την πρώτη διάλεξη και επαναλαμβάνονται διαρκώς με τη βοήθεια παραδειγμάτων. Επίσης είναι επιθυμητή η παροχή εξηγήσεων πάνω στα λάθη του γραπτού.","Τερζίδης Χαράλαμπος, Λογισμός συναρτήσεων μιας μεταβλητής με στοιχεία διανυσματικής & γραμμικής άλγεβρας, Εκδόσεις Χριστοδουλίδης, Θεσσαλονίκη 2006
Σουρλάς Δημήτρης, Γραμμική Άλγεβρα και Αναλυτική Γεωμετρία , Εκδόσεις Πανεπιστημίου Πατρών, 2013
Μπράτσος Αθανάσιος, Μαθήματα Ανώτερων Μαθηματικών, ISBN 978-960-603-030-7, [ηλεκτρ. βιβλ.] Αθήνα: Σύνδεσμος Ελληνικών Ακαδημαϊκών Βιβλιοθηκών, Ηλεκτρονική Διεύθυνση: https://repository.kallipos.gr/handle/11419/424
Παπαϊωάννου Σταύρος, Βογιατζή, Δέσποινα, Μαθηματικά Ι, ISBN 978-960-603-427-5, [ηλεκτρ. βιβλ.] Αθήνα: Σύνδεσμος Ελληνικών Ακαδημαϊκών Βιβλιοθηκών, Ηλεκτρονική Διεύθυνση: https://repository.kallipos.gr/handle/11419/4551",,
2,ΓΕΝ001,Απειροστικός Λογισμός Ι ,ΜΗΧΑΝΙΚΩΝ,ΠΟΛΙΤΙΚΩΝ ΜΗΧΑΝΙΚΩΝ,Προπτυχιακό,1,Διαλέξεις – Ασκήσεις Πράξης,4,5,,,,Γενικού Υποβάθρου,,Μαθηματικά του Λυκείου,Ελληνική,Όχι,,"Μετά την επιτυχή ολοκλήρωση του μαθήματος ο φοιτητής θα πρέπει να μπορεί να χρησιμοποιεί:
   1. τα σύνολα των Αριθμών με έμφαση στους Μιγαδικούς Αριθμούς,
   2. τις πραγματικές συναρτήσεις μιας πραγματικής μεταβλητής (ορισμός, Όρια, Συνέχεια)
   3. τις βασικές έννοιες του Διαφορικού Λογισμού,
   4. τις βασικές έννοιες του Ολοκληρωτικού Λογισμού,
   5. τις εφαρμογές σε θέματα Τεχνικής Μηχανικής,
στην Επιστήμη του Πολιτικού Μηχανικού, αλλά και γενικότερα στην περεταίρω ανάπτυξη της κριτικής και δημιουργικής σκέψης.","• Κατανόηση και εμπέδωση των βασικών Μαθηματικών εννοιών και
• χρήση τους σε βασικά προβλήματα της Επιστήμης του Πολιτικού Μηχανικού και ιδιαίτερα σε θέματα Τεχνικής Μηχανικής.","Περιεχόμενα διαλέξεων ανά εβδομάδα μαθημάτων
1η. Σύνολα αριθμών (Φυσικοί, Ακέραιοι, Ρητοί, Πραγματικοί).  Μιγαδικοί αριθμοί (Ορισμός, πράξεις, Μιγαδικό Επίπεδο, Τριγωνομετρική μορφή μιγαδικού, τύπος του De Moivre, εκθετική μορφή - τύπος του Euler). 
2η. Το Καρτεσιανό Σύστημα Συντεταγμένων. Συναρτήσεις μιας πραγματικής μεταβλητής.  Πολυωνυμικές Συναρτήσεις. Ιδιότητες. 
3η - 4η. Συναρτήσεις μιας πραγματικής μεταβλητής.    Εκθετικές και Λογαριθμικές Συναρτήσεις.  Υπερβολικές συναρτήσεις.  Ιδιότητες.  Περιοδικές Συναρτήσεις. Τριγωνομετρικές και Αντίστροφες Κυκλικές. Η έννοια του ορίου και ορισμός της συνέχειας συνάρτησης μιας πραγματικής μεταβλητής.
5η. Η έννοια του παράγωγου αριθμού και της παραγώγου συνάρτησης μιας πραγματικής μεταβλητής.  Ιδιότητες και τύποι.
6η - 7η.  Παράγωγος σύνθετης συνάρτησης, Παράγωγος αντιστρόφων συναρτήσεων, Παράγωγοι ανώτερης τάξης και βασικά Θεωρήματα (Μονοτονίας, Rolle, Μέσης Τιμής, Κανόνας του De l Hopital, Συμπεράσματα για την f(x) που αντλούνται από την 1η και 2η παράγωγο, Ακρότατα). Σειρές Taylor και Mac Laurin.  Διανυσματικές συναρτήσεις και παράγωγοί τους.
8η. Αόριστη Ολοκλήρωση, Ορισμός, Βασικοί τύποι και Ιδιότητες.  Μέθοδοι Ολοκλήρωσης («Παιχνίδια με το διαφορικό», Μέθοδος Αντικατάστασης).
9η. Μέθοδοι Αόριστης Ολοκλήρωσης (Μέθοδος κατά παράγοντες, Ολοκλήρωση ρητών συναρτήσεων)
10η.  Ορισμένη Ολοκλήρωση (Ορισμός, Τύποι, Ιδιότητες, Θεωρήματα), Υπολογισμός Εμβαδού επίπεδου τόπου. 
11η. Γενικευμένα Ολοκληρώματα, Ολοκληρώματα με μεταβλητή στο Όριο και παραγώγισή τους.  Ολοκλήρωση συναρτήσεων ορισμένων με δύο σκέλη.  Ολοκληρώματα σε πολικές συντεταγμένες.  Όγκος στερεού εκ περιστροφής.
12η. Εφαρμογή της Ορισμένης Ολοκλήρωσης σε θέματα της Επιστήμης του Πολιτικού Μηχανικού.
13η. Εφαρμογή της Ορισμένης Ολοκλήρωσης σε θέματα της Επιστήμης του Πολιτικού Μηχανικού.",,,Στην αίθουσα διδασκαλίας,"Χρήση φορητού Η.Υ και βιντεοπροβολέα, και Παραδείγματα στον πίνακα με τη χρήση Excel και Matlab/Octave. Υποστήριξη της διδακτικής διαδικασίας μέσω ηλεκτρονικής ιστοσελίδας.  Επικοινωνία μέσω e-mail και στο γραφείο, στις ώρες επικοινωνίας με φοιτητές-τριες.  Σε ακραίες περιπτώσεις (φοιτητές που δεν διαμένουν πλέον στις Σέρρες) εφαρμόζεται η επαφή για επίλυση αποριών ή άλλων ζητημάτων μέσω skype.",Διαλέξεις Θεωρίας,52,Αυτοτελής Μελέτη,,Ασκήσεις – εργασίες ,,,,,,130,"Τελική Αξιολόγηση του Μαθήματος:
    • Γραπτή τελική εξέταση που περιλαμβάνει:
        o Θεωρητικές ερωτήσεις κατανόησης και κρίσης (30-40 % του τελικού βαθμού)
        o Επίλυση ασκήσεων (60-70 % του τελικού βαθμού)
 Τα κριτήρια αξιολόγησης (δηλαδή το πόσο μετρούν τα αριθμητικά λάθη, τα λάθη ελλιπούς γνώσης και τα λάθη κατανόησης  γνωστοποιούνται στους φοιτητές από την πρώτη διάλεξη και επαναλαμβάνονται διαρκώς με τη βοήθεια παραδειγμάτων. Επίσης είναι επιθυμητή η παροχή εξηγήσεων πάνω στα λάθη του γραπτού.","Τερζίδης Χαράλαμπος, Λογισμός συναρτήσεων μιας μεταβλητής με στοιχεία διανυσματικής & γραμμικής άλγεβρας, Εκδόσεις Χριστοδουλίδης, Θεσσαλονίκη 2006
Hass J., Heil C., Weir M.D., Απειροστικός Λογισμός, Πανεπιστημιακές Εκδόσεις Κρήτης, Κρήτη 2005, ISBN 978-960-524-515-3, Κωδικός στον Εύδοξο: 77107082
Μπράτσος Αθανάσιος, Μαθήματα Ανώτερων Μαθηματικών, ISBN 978-960-603-030-7, [ηλεκτρ. βιβλ.] Αθήνα: Σύνδεσμος Ελληνικών Ακαδημαϊκών Βιβλιοθηκών, Ηλεκτρονική Διεύθυνση: https://repository.kallipos.gr/handle/11419/424
Παπαϊωάννου Σταύρος, Βογιατζή, Δέσποινα, Μαθηματικά Ι, ISBN 978-960-603-427-5, [ηλεκτρ. βιβλ.] Αθήνα: Σύνδεσμος Ελληνικών Ακαδημαϊκών Βιβλιοθηκών, Ηλεκτρονική Διεύθυνση: https://repository.kallipos.gr/handle/11419/4551",,
3,ΣΥΓ001,Γεωδαισία Ι,ΜΗΧΑΝΙΚΩΝ,ΠΟΛΙΤΙΚΩΝ ΜΗΧΑΝΙΚΩΝ,Προπτυχιακό,1,Διαλέξεις και Εργαστηριακές Ασκήσεις,4,5,,,,Επιστημονικής Περιοχής,,,Ελληνική,Όχι,https://elearning.cm.ihu.gr,"Με την επιτυχή ολοκλήρωση του μαθήματος ο φοιτητής/τρια θα είναι σε θέση να:
• Γνωρίζει τις αρχές λειτουργίας των βασικών τοπογραφικών οργάνων.
• Πραγματοποιήσει μετρήσεις πεδίου με το θεοδόλιχο και το σύστημα χωροβάτη-σταδία.
• Κατέχει τη θεωρία των βασικών τοπογραφικών εφαρμογών: μέτρηση οριζόντιων και κατακόρυφων γωνιών, μέτρηση αποστάσεων, ταχυμετρική αποτύπωση, γεωμετρική και τριγωνομετρική χωροστάθμηση, και τις εφαρμόζει στην πράξη.
• Μπορεί να σχεδιάζει τοπογραφικά διαγράμματα.","• Αυτόνομη εργασία
• Ομαδική εργασία
• Αναζήτηση, ανάλυση και σύνθεση δεδομένων και πληροφοριών, με τη χρήση και των απαραίτητων τεχνολογιών
• Εφαρμογή της γνώσης στην πράξη
• Λήψη αποφάσεων
• Άσκηση κριτικής και αυτοκριτικής
• Προαγωγή της ελεύθερης, δημιουργικής και επαγωγικής σκέψης 
• Σεβασμός στη διαφορετικότητα και στην πολυπολιτισμικότητα",Εισαγωγή στην τοπογραφία. Θεωρία Σφαλμάτων.  Όργανα και μέθοδοι μέτρησης γωνιών. Όργανα και μέθοδοι μέτρησης αποστάσεων. Όργανα και μέθοδοι μέτρησης υψομετρικών διαφορών. Εξελίξεις στην τεχνολογία των οργάνων και των μετρήσεων. Αποτύπωση σημείων λεπτομέρειας. Υπολογισμός Εμβαδών και Όγκων. Διανομή Γηπέδων. Σύνταξη τοπογραφικού διαγράμματος.,,,"Πρόσωπο με πρόσωπο (στην Αίθουσα Διδασκαλίας)
Δυνατότητα για εξ αποστάσεως εκπαίδευση εάν απαιτηθεί.","Χρήση Η/Υ στην αίθουσα κατά τη διάρκεια των διαλέξεων.
Υποστήριξη Μαθησιακής διαδικασίας μέσω της ηλεκτρονικής πλατφόρμας e‐learning, με αναρτήσεις εκπαιδευτικού υλικού σε ηλεκτρονική μορφή και αλληλεπίδραση με τους φοιτητές.
Ηλεκτρονική επικοινωνία με τους φοιτητές (online ανακοινώσεις, email, forum στην πλατφόρμα elearning κτλ).",Διαλέξεις Θεωρίας,26,Εργαστηριακές Ασκήσεις,26,Εκπόνηση Εργασιών,26,Αυτοτελής Μελέτη,52,,,130,"Συμπερασματική Αξιολόγηση
• Εργαστηριακή Εργασία
• Προφορική Εξέταση
• Γραπτή τελική εξέταση που περιλαμβάνει:
    o Θεωρητικές ερωτήσεις κατανόησης και κρίσης
    o Επίλυση προβλημάτων – ασκήσεων
Το παρόν κείμενο περιγραφής του μαθήματος με τα κριτήρια αξιολόγησης είναι προσβάσιμο στους φοιτητές στον οδηγό σπουδών του Τμήματος (ιστοσελίδα Τμήματος) και στην ιστοσελίδα του μαθήματος","Μαθήματα Γεωδαισίας, 2η Έκδοση, Γεωργόπουλος Γ, Εκδόσεις Τζιόλα
Γεωδαισία Ι: Γεωδαιτικές μετρήσεις και υπολογισμοί, Σαββαϊδης Π., Υφαντής Ι., Δούκας Ι., Εκδόσεις Κυριακίδη
Εφαρμοσμένη Γεωδαισία, Λάμπρου Ε., Πανταζής Γ., Εκδόσεις Ζήτη 
Στοιχεία Τοπογραφίας, Στυλιανίδης Ε., Εκδόσεις Δίσιγμα
Εφαρμοσμένη Τοπογραφία, Τόμος Α’, 3η Έκδοση, Καριώτης Γ., Παναγιωτόπουλος Ε., Εκδόσεις Δίσιγμα",,
4,ΓΕΝ003,Φυσική για Μηχανικούς,ΜΗΧΑΝΙΚΩΝ,ΠΟΛΙΤΙΚΩΝ ΜΗΧΑΝΙΚΩΝ,Προπτυχιακό,1,"Διαλέξεις, Ασκήσεις Πράξης και Εργαστηριακές Ασκήσεις",5,6,,,,Γενικού Υποβάθρου,,,Ελληνική,Όχι,http://teachers.teicm.gr/vozikis/Physics/index.html,"Μετά την επιτυχή ολοκλήρωση του μαθήματος ο φοιτητής θα πρέπει να μπορεί:
   • να προσεγγίζει αρχικά ένα πρόβλημα ποιοτικά, 
   • να κατανοεί τι συμβαίνει και προπαντός γιατί 
   • και στην συνέχεια, αναλύοντας το πρόβλημα και ξεκινώντας από τις πολύ βασικές αρχές και με εργαλείο τα Μαθηματικά, να σχεδιάζει στην λύση του.
   • Τέλος θα πρέπει να μπορεί να κρίνει αν η λύση στην οποία κατέληξε είναι σωστή και να αναγνωρίζει τυχόν λάθη.","• Αυτόνομη εργασία 
• Ομαδική εργασία
• Λήψη αποφάσεων
• Άσκηση κριτικής και αυτοκριτικής
• Προαγωγή της ελεύθερης, δημιουργικής και επαγωγικής σκέψης","Σύντομη περιγραφή μαθήματος
Το μάθημα της Φυσικής φιλοδοξεί να φέρει σε επαφή τον πρωτοετή φοιτητή του Τμήματος  Πολιτικών Μηχανικών με τις θεμελιώδεις αρχές και νόμους που διέπουν αυτή καθαυτή την επιστήμη του. Στην προσπάθεια αυτή, σημαντικό ρόλο αναμένεται να παίξει η σύνδεση των θεμελιωδών αρχών της Φυσικής με  συγκεκριμένους τομείς εφαρμογών της Επιστήμης του Πολιτικού Μηχανικού (όπως είναι π.χ. η στατική και δυναμική των κατασκευών, ο αντισεισμικός σχεδιασμός κ.ά.). Η σύνδεση αυτή επιχειρείται σχεδόν σε κάθε διάλεξη της θεωρίας.

Στα πλαίσια των διαλέξεων της θεωρίας γίνεται προσπάθεια της επαφής με την Φυσική με μια πιο επιστημονική – μαθηματική προσέγγιση από αυτήν που έχει διδαχθεί στην Δευτεροβάθμια Εκπαίδευση. Επιχειρείται η αποδέσμευση της διδασκαλίας του μαθήματος από τον κλασικό τρόπο απομνημόνευσης νόμων και εξισώσεων. Ο φοιτητής καλείται να προσεγγίσει αρχικά το πρόβλημα ποιοτικά, να κατανοήσει τι συμβαίνει και προπαντός γιατί και στην συνέχεια, ξεκινώντας από τις πολύ βασικές αρχές και με εργαλείο τα Μαθηματικά, να οδηγηθεί στην λύση του. 

Το εργαστηριακό μέρος του μαθήματος φέρνει τον φοιτητή σε επαφή με την ουσία και τις ορθές πρακτικές της πειραματικής διαδικασίας. Επικεντρώνεται, όχι μόνο στην εκτέλεση ενός αριθμού πειραμάτων, αλλά και στην κατανόηση και αντιμετώπιση των σφαλμάτων των μετρήσεων και την, μετά το πείραμα, επεξεργασία των αποτελεσμάτων και την εξαγωγή συμπερασμάτων για το υπό μελέτη φυσικό φαινόμενο.","- Περιεχόμενο διαλέξεων θεωρίας
   • Το Μαθηματικό Υπόβαθρο. 
Τριγωνομετρία, Διανύσματα, Παράγωγοι, Ολοκληρώματα. Εισαγωγή στην λογική των Διαφορικών Εξισώσεων
Συστήματα αναφοράς, υλικό σημείο, χρόνος, διάνυσμα θέσης, ταχύτητα επιτάχυνση. Αλλαγή συστήματος συντεταγμένων. Πολικές, κυλινδρικές και σφαιρικές συντεταγμένες. Αδρανειακά και μη αδρανειακά συστήματα
   • Μηχανική Υλικού Σημείου. 
Είδη Δυνάμεων:  βαρύτητα,  τριβή, Αντίσταση του αέρα.  Στατική και Δυναμική Ισορροπία.
Κίνηση υπό την επίδραση δύναμης: σταθερή δύναμη, δύναμη ως συνάρτηση του χρόνου, δύναμη ως συνάρτηση της θέσης, δύναμη ως συνάρτηση της ταχύτητας. 
Ορμή-Ώθηση. Έργο-Ενέργεια: Διατηρητικές (Συντηρητικές) και μη διατηρητικές δυνάμεις, Δυναμική Ενέργεια, Διατήρηση της Ενέργειας. Ισχύς
   • Εισαγωγή στις ταλαντώσεις
Ελατήριο. Νόμος του Hook. Απλή αρμονική ταλάντωση. Εξαναγκασμένη ταλάντωση. Ταλάντωση με απόσβεση.
   • Μηχανική Στερεού Σώματος.
Η κίνηση ενός στερεού σώματος. Κέντρο μάζας. Ροπή δυνάμεων. Στατική ισορροπία στερεού σώματος.
Δυναμική στερεού σώματος. Ροπή αδρανείας. Στροφορμή. Έργο και Ενέργεια στερεού.
   • Θερμότητα και θερμοκρασία. 
Διάδοση θερμότητας. Θερμομόνωση","- Περιεχόμενο εργαστηριακών ασκήσεων
   • Πειραματική διαδικασία.
Όργανα μετρήσεων. Καταγραφή χαρακτηριστικών. Έλεγχος και βαθμονόμηση οργάνων. Σφάλματα μετρήσεων. Συστηματικά και τυχαία σφάλματα. Στατιστική αντιμετώπιση των σφαλμάτων.
   • Επεξεργασία αποτελεσμάτων πειράματος.
Γραφικές παραστάσεις. Εύρεση της σχέσης μεταξύ των δύο μετρούμενων ποσοτήτων. Γραμμική παλινδρόμηση. Συντελεστής γραμμικής συσχέτισης. Άλλα είδη παλινδρόμησης.
   • Διεξαγωγή δύο εκ των παρακάτω πειραματικών ασκήσεων και συγγραφή για κάθε μία από αυτές σχετικής εργασίας
     o Μέτρηση συντελεστών τριβής
     o Ελεύθερη πτώση
     o Ευθύγραμμη ομαλά επιταχυνόμενη κίνηση
     o Αρχή διατήρησης ενέργειας. Μηχανή Atwood
     o Νόμος ελαστικότητας του Hooke και αρμονική ταλάντωση
     o Απλό εκκρεμές",Στην τάξη (Πρόσωπο με πρόσωπο),"Υποστήριξη Μαθησιακής διαδικασίας μέσω ηλεκτρονικής ιστοσελίδας, μέσω της ηλεκτρονικής πλατφόρμας e-learning και ηλεκτρονικής επικοινωνίας με τους φοιτητές (online ανακοινώσεις και σχόλια, email κτλ). ",Διαλέξεις Θεωρίας,40,Ασκήσεις πράξης,19,Εργαστηριακές ασκήσεις,6,Συγγραφή Εργασιών,9,Αυτοτελής Μελέτη,82,156,"Αξιολόγηση Θεωρίας (90% του τελικού βαθμού):
   • Γραπτή εξέταση προόδου (30% του τελικού βαθμού) που περιλαμβάνει:
     o Θεωρητικές ερωτήσεις κρίσης 
     o Επίλυση προβλημάτων-ασκήσεων 
   • Γραπτή τελική εξέταση (60% του τελικού βαθμού) που περιλαμβάνει:
     o Θεωρητικές ερωτήσεις κρίσης 
     o Επίλυση προβλημάτων-ασκήσεων 
 
Αξιολόγηση Εργαστηρίου (10% του τελικού βαθμού)
   • Γραπτή εργασία για κάθε μία εργαστηριακή άσκηση

Το παρόν κείμενο περιγραφής του μαθήματος με τα κριτήρια αξιολόγησης είναι προσβάσιμο στους φοιτητές στον οδηγό σπουδών του Τμήματος (ιστοσελίδα Τμήματος) και στην ιστοσελίδα του μαθήματος","Young H., Freedman R., Πανεπιστημιακή φυσική με σύγχρονη φυσική – Τόμος Α, Εκδόσεις Παπαζήση, 2009, ISBN:978-960-02-2338-5
Halliday D., Resnick R., Walker J., Φυσική – Τόμος Α, Εκδόσεις Gutenberg, 2012, ISBN:978-960-01-1493-5
Φραγκιαδάκης Ι., Φυσική και τεχνολογία, Εκδόσεις Ζήτη, 2006, ISBN:960-431-854-3
Μυλωνάς Ν., Δαυΐδ Κ., ΦΥΣΙΚΗ, Μηχανική και Ηλεκτρομαγνητισμός, Εκδόσεις Τζιόλα, 2019, ISBN: 978-960-418-837-6
Κλεΐδης Κ., Βοζίκης Χ., Φυσική – Μηχανική, ΤΕΙ Κεντρικής Μακεδονίας, 2017, http://teachers.teicm.gr/vozikis/Physics/theory/Physics-notes.pdf",,
5,ΔΟΜ001,Τεχνικό Σχέδιο,ΜΗΧΑΝΙΚΩΝ,ΠΟΛΙΤΙΚΩΝ ΜΗΧΑΝΙΚΩΝ,Προπτυχιακό,1,"Διαλέξεις, Ασκήσεις Πράξης και Εργαστηριακές Ασκήσεις",4,5,,,,Επιστημονικής Περιοχής,,,Ελληνική,Όχι,https://elearning.cm.ihu.gr/ ,"Με την επιτυχή ολοκλήρωση του μαθήματος ο φοιτητής/τρια θα είναι σε θέση:
   • Να αναγνωρίζει τη σημασία της γεωμετρίας για το εύρος του έργου του πολιτικού μηχανικού.
   • Να διακρίνει γεωμετρικές αρχές στο χώρο και να  συνδέει τις γεωμετρικές του/της γνώσεις με μορφές και κατασκευές στο δομημένο χώρο. Να αποτυπώνει στο χαρτί αντικείμενα και κατασκευές στο χώρο.
   • Να αναπαριστά  τρισδιάστατα αντικείμενα σε δύο διαστάσεις
   • Να κατασκευάζει σε δύο και σε τρεις διαστάσεις απεικονίσεις (σχέδια) υπό κλίμακα του τρισδιάστατου δομημένου χώρου, σύμφωνα με τη μεθοδολογία  των σχεδιαστικών συμβάσεων και διεθνών προτύπων.
   • Να οργανώνει στα σχέδια που παράγουν την τεχνική και κατασκευαστική πληροφορία που αναλογεί στην κλίμακα του σχεδίου, μαζί με τους συμβολισμούς και τις διαστασιολογήσεις. 
   • Να επικοινωνεί και να οργανώνει στην επιφάνεια του χαρτιού με ακρίβεια και πληρότητα πληροφορία για αντικείμενα και κατασκευές στο χώρο.
   • Να είναι σε θέση να συσχετίσει την πληροφορία από σχέδια με την υλοποίηση στο φυσικό χώρο των αντικειμένων που αναπαρίστανται και να διακρίνει την πληρότητα της πληροφορίας που του/της παρέχεται για το σκοπό αυτό.","Το μάθημα συμβάλει στην απόκτηση των παρακάτω ικανοτήτων:
   • Αναζήτηση, ανάλυση και σύνθεση δεδομένων και πληροφοριών, με τη χρήση και των απαραίτητων τεχνολογιών 
   • Προσαρμογή σε νέες καταστάσεις 
   • Λήψη αποφάσεων 
   • Αυτόνομη εργασία 
   • Ομαδική εργασία  
   • Σχεδιασμός και διαχείριση έργων 
   • Προαγωγή της ελεύθερης, δημιουργικής και επαγωγικής σκέψης","Το μάθημα έχει σκοπό να εισάγει τους φοιτητές στη θεωρία και τις πρακτικές της αναπαράστασης του δομημένου  χώρου και στην εφαρμογή των σχεδιαστικών συμβάσεων που υποστηρίζουν τις κατασκευές στο χώρο και τα τεχνικά έργα. Οι γνώσεις αυτές έχουν επίσης στόχο να αναπτύξουν μια σχεδιαστική γλώσσα ως βασικό εργαλείο επικοινωνίας η οποία είναι απαραίτητη μεταξύ των όλων των μηχανικών. Οι φοιτητές θα πρέπει να εμπεδώσουν τις γνώσεις αυτές, να καλλιεργήσουν τη φαντασία τους και την αντίληψη του χώρου, να εμβαθύνουν στη γεωμετρική σκέψη και τις συνθέσειςκαι να καλλιεργήσουν τις σχεδιαστικές δεξιότητές του, ώστε τελικά, να είναι σε θέση να επιλέγουν το κατάλληλο μέσο και εργαλείο που θα υποστηρίζει το έργο που θα καλούνται να επιτελέσουν.

Για το σκοπό αυτό, γίνεται μια σύντομη αναφορά (υπενθύμιση) σε βασικές αρχές της Ευκλείδειας γεωμετρίας μέσω κατασκευών βασικών γεωμετρικών σχημάτων και στερεών σωμάτων. Στη συνέχεια γίνεται μια εισαγωγή στην Παραστατική Γεωμετρία, μέσω της οποίας οι φοιτητές καλούνται να αναπτύξουν περαιτέρω τη γεωμετρική τους σκέψη.  Η Παραστατική Γεωμετρία παρέχει το θεωρητικό υπόβαθρο της μελέτης των απεικονίσεων του τρισδιάστατου χώρου σε επίπεδο (πίνακας σχεδίασης) και κατ’ επέκταση αποτελεί μέθοδο επίλυσης προβλημάτων, ειδικότερα αυτών που συνδέονται με τεχνικές εφαρμογές. 

Στη συνέχεια, γίνεται μετάβαση στο Τεχνικό Σχέδιο, όπου εφαρμόζοντας τις γνώσεις και τις μεθόδους που κατακτήθηκαν παραπάνω, οι φοιτητές θα είναι σε θέση να σχεδιάσουν σε δύο διαστάσεις (χαρτί) υπό κλίμακα αντικείμενα και κατασκευές του δομημένου χώρου. Διδάσκονται στη μεθοδολογία σχεδίασης υπό κλίμακα, στη χρήση οργάνων σχεδίασης, στην οργάνωση της γεωμετρικής και κατασκευαστικής πληροφορίας με ακρίβεια και πληρότητα και στους συμβολισμούς που διέπουν τη μεθοδολογία και πρακτική σχεδίασης κτιρίων και γενικότερα, τεχνικών έργων. Απώτερος στόχος είναι να μπορούν οι φοιτητές να συνδέουν την εικόνα του φυσικού και δομημένου χώρου με τις γεωμετρικές τους γνώσεις, ώστε να είναι σε θέση να αντιλαμβάνονται κάθε φορά τις πραγματικές διαστάσεις και τις γεωμετρικές ιδιαιτερότητες των προβλημάτων που καλούνται να επιλύσουν και των προτάσεων που καλούνται να προτείνουν.

Τα θεωρητικά μαθήματα δίνουν το υπόβαθρο για την εφαρμογή των γνώσεων και υποστηρίζουν τα εργαστηριακά. Στα θεωρητικά μαθήματα οι φοιτητές επίσης λύνουν ασκήσεις, στις οποίες εν συνεχεία, εμβαθύνουν στα εργαστηριακά, τα οποία λαμβάνουν χώρα σε αίθουσες με σχεδιαστήρια. Στα εργαστηριακά μαθήματα τηρούνται υποχρεωτικές παρουσίες.
Οι φοιτητές θα χρειαστούν τον εξοπλισμό και όργανα σχεδίασης και στα θεωρητικά και στα εργαστηριακά μαθήματα. ","Περιεχόμενο διαλέξεων
   • Γεωμετρικές κατασκευές επιπέδων σχημάτων
   • Στοιχεία Ευκλείδειας γεωμετρίας: σημεία στον Ευκλείδειο χώρο, σχέσεις ευθειών,  ευθειών - επιπέδων, επιπέδων,  στερεές γωνίες, στερεά σώματα.
   • Στοιχεία Παραστατικής Γεωμετρίας: μέθοδος Monge, μέθοδος υψομετρική, αξονομετρία. 
   • Εμβάθυνση στο σύστημα Monge: η έννοια της προβολής, παράσταση σημείου, ευθείας, επιπέδου. Σχέσεις ευθειών και επιπέδων. Μέθοδος κατάκλισης, περιστροφής, αλλαγής. Παραστάσεις εξωτερικού περιβλήματος και τομών επιφανειών στερεού με επίπεδες έδρες και με καμπύλες επιφάνειες. Παράσταση τομών  όψεις και τομές στερεού, πολύεδρων στερεών.
   • Αξονομετρία: αξονομετρικά σύστήματα, ορθή αξονομετρία, μετωπική και οριζόντια αξονομετρία.
   • Εισαγωγή στο γραμμικό σχέδιο: όργανα σχεδίασης, γραμμογραφία, κλίμακα σχεδίασης, οργάνωση πινακίδας. Τοπογραφικό, κατόψεις, τομές, όψεις. Σχεδίαση, διαστασιολόγηση και συμβολισμοί (πληροφορία) στην κλίμακα 1/100. 
   • Εισαγωγή στη σχεδίαση κτιριακών έργων στην κλίμακα 1/50: δομική ανάλυση κτιρίου, συμβολισμοί και κωδικοποίηση πληροφορίας, οργάνωση σχεδίων.","Ασκήσεις Εργαστηρίου.
   • Ασκήσεις γεωμετρίας: κατασκευή επιπέδων σχημάτων
   • Ασκήσεις για την παράσταση ευθειών, επιπέδων και στερεών σωμάτων στον Ευκλείδειο χώρο.
   • Ασκήσεις Παραστατικής Γεωμετρίας – σύστημα Monge. Παραστάσεις εξωτερικού περιβλήματος και τομών επιφανειών στερεού με επίπεδες έδρες. Παράσταση τομών.   όψεις και τομές στερεού, πολύεδρων στερεών. Αξονομετρική παράσταση στερεών σωμάτων
   • Αποτύπωση και σχεδίαση υπό κλίμακα αντικειμένου στο χώρο
   • Σχεδίαση κτιρίου στην κλίμακα 1/100. Κάτοψη, τομές, όψεις, αξονομετρικό.
   • Σχεδίαση μικρού κτιρίου στην κλίμακα 1/50. Κάτοψη, τομές, όψεις.",Στην τάξη (Πρόσωπο με πρόσωπο),"Παρουσίαση διαλέξεων με χρήση Η/Υ, υποστήριξη Μαθησιακής διαδικασίας μέσω της ηλεκτρονικής πλατφόρμας e-learning.",Διαλέξεις Θεωρίας,26,Εργαστηριακές ασκήσεις στα σχεδιαστήρια,26,Ασκήσεις πράξης,,Αυτοτελής Μελέτη,,Ατομική Εργασία ,43,125,"α. Τελική γραπτή εξέταση: Ερωτήσεις θεωρίας,  σχεδιαστική επίλυση προβλημάτων και απεικόνιση κτιρίου μέσω δισδιάστατων σχεδίων. Συμμετοχή 60% στο συνολικό βαθμό

β. Παράδοση φακέλων στο τέλος του εξαμήνου με σχεδιαστικές εργασίες  εργαστηρίου. Συμμετοχή 40% στο συνολικό βαθμό","Μαλικούτη, Στ., «ΤΕΧΝΙΚΟ ΣΧΕΔΙΟ: Στοιχεία θεωρίας και μεθολογία εφαρμογών», Σύγχρονη Εκδοτική, Αθήνα, 2018
Μαλικούτη Στ., Μαρκοπούλου, Ν., «ΑΡΧΙΤΕΚΤΟΝΙΚΟ ΣΧΕΔΙΟ- Μεθοδολογία κατά τη σχεδίαση στην κλίμακα 1/50», Σύγχρονη Εκδοτική, Αθήνα, 2017.
Παυλίδης,Ι., 1997, 1η έκδοση, «Γραμμικό Σχέδιο»,  Θεσσαλονίκη: Εκδ. Ζήτη
Μπαγιούκ, Σ., 2016, 1η έκδοση, «Τεχνικές Σχεδιάσεις»,  Θεσσαλονίκη: Εκδόσεις Σοφία ΑΕΕΕ. Μαρκάτης, Στ. «Παραστατική Γεωμετρία», ΤΟΣΤΡΑΣ ΑΝ. ΑΘΑΝΑΣΙΟΣ, Αθήνα, 2010
Φούντας, Γρ., «ΠΑΡΑΣΤΑΤΙΚΗ ΓΕΩΜΕΤΡΙΑ», Φούντας, Αθήνα,  2005.
Λευκαδίτης Γ.,  «Στοιχεία Παραστατικής Γεωμετρίας, Τόμος Ι » Ιδιωτική Έκδοση, Αθήνα, 2010
Λευκαδίτης Γ.,  «Στοιχεία Παραστατικής Γεωμετρίας, Τόμος ΙΙ » Ιδιωτική Έκδοση, Αθήνα, 2008
Λευκαδίτης Γ., «Μέθοδοι παραστάσεων : αξονομετρία, υψομετρία, σκιαγραφία» Αυτοέκδοση, Αθήνα, 2006
Ching Fr., “Architectural Graphics”, 6th edition, John Wiley and Sons, Inc., New Jersey, 2015",,
6,ΔΟΜ002,Τεχνολογία Δομικών Υλικών Ι,ΜΗΧΑΝΙΚΩΝ,ΠΟΛΙΤΙΚΩΝ ΜΗΧΑΝΙΚΩΝ,Προπτυχιακό,1,Διαλέξεις και Εργαστηριακές Ασκήσεις,4,4,,,,Επιστημονικής Περιοχής,,,Ελληνική,Όχι,,"Μετά την επιτυχή ολοκλήρωση του μαθήματος ο φοιτητής θα πρέπει να μπορεί:
   • να γνωρίζει τις ιδιότητες των δομικών υλικών, τις τεχνολογίες παρασκευής, την συσχέτιση δομής και ιδιοτήτων και την μηχανική συμπεριφορά των δομικών υλικών. ","• Αυτόνομη εργασία 
• Ομαδική εργασία
• Λήψη αποφάσεων
• Άσκηση κριτικής και αυτοκριτικής
• Προαγωγή της ελεύθερης, δημιουργικής και επαγωγικής σκέψης","• Εισαγωγή στην δομή των υλικών. Φυσικές και μηχανικές ιδιότητες. 
• Χαρακτηριστικά, ιδιότητες φυσικών λίθων και πετρωμάτων.
• Δομικά πετρώματα- Αδρανή υλικά: Τύποι, χαρακτηριστικά και ιδιότητες. 
• Κονίες: Ορισμοί, Είδη, Τρόποι παραγωγής, Μηχανισμοί πήξεως και σκληρύνσεως. Αερικές και υδραυλικές κονίες. 
• Τσιμέντα: Πρώτες ύλες, Παραγωγή, Τσιμέντα Πόρτλαντ. Ενυδάτωση. Ειδικοί τύποι τσιμέντων. Ποζολανική αντίδραση. Φυσικές, χημικές και μηχανικές ιδιότητες τσιμέντων.
• Κονιάματα:  Σύνθεση. Κατηγορίες. Ιδιότητες – χαρακτηριστικά (Πρόσφυση, αντοχές, ανθεκτικότητα). Εισαγωγή στην τοιχοποιία (Είδη, αντοχές).
• Κεραμικά Υλικά (Οπτόπλινθοι: Ιδιότητες, Αντοχές). 
• Εισαγωγή στο σκυρόδεμα.
• Εισαγωγή στα μεταλλικά υλικά. ",,,Στην τάξη (Πρόσωπο με πρόσωπο),"Υποστήριξη Μαθησιακής διαδικασίας μέσω της ηλεκτρονικής πλατφόρμας e-learning και ηλεκτρονικής επικοινωνίας με τους φοιτητές (online ανακοινώσεις και σχόλια, email κτλ). ",Διαλέξεις Θεωρίας,26,Εργαστηριακές ασκήσεις,26,Αυτοτελής Μελέτη,52,,,,,104,"Γραπτή τελική εξέταση που περιλαμβάνει:
   •  Θεωρητικές ερωτήσεις κρίσης 
   •  Επίλυση προβλημάτων-ασκήσεων 

Το παρόν κείμενο περιγραφής του μαθήματος με τα κριτήρια αξιολόγησης είναι προσβάσιμο στους φοιτητές στον οδηγό σπουδών του Τμήματος (ιστοσελίδα Τμήματος) και στην ιστοσελίδα του μαθήματος ","[68382921]: ΔΟΜΙΚΑ ΥΛΙΚΑ, ΑΘΑΝΑΣΙΟΣ ΤΡΙΑΝΤΑΦΥΛΛΟΥ
[13875]: ΣΚΥΡΟΔΕΜΑ: ΜΙΚΡΟΔΟΜΗ, ΙΔΙΟΤΗΤΕΣ, ΚΑΙ ΥΛΙΚΑ, P. KUMAR MEHTA, PAULO J. M. MONTEIRO",,
7,ΓΕΝ009,Βασικά εργαλεία πληροφορικής - Συγγραφής επιστημονικών κειμένων,ΜΗΧΑΝΙΚΩΝ,ΠΟΛΙΤΙΚΩΝ ΜΗΧΑΝΙΚΩΝ,Προπτυχιακό,1,Διαλέξεις,1,0,,,,Γενικών Γνώσεων,,,Ελληνική,Όχι,,"Με την επιτυχή ολοκλήρωση του μαθήματος, οι φοιτητές θα είναι σε θέση να:
   • κατανοούν τον τρόπο λειτουργίας των Η/Υ,
   • συνειδητοποιούν την αξία των Η/Υ στην επιστήμη του Πολιτικού Μηχανικού,
   • κατανοούν τους κανόνες συγγραφής επιστημονικών κειμένων
   • κάνουν ορθή χρήση και αξιολόγηση του κύρους των πληροφοριών που βρίσκουν στο internet
   • να σέβονται τα πνευματικά δικαιώματα τρίτων","• Αυτόνομη εργασία 
• Λήψη αποφάσεων
• Άσκηση κριτικής και αυτοκριτικής
• Προαγωγή της ελεύθερης, δημιουργικής και επαγωγικής σκέψης","Σύντομη περιγραφή μαθήματος:
Το μάθημα αποσκοπεί στο να δώσει στους φοιτητές κάποιες βασικές γνώσεις για τη δομή των σύγχρονων ηλεκτρονικών υπολογιστών και την χρήση τους ως καθημερινό βοηθό στην επιστήμη τους.  Επίσης προσφέρει μια γνωριμία με τους κανόνες και τις διεθνείς πρακτικές της συγγραφής επιστημονικών κειμένων.","- Περιεχόμενο διαλέξεων:
   o Παρουσίαση ενός Η.Υ. Λειτουργικά Συστήματα. Βασικές εργασίες με τα Windows. 
   o Γρήγορη παρουσίαση του Word. Επεξεργαστής εξισώσεων. 
   o Εισαγωγή πινάκων, εικόνων, σχημάτων και στοίχιση τους. Επικεφαλίδες και δημιουργία πίνακα περιεχομένων
   o Παρουσίαση του Excel. Προγραμματισμός απλών προβλημάτων.
   o Γραφικές παραστάσεις πειραματικών δεδομένων και συναρτήσεων.
   o Επεξεργασία πειραματικών δεδομένων. Ευθύγραμμη παλινδρόμηση και συσχέτιση. Εκθετική και Λογαριθμική συσχέτιση. 
   o Η εντολή IF.  Γραφικές παραστάσεις συναρτήσεων με περισσότερα σκέλη.
   o Λύση προβλημάτων της Γραμμικής Άλγεβρας με τη βοήθεια έτοιμων συναρτήσεων (mdeterm, minverse, mmult).
   o Κανόνες συγγραφής επιστημονικών κειμένων. Δομή μιας επιστημονικής εργασίας.
   o Αναζήτηση βιβλιογραφικών δεδομένων. Αξιόπιστες πηγές. Επιστημονικά περιοδικά.
   o Πνευματικά δικαιώματα και λογοκλοπή. Κανόνες ορθής χρήσης πληροφοριών, εικόνων, σχημάτων από έργα τρίτων.
   o Κανόνες και μέθοδοι συγγραφής αναφορών.",,Στην τάξη (Πρόσωπο με πρόσωπο),"Διαλέξεις με χρήση Η/Υ, διαφάνειες και εφαρμογή σε πραγματικό χρόνο.
Υποστήριξη Μαθησιακής διαδικασίας μέσω ηλεκτρονικής ιστοσελίδας, μέσω της ηλεκτρονικής πλατφόρμας e-learning και ηλεκτρονικής επικοινωνίας με τους φοιτητές (online ανακοινώσεις και σχόλια, email κτλ). ",Διαλέξεις,13,Αυτοτελής Μελέτη,7,,,,,,,20,"Γραπτή τελική εξέταση που περιλαμβάνει:
   • Θεωρητικές ερωτήσεις κρίσης 
   • Επίλυση προβλημάτων-ασκήσεων 

Το παρόν κείμενο περιγραφής του μαθήματος με τα κριτήρια αξιολόγησης είναι προσβάσιμο στους φοιτητές στον οδηγό σπουδών του Τμήματος (ιστοσελίδα Τμήματος) και στην ιστοσελίδα του μαθήματος. Επίσης κοινοποιούνται προφορικά στους φοιτητές κατά την πρώτη διάλεξη. ","Καβουσανός Ε., Εφαρμογές Μαθηματικού Λογισμού - Παρουσίαση με την χρήση του excel, Εκδόσεις Μπένου, 2012, ISBN: 978-960-8249-93-6
Κουϊμτζής Μ., Υπολογιστικές Excel-ίξεις στο έργο του μηχανικού, Εκδόσεις Ζήτη, 2006, ISBN: 960-431-994-9
Βοζίκης Χρήστος, ΠΝΕΥΜΑΤΙΚΑ  ΔΙΚΑΙΩΜΑΤΑ: ΙI. Εκκαθάριση των Ανοικτών Ακαδημαϊκών Μαθημάτων από Πνευματικά Δικαιώματα Τρίτων. Εκδόσεις Τ.Ε.Ι. Κεντρικής Μακεδονίας, 2014, Διεθνής Άδεια Creative Commons: Αναφορά Δημιουργού – Παρόμοια Διανομή 4.0",,
8,ΔΟΜ004,Τεχνική Μηχανική Ι,ΜΗΧΑΝΙΚΩΝ,ΠΟΛΙΤΙΚΩΝ ΜΗΧΑΝΙΚΩΝ,Προπτυχιακό,2,Διαλέξεις,4,5,,,,Επιστημονικής Περιοχής,,,Ελληνική,Όχι,,"Η κατανόηση, εκ μέρους των σπουδαστών, της επίδρασης των δυνάμεων και ροπών στην στατική ισορροπία επίπεδων γραμμικών απαραμόρφωτων φορέων. Η ανάπτυξη στατικού αισθητηρίου σχετικά με την επάρκεια συνδέσμων για την επίτευξη στερεότητας και ισοστατικότητας δικτυωτών φορέων. Η ανάπτυξη ικανότητας υπολογισμού και αξιολόγησης των αξονικών δυνάμεων που αναπτύσσονται στα μέλη των ραβδωτών φορέων και των μετατοπίσεων των κόμβων. ","• Δημιουργία του αναγκαίου υπόβαθρου, ώστε να γίνεται δυνατή η πλήρης κατανόηση των εννοιών και των τεχνικών στατικής επίλυσης δικτυωτών φορέων και υπολογισμού κέντρου βάρους επιφανειών.","• Εισαγωγή στη Μηχανική. Αρχές διανυσματικού λογισμού. Δύναμη και ροπή. Ροπή δύναμης ως προς σημείο και ως προς άξονα. Ζεύγος δυνάμεων. Παράλληλη μεταφορά δύναμης. Αναγωγή συστήματος δυνάμεων. 
• Σύνθεση συντρεχουσών και παραλλήλων δυνάμεων – γραφικός και αναλυτικός υπολογισμός συνισταμένης. Ανάλυση δυνάμεων σε συνιστώσες. Δυνάμεις στο χώρο. 
• Υπολογισμός εμβαδού επιφανειών και καθορισμός κέντρου βάρους απλών και σύνθετων επιφανειών. 
• Συνθήκες ισορροπίας στερεού σώματος. Μηχανισμοί, ισοστατικοί και υπερστατικοί φορείς, βαθμοί ελευθερίας, είδη στήριξης φορέων. 
• Διάγραμμα ελευθέρου σώματος. Υπολογισμός αντιδράσεων φορέων. 
• Δικτυωτοί  φορείς.  Μόρφωση - στοιχεία. Αναλυτική μέθοδος των κόμβων. Η μέθοδος των τομών Ritter. 
• Σύνθετα δικτυώματα. Τριαρθρωτά δικτυώματα. 
• Αρχή των δυνατών έργων. Υπολογισμός μετατοπίσεων κόμβων δικτυωμάτων.",,,Πρόσωπο με πρόσωπο (Στην αίθουσα διδασκαλίας) ,,Διαλέξεις,52,Αυτοτελής Μελέτη,78,,,,,,,130,"1. Ανάθεση εργασιών με στόχο την διερεύνηση της κατανόησης των εννοιών που διδάχθηκαν.
2. Τελική γραπτή εξέταση στο τέλος του εξαμήνου (στην ελληνική γλώσσα). 
3. Δίνεται η δυνατότητα σε κάθε φοιτητή να ελέγξει το γραπτό του και να του αναλυθούν τα λάθη του.","http://users.teilar.gr/~p.lokkas/Stat.pdf
Βαρδουλάκη Ι., Γιαννακόπουλου Α. «Τεχνική Μηχανική Ι», Εκδόσεις Συμμετρία 2004.
Ν. Αραποστάθη, Δ. Αραποστάθη. «Τεχνική Μηχανική – Μηχανική Ι», Εκδόσεις Ίων, 2007.
Π. Βουθούνη. «Μηχανική Απαραμόρφωτου Στερεού», Εκδόσεις Α. Βουθούνη, 2017.
Beer F., Johnston E.R., Mazurek D., «Στατική – Τεχνική Μηχανική», Εκδόσεις Τζιόλα, 2018
Θ. Γεωργόπουλου, «Στατική του απαραμόρφωτου σώματος», Έκδοση Π. Γεωργόπουλος, 2018.
Hassan Al Nageim, «Structural Mechanics: Loads, Analysis, Design and Materials», Prentice Hall, 2003.
R. Hulse, «Structural Mechanics», Red Globe Press, 2000.
Hulse, R. Cain, J., «Structural Mechanics», Macmillan, 1994.",,
9,ΓΕΝ005,Πιθανότητες και Στατιστική,ΜΗΧΑΝΙΚΩΝ,ΠΟΛΙΤΙΚΩΝ ΜΗΧΑΝΙΚΩΝ,Προπτυχιακό,2,Διαλέξεις,3,4,,,,Γενικού Υποβάθρου,,Απειροστικός Λογισμός Ι,Ελληνική,"Πιθανόν, εάν υπάρξει ενδιαφέρον",,"Μετά την επιτυχή ολοκλήρωση του μαθήματος ο φοιτητής θα πρέπει να μπορεί να χρησιμοποιεί:
   1. την Συνδυαστική ανάλυση,
   2. την θεωρία Πιθανοτήτων,
   3. την βασική απογραφική Στατιστική,
   4. τις βασικές Συναρτήσεις Κατανομής, 
   5. τις βασικές εφαρμογές τους σε θέματα Εκτιμητικής,  και
   6. την Παλινδρόμηση – Συσχέτιση,
δυνάμενος να τα εφαρμόσει στην Επιστήμη του Πολιτικού Μηχανικού, αλλά και γενικότερα στην περεταίρω ανάπτυξη της κριτικής και δημιουργικής σκέψης.","• Κατανόηση και εμπέδωση των βασικών Μαθηματικών εννοιών και
• χρήση τους σε βασικά προβλήματα της Επιστήμης του Πολιτικού Μηχανικού και ιδιαίτερα σε θέματα Τεχνικής Μηχανικής.","Περιεχόμενα διαλέξεων ανά εβδομάδα μαθημάτων
1η. Συνδυαστική Ανάλυση (Μεταθέσεις, Επαναληπτικές Μεταθέσεις, Συνδυασμοί, Διατάξεις, Επαναληπτικές Διατάξεις, Επαναληπτικοί Συνδυασμοί).  Η αρχή της Απαρίθμησης. Παραδείγματα.
2η. Βασικές έννοιες της Στατιστικής (Τυχαία Μεταβλητή, Πληθυσμός, Δείγμα).  Μέθοδοι και Οργάνωση Δειγματοληψίας.  Το Ερωτηματολόγιο.
3η. Απογραφική Στατιστική. Κλάσεις – Συχνότητες – Αθροιστική και Σχετική Συχνότητα.  Στατιστικοί Πίνακες και Γραφήματα.
4η. Παράμετροι Κεντρικής Τάσης (Αριθμητικός – Γεωμετρικός – Αρμονικός μέσος, Επικρατούσα Τιμή και Διάμεσος. Ιδιότητες.  Παράμετροι Διασποράς (Διακύμανση και Τυπική Απόκλιση). Οι ίδιες παράμετροι σε δεδομένα δοσμένα σε Κλάσεις. Μετασχηματισμοί και ιδιότητές τους. Ο μετασχηματισμός Ζ.
5η. Πιθανότητες (Πείραμα τύχης, Δειγματοχώρος, Απλό Ενδεχόμενο, Ενδεχόμενο). Υπενθυμίσεις από τη Θεωρία Συνόλων, Διαγράμματα του Venn, αποδείξεις ιδιοτήτων. Η έννοια της Πιθανότητας και ιδιότητες της.
6η.  Ασκήσεις Πιθανοτήτων.  Πιθανότητες υπό Συνθήκη.  Ιδιότητες.  Το Θεώρημα του Bayes.
7η – 8η.  Συναρτήσεις Κατανομής Πιθανότητας σε Διακριτές Τυχαίες Μεταβλητές (Ορισμοί, Συμβολισμοί, Μαθηματική Ελπίδα – Διακύμανση και ιδιότητές τους, Αθροιστική Πιθανότητα).  Διωνυμική Κατανομή.  Κατανομή Poisson.   Παραδείγματα.
Συναρτήσεις Κατανομής σε Συνεχείς Τυχαίες Μεταβλητές (Ορισμοί, Συμβολισμοί, Μαθηματική Ελπίδα – Διακύμανση και ιδιότητές τους).   Η Ομοιόμορφη Κατανομή.
9η. Πολυωνυμικές και Εκθετικές Συναρτήσεις Κατανομής Πιθανότητας.  Η Κανονική Κατανομή και η Τυπική Κανονική Κατανομή.  Παραδείγματα.
10η – 11η. Η Κατανομή του Student (t-Κατανομή).  
Εκτιμητική (Κατανομές Δειγματοληψίας για τον Μέσο Όρο, για Διαφορές Μέσων Όρων και για  Αναλογίες.
Κεντρικό Οριακό Θεώρημα (Κ.Ο.Θ.).  Διαστήματα Εμπιστοσύνης για τον Μέσο Όρο. 
12η. Διαστήματα Εμπιστοσύνης για τη Διαφορά των Μέσων Όρων.  
Παλινδρόμηση (Ευθύγραμμη, Εκθετική και Λογαριθμική) και Συσχέτιση.
13η. Βασικές Έννοιες Χρονολογικών Σειρών  (Ορισμός, Πίνακες και Γραφικές Παραστάσεις, Κινητοί Μέσοι, Κεντρική Τάση – Περιοδικότητα – Τυχαίοι Παράγοντες).",,,Στην αίθουσα διδασκαλίας,"Χρήση φορητού Η.Υ και βιντεοπροβολέα, και Παραδείγματα στον πίνακα με τη χρήση Excel και Matlab/Octave. Υποστήριξη της διδακτικής διαδικασίας μέσω ηλεκτρονικής ιστοσελίδας.  Επικοινωνία μέσω e-mail και στο γραφείο, στις ώρες επικοινωνίας με φοιτητές-τριες.  Σε ακραίες περιπτώσεις (φοιτητές που δεν διαμένουν πλέον στις Σέρρες) εφαρμόζεται η επαφή για επίλυση αποριών ή άλλων ζητημάτων μέσω skype.",Διαλέξεις Θεωρίας,39,Αυτοτελής Μελέτη,,Ασκήσεις - εργασίες ,,,,,,104,"• Γραπτή τελική εξέταση που περιλαμβάνει:
   o Θεωρητικές ερωτήσεις κατανόησης και κρίσης (30-40 % του τελικού βαθμού)
   o Επίλυση ασκήσεων (60-70 % του τελικού βαθμού)
Τα κριτήρια αξιολόγησης (δηλαδή το πόσο μετρούν τα αριθμητικά λάθη, τα λάθη ελλιπούς γνώσης και τα λάθη κατανόησης  γνωστοποιούνται στους φοιτητές από την πρώτη διάλεξη και επαναλαμβάνονται διαρκώς με τη βοήθεια παραδειγμάτων. Επίσης είναι επιθυμητή η παροχή εξηγήσεων πάνω στα λάθη του γραπτού. ","Ζαφειρόπουλος Κωνσταντίνος, Εισαγωγή στη Στατιστική και τις Πιθανότητες (2η έκδοση), Εκδόσεις Κριτική, Θεσσαλονίκη 2017, ISBN: 9789605861476, Κωδικός στον Εύδοξο: 59368069
Χαλικιάς Ιωάννης, Στατιστική: Μέθοδοι Ανάλυσης για Επιχειρηματικές Αποφάσεις (4η έκδοση), Εκδόσεις Rosili, Αθήνα 2017, ISBN 978-618-5131-20-3, Κωδικός στον Εύδοξο: 59377478
Ζαφειρόπουλος Κ., Μυλωνάς Ν., Στατιστική με SPSS, Εκδόσεις Τζιόλας, Θεσσαλονίκη 2017, ISBN 9789604186808
Παπαϊωάννου Σταύρος,  Σημειώσεις,  Ηλεκτρονική Διεύθυνση: http://pde.teiser.gr/papaioannou/stoixia_pithanotiton_statistikis.asp",,
10,ΓΕΝ004,Απειροστικός Λογισμός ΙΙ,ΜΗΧΑΝΙΚΩΝ,ΠΟΛΙΤΙΚΩΝ ΜΗΧΑΝΙΚΩΝ,Προπτυχιακό,2,Διαλέξεις,4,5,,,,Γενικού Υποβάθρου,,"1. Απειροστικός Λογισμός Ι
2. Γραμμική Άλγεβρα και Αναλυτική Γεωμετρία",Ελληνική,"Πιθανόν, εάν υπάρξει ενδιαφέρον",,"Μετά την επιτυχή ολοκλήρωση του μαθήματος ο φοιτητής θα πρέπει να μπορεί να αντιλαμβάνεται και να χρησιμοποιεί:
   1. τις συναρτήσεις περισσοτέρων μεταβλητών και να αναγνωρίζει τις γραφικές τους παραστάσεις,
   2. τις έννοιες της μερικής παραγώγου και του ολικού διαφορικού,
   3. την λύση διπλών και τριπλών ολοκληρωμάτων,
   4. τις βασικές έννοιες της Διαφορικής Γεωμετρίας,
   5. τα επικαμπύλια και τα επιφανειακά ολοκληρώματα,
   6. τις εφαρμογές τους σε θέματα της Μηχανικής,
στην Επιστήμη του Πολιτικού Μηχανικού, αλλά και γενικότερα στην περεταίρω ανάπτυξη της κριτικής και δημιουργικής σκέψης.","• Κατανόηση και εμπέδωση των βασικών Μαθηματικών εννοιών και
• χρήση τους σε βασικά προβλήματα της Επιστήμης του Πολιτικού Μηχανικού και ιδιαίτερα σε θέματα Τεχνικής Μηχανικής.","Περιεχόμενα διαλέξεων ανά εβδομάδα μαθημάτων
1η. Εισαγωγή της έννοιας των συναρτήσεων δύο πραγματικών μεταβλητών. Παραδείγματα γραφικών παραστάσεων.  Σφαίρα, Ελλειψοειδές, Παραβολοειδές, Κώνος, τομές επιφανειών και επιπέδων.  Πεδίο Ορισμού και ορισμός της συνέχειας της z=f(x,y).
2η. Η έννοια της μερικής παραγώγου, φυσική και γεωμετρική ερμηνεία. Τύποι και θεωρήματα των μερικών παραγώγων. Η έννοια του Ολικού Διαφορικού. Μερικές παράγωγοι ανώτερης τάξης. 
3η. Μελέτη Ακρότατων. Το πρόβλημα της ευθείας ελαχίστων τετραγώνων.  Ακρότατα υπό συνθήκες. 
4η. Διπλά ολοκληρώματα, φυσική και γεωμετρική ερμηνεία τους, ιδιότητες και τρόπος υπολογισμού.  Είδη τόπων ολοκλήρωσης. Εφαρμογές.
5η. Διπλά ολοκληρώματα. Αλλαγή μεταβλητών. Πολικές συντεταγμένες.  Γενίκευση του προβλήματος της αλλαγής μεταβλητών. Ροπή αδρανείας μιας επίπεδης επιφάνειας. 
6η.  Τριπλά ολοκληρώματα.  Φυσική ερμηνεία τους.  Ιδιότητες και μέθοδος υπολογισμού.
7η - 8η - 9η. Βασικές γνώσεις Διανυσματικής Ανάλυσης: Βαθμωτά (αριθμητικά) και Διανυσματικά Πεδία.  Διανυσματικές συναρτήσεις. Παράγωγος Διανυσματικής Συνάρτησης.  Γωνιακή ταχύτητα. Ομαλή κυκλική κίνηση. Μήκος τόξου καμπύλης. Παράγωγος της z=f(x,y) σε δοσμένη κατεύθυνση. Ολοκλήρωση Διανυσματικών Συναρτήσεων. Κλίση βαθμωτών πεδίων.  Απόκλιση και Στροφή Διανυσματικών πεδίων.
10η - 11η. Επικαμπύλια Ολοκληρώματα (Ορισμός, Ιδιότητες και μέθοδος υπολογισμού).  Επικαμπύλια  Ολοκληρώματα ανεξάρτητα από τον δρόμο ολοκλήρωσης.  Δυναμικό συντηρητικού πεδίου.
12η. Επιφανειακά Ολοκληρώματα (Ορισμός, Ιδιότητες και μέθοδος υπολογισμού).
13η. Θεωρήματα του Stokes και Ostrogradsky.",,,Στην αίθουσα διδασκαλίας,"Χρήση φορητού Η.Υ και βιντεοπροβολέα, και Παραδείγματα στον πίνακα με τη χρήση Excel και Matlab/Octave. Υποστήριξη της διδακτικής διαδικασίας μέσω ηλεκτρονικής ιστοσελίδας.  Επικοινωνία μέσω e-mail και στο γραφείο, στις ώρες επικοινωνίας με φοιτητές-τριες.  Σε ακραίες περιπτώσεις (φοιτητές που δεν διαμένουν πλέον στις Σέρρες) εφαρμόζεται η επαφή για επίλυση αποριών ή άλλων ζητημάτων μέσω skype.",Διαλέξεις Θεωρίας,52,Αυτοτελής Μελέτη,,Ασκήσεις - εργασίες ,,,,,,130,"• Γραπτή τελική εξέταση που περιλαμβάνει:
   o Θεωρητικές ερωτήσεις κατανόησης και κρίσης (30-40 % του τελικού βαθμού)
   o Επίλυση ασκήσεων (60-70 % του τελικού βαθμού)
Τα κριτήρια αξιολόγησης (δηλαδή το πόσο μετρούν τα αριθμητικά λάθη, τα λάθη ελλιπούς γνώσης και τα λάθη κατανόησης  γνωστοποιούνται στους φοιτητές από την πρώτη διάλεξη και επαναλαμβάνονται διαρκώς με τη βοήθεια παραδειγμάτων. Επίσης είναι επιθυμητή η παροχή εξηγήσεων πάνω στα λάθη του γραπτού. ","Τερζίδης Χαράλαμπος, Λογισμός Συναρτήσεων πολλών Μεταβλητών & Διαφορικές Εξισώσεις, Εκδόσεις Ανικούλα, Θεσσαλονίκη 2006 ISBN: 9789605160319
Hass J., Heil C., Weir M.D., Απειροστικός Λογισμός, Πανεπιστημιακές Εκδόσεις Κρήτης, Κρήτη 2015, ISBN 978-960-524-515-3, Κωδικός στον Εύδοξο: 77107082
Μπράτσος Αθανάσιος, Μαθήματα Ανώτερων Μαθηματικών, ISBN 978-960-603-030-7, [ηλεκτρ. βιβλ.] Αθήνα: Σύνδεσμος Ελληνικών Ακαδημαϊκών Βιβλιοθηκών, Ηλεκτρονική Διεύθυνση: https://repository.kallipos.gr/handle/11419/424
Παπαϊωάννου Σταύρος,  Σημειώσεις,  Ηλεκτρονική Διεύθυνση: http://pde.teiser.gr/papaioannou/Mathimatika_2.asp",,
11,ΣΥΓ002,Γεωδαισία ΙΙ,ΜΗΧΑΝΙΚΩΝ,ΠΟΛΙΤΙΚΩΝ ΜΗΧΑΝΙΚΩΝ,Προπτυχιακό,2,Διαλέξεις και Εργαστηριακές Ασκήσεις,5,5,,,,Επιστημονικής Περιοχής,,,Ελληνική,Όχι,https://elearning.cm.ihu.gr,"Με την επιτυχή ολοκλήρωση του μαθήματος ο φοιτητής/τρια θα είναι σε θέση να:
• Έχει βασικές γνώσεις για τα συστήματα αναφοράς και τους μετασχηματισμούς συντεταγμένων, ενώ είναι σε θέση να ανάγει βασικά τοπογραφικά μεγέθη σε διάφορες επιφάνειες αναφοράς.
• Μπορεί να πραγματοποιήσει τοπογραφικές μετρήσεις κατασκευάζοντας πολυγωνομετρικές οδεύσεις, να υπολογίζει συντεταγμένες σημείων λεπτομέρειας εφαρμόζοντας τις μεθόδους της εμπροσθοτομίας, της οπισθοτομίας, του προβλήματος Hansen κ.ά. 
• Γνωρίζει και είναι σε θέση να εφαρμόσει διάφορες υψομετρικές μεθόδους όπως: απλή γεωμετρική χωροστάθμηση, τριγωνομετρική υψομετρία, τριγωνομετρική υψομετρία ακριβείας κ.ά. 
• Μπορεί να σχεδιάζει τοπογραφικά διαγράμματα και να χαράσσει σημεία στο πεδίο.","• Αυτόνομη εργασία
• Ομαδική εργασία
• Αναζήτηση, ανάλυση και σύνθεση δεδομένων και πληροφοριών, με τη χρήση και των απαραίτητων τεχνολογιών
• Προσαρμογή σε νέες καταστάσεις
• Σχεδιασμός και διαχείριση έργων
• Σεβασμός στο φυσικό περιβάλλον
• Εφαρμογή της γνώσης στην πράξη
• Λήψη αποφάσεων
• Άσκηση κριτικής και αυτοκριτικής
• Προαγωγή της ελεύθερης, δημιουργικής και επαγωγικής σκέψης 
• Σεβασμός στη διαφορετικότητα και στην πολυπολιτισμικότητα
• Επίδειξη κοινωνικής, επαγγελματικής και ηθικής υπευθυνότητας και ευαισθησίας σε θέματα φύλου","Ο τοπογραφικός χώρος και η απεικόνισή του. Συστήματα αναφοράς. Μετασχηματισμοί συντεταγμένων. Αναγωγή τοπογραφικών μεγεθών σε διάφορες επιφάνειες αναφοράς. Προσδιορισμοί τοπογραφικών σημείων αναφοράς. Πολυγωνικές Οδεύσεις (ανοιχτές, κλειστές, εξαρτημένες, ανεξάρτητες). Προσδιορισμός τοπογραφικών σημείων με τομές, Αλληλοτομίες: Εμπροσθοτομία, Οπισθοτομία, Καταβιβασμός Σημείου, Πρόβλημα Hansen κ.ά. Αποτύπωση σημείων λεπτομερειών. Γεωμετρική Χωροστάθμηση. Τριγωνομετρική Υψομετρία. Τριγωνομετρική Υψομετρία Ακριβείας. Χάραξη Σημείων. Χάραξη Ευθυγραμμιών. Τοπογραφικά διαγράμματα. Σύνταξη Τοπογραφικού Διαγράμματος.",,,"Πρόσωπο με πρόσωπο (στην Αίθουσα Διδασκαλίας)
Δυνατότητα για εξ αποστάσεως εκπαίδευση εάν απαιτηθεί.","Χρήση Η/Υ στην αίθουσα κατά τη διάρκεια των διαλέξεων.
Υποστήριξη Μαθησιακής διαδικασίας μέσω της ηλεκτρονικής πλατφόρμας e‐learning, με αναρτήσεις εκπαιδευτικού υλικού σε ηλεκτρονική μορφή και αλληλεπίδραση με τους φοιτητές.
Ηλεκτρονική επικοινωνία με τους φοιτητές (online ανακοινώσεις, email, forum στην πλατφόρμα elearning κτλ).",Διαλέξεις Θεωρίας,39,Εργαστηριακές Ασκήσεις,26,Εκπόνηση Εργασιών,26,Αυτοτελής Μελέτη,39,,,130,"Συμπερασματική Αξιολόγηση

• Εργαστηριακή Άσκηση
• Προφορική Εξέταση
• Γραπτή τελική εξέταση που περιλαμβάνει:
    o Θεωρητικές ερωτήσεις κατανόησης και κρίσης
    o Επίλυση προβλημάτων – ασκήσεων

Το παρόν κείμενο περιγραφής του μαθήματος με τα κριτήρια αξιολόγησης είναι προσβάσιμο στους φοιτητές στον οδηγό σπουδών του Τμήματος (ιστοσελίδα Τμήματος) και στην ιστοσελίδα του μαθήματος
","Εφαρμοσμένη Γεωδαισία, Λάμπρου Ε., Πανταζής Γ., Εκδόσεις Ζήτη 
Μαθήματα Γεωδαισίας, 2η Έκδοση, Γεωργόπουλος Γ, Εκδόσεις Τζιόλα
Γεωδαισία ΙΙ: Τοπογραφικές Αποτυπώσεις -Χαράξεις, Σαββαϊδης Π., Υφαντής Ι., Δούκας Ι., Εκδόσεις Κυριακίδη
Εφαρμοσμένη Τοπογραφία, Τόμος Β’, 2η Έκδοση, Παναγιωτόπουλος Ε., Καριώτης Γ., Συμεωνίδης Π., Εκδόσεις Δίσιγμα",,
12,ΔΟΜ003,Οικοδομικό Σχέδιο με Η/Υ,ΜΗΧΑΝΙΚΩΝ,ΠΟΛΙΤΙΚΩΝ ΜΗΧΑΝΙΚΩΝ,Προπτυχιακό,2,"Διαλέξεις, Ασκήσεις Πράξης και Εργαστηριακές Ασκήσεις",4,4,,,,Επιστημονικής Περιοχής,,,Ελληνική,Όχι,https://elearning.cm.ihu.gr,"Με την επιτυχή ολοκλήρωση του μαθήματος οι φοιτητές θα είναι σε θέση:
•  να δημιουργούν με το συγκεκριμένο λογισμικό πλήρη δισδιάσταστα σχέδια κτιρίων (κατόψεις, τομές, όψεις) και  διαμορφώσεις υπαίθριου χώρου σε οικόπεδο.
• να τοποθετούν την κατασκευαστική πληροφορία που συνοδεύει την κλίμακα 1/50 στα κτίρια, τα απαραίτητα σύμβολα και κάθε είδους σχετική κωδικοποίηση με τα σχέδια εφαρμογής.
• να οργανώνουν πινακίδες και φακέλους σχεδίων.
• να εκτυπώνουν τα ζητούμενα σχέδια υπό κλίμακα.
• να επικοινωνούν σχεδιαστική πληροφορία μεταξύ άλλων εφαρμογών.
• να μπορεί να κάνει τη μετάβαση σε λογισμικά παρόμοιας δομής και να ενημερώνεται με ευχέρεια στις αναβαθμισμένες εκδόσεις τους.
","Το μάθημα συμβάλει στην απόκτηση των παρακάτω ικανοτήτων:
• Αναζήτηση, ανάλυση και σύνθεση δεδομένων και πληροφοριών, με τη χρήση και των απαραίτητων τεχνολογιών 
• Προσαρμογή σε νέες καταστάσεις 
• Λήψη αποφάσεων 
• Αυτόνομη εργασία 
• Ομαδική εργασία 
• Εργασία σε διεθνές περιβάλλον 
• Εργασία σε διεπιστημονικό περιβάλλον 
• Παράγωγή νέων ερευνητικών ιδεών
• Άσκηση κριτικής και αυτοκριτικής 
• Προαγωγή της ελεύθερης, δημιουργικής και επαγωγικής σκέψης","Το μάθημα στοχεύει  στην εκμάθηση αρχιτεκτονικού και οικοδομικού σχεδίου με ψηφιακά λογισμικά σχεδιασμού. Το βασικό λογισμικό θα είναι το AutoCAD (Autodesk). Με τα λογισμικά αυτά δίνεται η δυνατότητα για ακριβή σχεδίαση, για ταχείες αλλαγές και μετατροπές των αντικειμένων σχεδιασμού, για αποτελεσματικότερη οργάνωση των φακέλων σχεδίων καθώς και για επικοινωνία μεταξύ διαφορετικών εφαρμογών και προγραμμάτων που χρησιμοποιούνται από τους μηχανικούς. Στόχος είναι η γεωμετρική και κατασκευαστική πληροφορία για κάθε έργο να είναι εύκολα προσβάσιμη και διαχειρίσιμη μεταξύ των συνεργαζόμενων μηχανικών και φορέων που σχετίζονται με το έργο.
Οι φοιτητές καλούνται να εδραιώσουν τις απαραίτητες γνώσεις για τον ψηφιακό σχεδιασμό των έργων, να καλλιεργήσουν τις σχεδιαστικές δεξιότητες στο συγκεκριμένο λογισμικό, να αντιληφθούν τις διαστάσεις στην επικοινωνία μεταξύ διαφορετικών χρηστών καθώς και τις δυνατότητες στη διασύνδεση των δεδομένων για κάθε έργο και τις εφαρμογές της.
Το μάθημα δεν αποτελεί εκμάθηση αποκλειστικά ενός λογισμικού αλλά επιχειρεί να εισάγει μέσω αυτού τη φιλοσοφία χρήσης των σχεδιαστικών λογισμικών γενικότερα, ώστε  οι φοιτητές να είναι σε θέση να μεταβούν σε και σε άλλα λογισμικά και να παρακολουθούν τις εκάστοτε αναβαθμίσεις τους."," - Δομή μαθήματος θεωρίας – διαλέξεων:
• Εισαγωγή στο AutoCAD – Εξέλιξη, τρέχουσα έκδοση. Μέθοδοι αποθήκευσης (.dwg, .dxf, dwt). Περιβάλλον σχεδιασμού. Toolbars, Command Line, Palettes. Format Menu.
• Συντεταγμένες. Εντολές δημιουργίας αντικειμένων (draw), μετατροπής (modify), βοηθοί σχεδιασμού.
• Διαγραμμίσεις, κείμενα, blocks, διαστάσεις
• Insert Menu, επικοινωνία και ανταλλαγή με άλλες εφαρμογές, drawing utilities, templates.
• Εντολές παραμετρικής σχεδίασης, εφαρμογή σε χαράξεις εξωτερικού χώρου.
• Εκτυπώσεις.
• Ανάλυση δομής κτιριακού έργου. Θεμελίωση, πλάκες, υποστηλώματα, δοκοί.Τοιχοποιίες, κουφώματα, δώματα, στέγες, εξώστες, στηθαία, κιγκλιδώματα, κλίμακες επικοινωνίας. 
• Σχεδιασμός τοπογραφικού, διαμόρφωση υπαίθριων χώρων, συμβολισμοί, υπομνήματα
• Κωδικοποίηση σχεδίων, οργάνωση μελέτης και φακέλου σχεδίων.","- Δομή μαθήματος Εργαστηρίου:
Το μάθημα αρθρώνεται γύρω από την εκπόνηση τριών ατομικών εργασιών, οι οποίες κυρίως δουλεύονται στους χώρους διδασκαλίας του Εργαστηρίου, την ώρα του μαθήματος, παρουσία του διδάσκοντα:  
Εργασία 1η: Σχεδίαση επίπλων κατοικίας. 
Εργασία 2η: Σχεδίαση ισόγειας κατοικίας: κάτοψη ισογείου, κάτοψη δώματος, τομές, όψεις. Πληροφορία σε κλίμακα 1/50.
Εργασία 3η: 
   • Σχεδίαση διώροφης κατοικίας σε οικόπεδο: διαμόρφωση οικοπέδου, κατόψεις ισογείου/ορόφου/στέγης-δώματος, τομές, όψεις.  
   • Εκτυπώσεις πινακίδων με τα σχέδια, κλίμακες 1/100, 1/50.
Οι εργασίες, προκειμένου να ολοκληρωθούν θα πρέπει να δουλεύονται και επιπλέον των ωρών των μαθημάτων.  Στο μάθημα του εραστηρίου τηρούνται υποχρεωτικά παρουσίες. Οι χώροι του Εργαστηρίου Η/Υ είναι διαθέσιμοι για τους φοιτητές, είτε για εξάσκηση, είτε για την υποστήριξη εκπόνησης των εργασιών. ",Στην τάξη (πρόσωπο με πρόσωπο),"Παρουσίαση διαλέξεων με χρήση Η/Υ,  εκμάθηση και χρήση εξειδικευμένου λογισμικού κατά τη διεξαγωγή του μαθήματος, υποστήριξη μαθησιακής διαδικασίας μέσω της ηλεκτρονικής πλατφόρμας e-learning.",Διαλέξεις Θεωρίας,13,Εργαστηριακές Ασκήσεις,39,Ατομική εργασία,28,Αυτοτελής Μελέτη,20,,,100,"1. Γραπτή εξέταση που περιλαμβάνει:
   • Ερωτήσεις θεωρίας επάνω σε δεδομένα σχέδια
   • Σχεδιαστική απόδοση κτιρίου σε ψηφιακή μορφή από σχεδιασμένο παράδειγμα.  
Συμμετοχή 80% στο συνολικό βαθμό

2. Παράδοση των τριών εργασιών που εκπονήθηκαν κατά τη διάρκεια του εξαμήνου σε ψηφιακή και σε έντυπη μορφή (εκτυπώσεις.)
Συμμετοχή 20% στο συνολικό βαθμό
","Μαλικούτη, Στ., Μαρκοπούλου, Ν., «ΑΡΧΙΤΕΚΤΟΝΙΚΟ ΣΧΕΔΙΟ: μεθοδολογία κατά τη σχεδίαση στην κλίμακα 1:50», Σύγχρονη Εκδοτική, Αθήνα, 2017.
Omura, G., Benton, B.C., “Mastering AutoCAD 2019 and AutoCAD LT 2019”, Sybex, 1st edition, 2018.
Κάππος, Ι., «Δουλέψτε με το AutoCAD 2017», Κλειδάριθμος, Αθήνα, 2017.
Κάππος, Ι., «Εισαγωγή στο AutoCAD 2010», Κλειδάριθμος, Αθήνα, 2010.
Τζουβαδάκης, Ι, Γούσης, Χ., «2d & 3d σχέδιο στο AutoCAD», Συμμετρία, Αθήνα, 2007.
Βενέρης, Ι., «ΠΛΗΡΟΦΟΡΙΚΗ ΚΑΙ ΑΡΧΙΤΕΚΤΟΝΙΚΗ: Έννοιες και Τεχνολογίες», Τζιόλας, Θεσσαλονίκη, 2011. 
Κουρνιάτης, Ν., «Τεχνικές αναπαράστασης με γεωμετρικές μεθόδους και σύγχρονα ψηφιακά μέσα», Τζιόλας, Θεσσαλονίκη, 2018.",,
13,ΓΕΝ006,Προγραμματισμός Η/Υ,ΜΗΧΑΝΙΚΩΝ,ΠΟΛΙΤΙΚΩΝ ΜΗΧΑΝΙΚΩΝ,Προπτυχιακό,2,"Διαλέξεις, Ασκήσεις Πράξης και Εργαστηριακές Ασκήσεις",3,3,,,,Γενικών Γνώσεων,,,Ελληνική,Όχι,,"Με την επιτυχή ολοκλήρωση του μαθήματος, οι φοιτητές θα είναι σε θέση να:
• κατανοούν τον τρόπο λειτουργίας των Η/Υ,
• γνωρίζουν τις βασικές αρχές βασικές αρχές του προγραμματισμού,
• συνειδητοποιούν την αξία των Η/Υ στην επιστήμη του Πολιτικού Μηχανικού,
• δομούν μικρά προγράμματα για εφαρμογές μηχανικού, και
• υπολογίζουν μέσω προγραμματισμού Η/Υ αριθμητικά προβλήματα της επιστήμης του Πολιτικού Μηχανικού.
","• Αυτόνομη εργασία 
• Ομαδική εργασία
• Λήψη αποφάσεων
• Άσκηση κριτικής και αυτοκριτικής
• Προαγωγή της ελεύθερης, δημιουργικής και επαγωγικής σκέψης","o Εισαγωγικά περί Προγραμματισμού. Αλγόριθμοι και λογικά Διαγράμματα. Περιβάλλον Matlab (Octave). Γραμμή εντολών. Σταθερές, μεταβλητές, πίνακες, συναρτήσεις βιβλιοθήκης. 
o Αριθμητικές Πράξεις με απλές μεταβλητές και πίνακες. Εντολές και αρχεία βοήθειας.
o Συγγραφή προγράμματος. Αρχεία .m. Εντολές εισόδου, εξόδου, input, disp, fprintf. Συναρτήσεις χρήστη τύπου inline. Εκτέλεση προγράμματος. Αποσφαλμάτωση.
o Εντολές απόφασης (if, switch). 
o Εντολές επανάληψης (for, while). Μετρητές, αθροιστές. Δείκτες πίνακα.
o Γραφικές παραστάσεις. Εντολές Plot, figure, hold, axis, xlabel, ylabel, title, plot3. 
o Γραφήματα 3D (meshgrid, mesh, surf, contour)
o Συναρτήσεις χρήστη τύπου function. Κλήση συναρτήσεων. Αναδρομή
o Αρχεία δεδομένων, ανάγνωση, εγγραφή. 
o Το συμβολικό πακέτο. Συμβολικές μεταβλητές, συναρτήσεις, ρίζες, παράγωγοι, ολοκληρώματα, διαφορικές.
o Μοντελοποίηση δεδομένων: Προσαρμογής καμπύλης σε δεδομένα, Προσαρμογή καμπύλης στο Matlab",,,Στην τάξη (Πρόσωπο με πρόσωπο),"Το μάθημα διεξάγεται σε αίθουσα με Η/Υ με ατομικές θέσεις εργασίας για κάθε φοιτητή. Χρήση του πακέτου Octave (Matlab clone) με άδεια ανοικτού λογισμικού GNU.
Υποστήριξη Μαθησιακής διαδικασίας μέσω ηλεκτρονικής ιστοσελίδας, μέσω της ηλεκτρονικής πλατφόρμας e-learning και ηλεκτρονικής επικοινωνίας με τους φοιτητές (online ανακοινώσεις και σχόλια, email κτλ). ",Διαλέξεις Θεωρίας,13,Εργαστηριακές ασκήσεις,26,Αυτοτελής Μελέτη,39,,,,,78,"Γλώσσα Αξιολόγησης: Ελληνική
• Γραπτή τελική εξέταση (50% του τελικού βαθμού) που περιλαμβάνει:
   o Θεωρητικές ερωτήσεις κρίσης 
   o Επίλυση προβλημάτων-ασκήσεων 
• Γραπτή ομαδική (2/3 φοιτητών) εργασία (30% του τελικού βαθμού
• Ατομική εργαστηριακή εργασία κατά την διάρκεια του μαθήματος (20% του τελικού βαθμού)
Το παρόν κείμενο περιγραφής του μαθήματος με τα κριτήρια αξιολόγησης είναι προσβάσιμο στους φοιτητές στον οδηγό σπουδών του Τμήματος (ιστοσελίδα Τμήματος) και στην ιστοσελίδα του μαθήματος. Επίσης κοινοποιούνται προφορικά στους φοιτητές κατά την πρώτη διάλεξη. 
","Γραββάνης Γιώργος, Γιαννουτάκης Κωνσταντίνος, Προγραμματισμός με τη Χρήση Matlab, Εκδόσεις Α. ΠΑΠΑΣΩΤΗΡΙΟΥ & ΣΙΑ ΟΕ, 2012,  ISBN: 978-960-491-057-1 
Stormy Attaway, Matlab: Μια πρακτική εισαγωγή στον προγραμματισμό και την επίλυση προβλημάτων, Εκδόσεις Κλειδάριθμος ΕΠΕ, 2016,  ISBN: 978-960-461-663-3 
Musto J., Howard W., Williams R., Υπολογιστική Μηχανική με Matlab και Excel, Εκδόσεις Τζιόλα, 2015, ISBN: 978-960-418-504-7",,
14,ΔΟΜ005,Τεχνολογία Δομικών Υλικών ΙΙ,ΜΗΧΑΝΙΚΩΝ,ΠΟΛΙΤΙΚΩΝ ΜΗΧΑΝΙΚΩΝ,Προπτυχιακό,2,Διαλέξεις και Εργαστηριακές Ασκήσεις,4,4,,,,Επιστημονικής Περιοχής,,Τεχνολογία Δομικών Υλικών Ι,Ελληνική,Όχι,,Μετά την επιτυχή ολοκλήρωση του μαθήματος οι φοιτητές θα είναι σε θέση να γνωρίζουν σε βάθος τις ιδιότητες σκυροδέματος και χαλύβων οπλισμού και να εφαρμόζουν τους κανονισμούς και κριτήρια συμμόρφωσης  σκυροδέματος και χαλύβων οπλισμού σκυροδέματος. ,"• Αυτόνομη εργασία 
• Ομαδική εργασία
• Λήψη αποφάσεων
• Άσκηση κριτικής και αυτοκριτικής
• Προαγωγή της ελεύθερης, δημιουργικής και επαγωγικής σκέψης","• Σκυρόδεμα: Α’ ύλες, πρόσθετα και πρόσμικτα. Μελέτη σύνθεσης-Κοκκομετρικές καμπύλες.
• Νωπό σκυρόδεμα: Ιδιότητες, Μεταφορά, Διάστρωση, Συντήρηση, Λήψη δοκιμίων. Σκυροδέτηση σε ειδικές συνθήκες.
• Σκληρυμένο σκυρόδεμα: Μικροδομή. Αντοχές, Σταθερότητα όγκου. Ανθεκτικότητα. Κριτήρια συμμόρφωσης και  Αποδοχή φορτίου ή παρτίδας σκυροδέματος. 
• Ειδικά Σκυροδέματα: Αυτοσυμπυκνούμενο, Υψηλής αντοχής, Ινοπλισμένο, Εκτοξευόμενο.
• Χάλυβες οπλισμού σκυροδέματος: Μέθοδοι παραγωγής, ονοματολογία, Λειτουργικές ιδιότητες και τεχνικά χαρακτηριστικά. Διάβρωση. Συγκολλήσεις χαλύβων. Συμμόρφωση ποιότητας χαλύβων οπλισμού σκυροδέματος. Έλεγχοι. Διαμόρφωση χαλύβων στις κατασκευές.
• Κανονισμός Σκυροδέματος. Κανονισμός χαλύβων οπλισμού.",,,Στην τάξη (Πρόσωπο με πρόσωπο),"Υποστήριξη Μαθησιακής διαδικασίας μέσω της ηλεκτρονικής πλατφόρμας e-learning και ηλεκτρονικής επικοινωνίας με τους φοιτητές (online ανακοινώσεις και σχόλια, email κτλ). ",Διαλέξεις Θεωρίας,26,Εργαστηριακές ασκήσεις,26,Αυτοτελής Μελέτη,52,,,,,104,"• Γραπτή τελική εξέταση που περιλαμβάνει:
   o Θεωρητικές ερωτήσεις κρίσης 
   o Επίλυση προβλημάτων-ασκήσεων 

Το παρόν κείμενο περιγραφής του μαθήματος με τα κριτήρια αξιολόγησης είναι προσβάσιμο στους φοιτητές στον οδηγό σπουδών του Τμήματος (ιστοσελίδα Τμήματος) και στην ιστοσελίδα του μαθήματος 
","[1982]: ΤΕΧΝΟΛΟΓΙΑ ΤΟΥ ΣΚΥΡΟΔΕΜΑΤΟΣ, ΧΡΙΣΤΟΣ Μ. ΟΙΚΟΝΟΜΟΥ 
[68382921]: ΔΟΜΙΚΑ ΥΛΙΚΑ, ΑΘΑΝΑΣΙΟΣ ΤΡΙΑΝΤΑΦΥΛΛΟΥ 
[13875]: ΣΚΥΡΟΔΕΜΑ: ΜΙΚΡΟΔΟΜΗ, ΙΔΙΟΤΗΤΕΣ, ΚΑΙ ΥΛΙΚΑ, P. KUMAR MEHTA, PAULO J. M. MONTEIRO",,
15,ΓΕΩ001,Γεωλογία Μηχανικού,ΜΗΧΑΝΙΚΩΝ,ΠΟΛΙΤΙΚΩΝ ΜΗΧΑΝΙΚΩΝ,Προπτυχιακό,3,Διαλέξεις,4,4,,,,Επιστημονικής Περιοχής,,,Ελληνική,Όχι,,"Το μάθημα στοχεύει στην εισαγωγή των φοιτητών του Τμήματος σε έννοιες που καλύπτουν θέματα Εφαρμοσμένης Γεωλογίας σε Έργα Μηχανικού με έμφαση στην ειδικότητα του Πολιτικού Μηχανικού και στο περιβάλλον. 

Με την επιτυχή ολοκλήρωση του μαθήματος ο φοιτητής / τρια θα είναι σε θέση να:
• επεξεργαστεί, αναλύσει και αξιοποιήσει πληροφορίες που σχετίζονται με το ρόλο των γεωλογικών σχηματισμών και δομών καθώς και του υπόγειου νερού στο περιβάλλον και σε τεχνικά έργα.
• Να αξιολογήσει τη γεωτεχνική συμπεριφορά των γεωλογικών σχηματισμών υπό διάφορες συνθήκες.
• Να εκτιμήσει πιθανούς γεωτεχνικούς κινδύνους και να λάβει αποφάσεις για μέτρα πρόληψης ή/και αντιμετώπισης.
• Να αξιολογήσει, με βάση τα υδρολιθολογικά και μηχανικά χαρακτηριστικά των γεωλογικών σχηματισμών, περιβαλλοντικές παραμέτρους και κινδύνους.","• Αναζήτηση, ανάλυση και σύνθεση δεδομένων και πληροφοριών, με τη χρήση και των απαραίτητων τεχνολογιών
• Εργασία σε διεπιστημονικό περιβάλλον 
• Αυτόνομη εργασία
• Λήψη αποφάσεων
• Σχεδιασμό και διαχείριση έργων
• Άσκηση κριτικής και αυτοκριτικής
• Προαγωγή της ελεύθερης, δημιουργικής και επαγωγικής σκέψης","Περιεχόμενο διαλέξεων:
• Δημιουργία-σύσταση και εξέλιξη της γης, θεωρία λιθοσφαιρικών πλακών. 
• Στοιχεία δομής και δημιουργίας γεωλογικών σχηματισμών και δομών. 
• Στοιχεία Γενικής Γεωλογίας (στρωματογραφία, τεκτονική, θεμελιώδεις έννοιες, απεικονίσεις επί χαρτών). 
• Στοιχεία γεωμορφολογίας, αποσάθρωση, διάβρωση, καρστικά φαινόμενα με έμφαση στις επιπτώσεις τους στο περιβάλλον και στα τεχνικά έργα. 
• Σεισμοί. Γένεση, αποτίμηση, κίνδυνος σεισμών, επιπτώσεις στα Τεχνικά Έργα και στο περιβάλλον. Πρόληψη και αντιμετώπιση καταστροφών από σεισμούς. 
• Υπόγεια νερά και τεχνικά έργα. 
• Εφαρμοσμένη γεωλογία σε έργα πολιτικού μηχανικού. Γεωτεχνικά προβλήματα σε τεχνικά έργα, κατολισθήσεις, καθιζήσεις. Παράγοντες αστάθειας και μέτρα πρόληψης και αντιμετώπισης.
• Ταξινομήσεις γεωλογικών σχηματισμών. Δείκτες βραχομάζας (RQD, GSI)

Περιεχόμενα Ασκήσεων:
• Γεωμετρικά στοιχεία προσανατολισμού γεωλογικών διεπιφανειών
• Τοπογραφικοί χάρτες και ανάγλυφο
• Κατασκευή γεωλογικών τομών
• Γεωλογικές Τομές και εκτίμηση γεωτεχνικών συνθηκών υπεδάφους
• Ταξινόμηση βραχομάζας με βάση δείκτες ",,,Πρόσωπο με πρόσωπο (Στην αίθουσα διδασκαλίας) ,"• Διαλέξεις με χρήση οπτικοακουστικών μέσων και ηλεκτρονικών παρουσιάσεων
• Video-Μαθήματα
• Ηλεκτρονική πλατφόρμα μάθησης
• Ηλεκτρονική αλληλογραφία",Διαλέξεις,39,Ασκήσεις πράξης - Εργαστηριακές ασκήσεις,13,Αυτοτελής Μελέτη,52,,,,,104,"1. Γλώσσα αξιολόγησης Ελληνική.
2. Τελική εξέταση στο τέλος του εξαμήνου. Ερωτήσεις Σύντομης Απάντησης, Επίλυση Προβλημάτων, Δοκιμασία Πολλαπλής Επιλογής.
3. Κριτήρια αξιολόγησης: η επιτυχημένη επιλογή απάντησης και η επιτυχημένη επίλυση προβλημάτων.
4. Δίνεται η δυνατότητα σε κάθε φοιτητή να ελέγξει το γραπτό του και να του αναλυθούν τα λάθη του.","Γ. Κούκης, Ν. Σαμπατακάκης. Τεχνική Γεωλογία 2η Έκδοση. Εκδόσεις Παπασωτηρίου. Αθήνα 2019. ISBN: 978-960-471-130-1
Σεραφείμ Σαββίδης. Περιβαλλοντική Τεχνική Γεωλογία. Εκδόσεις S.G.S. Σεραφείμ Γ. Σαββίδης, Κοζάνη 2014. ISBN: 978-618-80374-0-3.
Παπανικολάου Δημήτρης, Γεωλογία, Η Επιστήμη Της Γης, Εκδόσεις Σ. Πατάκης, 2007.
F. G. Bell. Engineering Geology 2nd. Ed. Elsevier Ltd. 2007
John C. Lommler. Geotechnical Problem Solving. John Wiley & Sons, 2012.",,
16,ΔΟΜ006,Θεωρία Ελαστικότητας,ΜΗΧΑΝΙΚΩΝ,ΠΟΛΙΤΙΚΩΝ ΜΗΧΑΝΙΚΩΝ,Προπτυχιακό,3,Διαλέξεις,4,5,,,,Επιστημονικής Περιοχής,,,Ελληνική,Όχι,,"Η εξοικείωση των σπουδαστών, με τις έννοιες της τάσης και της παραμόρφωσης συνεχών ελαστικών μέσων και της σχέσης τάσεων – παραμορφώσεων στην ελαστική περιοχή. Η κατανόηση των εξισώσεων ισορροπίας και συμβιβαστού. Η χρησιμοποίηση των συνοριακών συνθηκών. Η ικανότητα εφαρμογής αναλυτικών, ενεργειακών και αριθμητικών μεθόδων για τον καθορισμό παραμορφώσεων σε ραβδωτούς και ολόσωμους φορείς.",• Απόκτηση εξειδικευμένων γνώσεων σχετικά με τη συμπεριφορά συνεχών παραμορφώσιμων ελαστικών μέσων. Εφαρμογή σε επίλυση προβλημάτων δύο και τριών διαστάσεων.,"• Τάσεις. Ορθή και διατμητική τάση. Τανυστής τάσης. Εξισώσεις ισορροπίας.
• Βασικές αρχές ελαστικότητας – πλαστικότητας. Συνεχή μέσα. Ομογενή – ισότροπα υλικά. Μικρές και μεγάλες παραμορφώσεις. Φαινόμενα 2ης τάξης. Στατικά και δυναμικά φορτία.
• Αλλαγή συστήματος συντεταγμένων. Μετασχηματισμός τάσεων. 
• Κύριες τάσεις – κύριοι άξονες. Κύκλοι του Mohr. Αναλλοίωτες των τάσεων. Τρισδιάστατη και επίπεδη εντατική κατάσταση.
• Παραμορφώσεις. Τανυστής παραμόρφωσης. Νόμοι συμπεριφοράς υλικών, σχέση τάσεων – παραμορφώσεων. Οι εξισώσεις συμβιβαστού. 
• Γραμμική ελαστικότητα. Καταστατικές εξισώσεις. Μηχανικά χαρακτηριστικά υλικών. Νόμος του Hooke. Μέτρο Ελαστικότητας. Συντελεστής Poisson. Μέτρο ολίσθησης. Ελαστοπλαστικά υλικά.
• Ιδιότητες ρευστών. Ιξώδες.
• Συνοριακές συνθήκες. Αρχή της επαλληλίας. Αρχή του Saint Venant. Επίπεδη εντατική κατάσταση. Επίπεδη παραμορφωσιακή κατάσταση.
• Τασική συνάρτηση Airy. Επίλυση προβλημάτων δύο διαστάσεων σε ορθογωνικές και πολικές συντεταγμένες. Συνοριακές συνθήκες.
• Μέτρα Lamé. Εξισώσεις ελαστικότητας. Τα κύματα όγκου P και S. Ταχύτητες διάδοσης.
• Ενεργειακές μέθοδοι. Ενέργεια παραμόρφωσης. Θεώρημα αμοιβαιότητας Maxwell - Betti. Θεώρημα Castiglano.",,,Πρόσωπο με πρόσωπο (Στην αίθουσα διδασκαλίας) ,,Διαλέξεις,52,Αυτοτελής Μελέτη,78,,,,,,,130,"1. Ανάθεση εργασιών με στόχο την διερεύνηση της κατανόησης των εννοιών που διδάχθηκαν.
2. Τελική γραπτή εξέταση στο τέλος του εξαμήνου (στην ελληνική γλώσσα). 
3. Δίνεται η δυνατότητα σε κάθε φοιτητή να ελέγξει το γραπτό του και να του αναλυθούν τα λάθη του.","Γδούτου Ε. «Θεωρία Ελαστικότητας», Εκδόσεις Συμμετρία 2003.
http://eclass.opencourses.teicm.gr/eclass/modules/document/file.php/TMB111/FULL.pdf
Timoshenko S, Goodier G.N. «Theory of Elasticity», McGraw-Hill, 1969.
Timoshenko S, «Theory of Elasticity», McGraw-Hill, 1987.
L. D. Landau, E. M. Lifshitz, «Theory of Elasticity», Pergamon Press, 1989.
A.I. Lurie, «Theory of Elasticity», Springer Science & Business Media, 2010.",,
17,ΥΔΡ001,Περιβαλλοντική Τεχνική,ΜΗΧΑΝΙΚΩΝ,ΠΟΛΙΤΙΚΩΝ ΜΗΧΑΝΙΚΩΝ,Προπτυχιακό,3,Διαλέξεις,4,3,,,,Επιστημονικής Περιοχής,,,Ελληνική,Ναι,,"Μετά την επιτυχή ολοκλήρωση του μαθήματος, ο φοιτητής θα είναι σε θέση να:
• να γνωρίζει τις έννοιες της κλιματική αλλαγής, της τρύπας του όζοντος, της όξινης βροχής
• να καταλαβαίνει τις συνθήκες της αέριας ρύπανσης και της ρύπανσης του νερού
• να γνωρίζει τις διεργασίες επεξεργασίας των λυμάτων
• να σχεδιάζει μια εγκατάσταση επεξεργασίας λυμάτων
• να διαστασιολογεί τις δεξαμενές επεξεργασίας των λυμάτων 
• να γνωρίζει τους περιορισμούς και τις ιδιαιτερότητες στην κατασκευή αυτών των έργων 
• να γνωρίζει τα όρια των ρύπων που μπορούν να εκρέουν από μια ΕΕΛ","• Λήψη αποφάσεων
• Σεβασμός στο φυσικό περιβάλλον
• Αυτόνομη εργασία
• Προσαρμογή σε νέες καταστάσεις","• Αρχές καθαρισμού αερολυμάτων. Πηγές εκπομπής ρύπων στην ατμόσφαιρα. Απομάκρυνση αέριων ρύπων. Απομάκρυνση σωματιδίων από τις εκπομπές στατικών πηγών. Τεχνολογίες καταστροφής ρύπων που εκπέμπονται από κινητές πηγές
• Αρχές – μέθοδοι επεξεργασίας νερών. Ποιότητα πόσιμου νερού 
• Διαχείριση και επεξεργασία στερεών αποβλήτων. Διαχείριση αστικών απορριμμάτων 
• Κλιματική αλλαγή, τρύπα του όζοντος, όξινη βροχή. 
• Τοξικές ουσίες, αμίαντος, μόλυβδος, διοξίνες. 
• Αρχές βιολογικής επεξεργασίας λυμάτων και ιλύος. Στοιχεία βιοχημείας-βιοτεχνολογίας περιβάλλοντος: Μικροοργανισμοί, κινητική των βιοχημικών αντιδράσεων. Τεχνολογία επεξεργασίας λυμάτων: Ποιοτικά και ποσοτικά χαρακτηριστικά των λυμάτων. Επεξεργασία βοθρολυμάτων. Σχάρες. Αμμοσυλλέκτες. Φυσικο-χημική επεξεργασία. Δεξαμενές καθίζησης. Βιολογικές διεργασίες αιωρούμενης και προσκολλημένης βιομάζας. Φυσικά συστήματα επεξεργασίας λυμάτων. Απολύμανση. Τεχνολογία επεξεργασίας ιλύος: Ποιοτικά και ποσοτικά χαρακτηριστικά της ιλύος. Πάχυνση ιλύος. Αδρανοποίηση/Χώνευση ιλύος. Αφυδάτωση, ξήρανση και καύση της ιλύος. Τελική διάθεση ή/και επαναχρησιμοποίηση επεξεργασμένων υγρών αποβλήτων και ιλύος.",,,Πρόσωπο με πρόσωπο (Στην αίθουσα διδασκαλίας),,Διαλέξεις,52,Αυτοτελής Μελέτη,26,,,,,,,78,"1. Ανάθεση εργασιών με στόχο την διερεύνηση της κατανόησης των εννοιών που διδάχθηκαν.
2. Τελική γραπτή εξέταση στο τέλος του εξαμήνου (στην ελληνική γλώσσα). ","• Αθ. Κούγκολου ""ΠΕΡΙΒΑΛΛΟΝΤΙΚΗ ΜΗΧΑΝΙΚΗ Ρύπανση & Προστασία Περιβάλλοντος"" - Εκδοτικός οίκος: ""Τζιόλας"", 2018, ΙSΒΝ: 9789604185627
• Αυλωνίτη Α. Σταμάτη «Περιβαλλοντική Μηχανική Ι - Εισαγωγή στην Τεχνολογία του νερού και υγρών αποβλήτων» - Εκδοτικός Όμιλος ΙΩΝ – 2013 - ΙSBN 978-960-508-056-3
• George Tchobanoglous, H. David Stensel, Ryujiro Tsuchihashi, Franklin L. Burton: “Wastewater Engineering: Treatment and Resource Recovery” - Metcalf & Eddy Inc, 2013, ISBN: 9780073401188
• Nelson L. Nemerow, Franklin J. Agardy, Patrick J. Sullivan, Joseph A. Salvato: “Environmental Engineering: Prevention and Response to Water–, Food–, Soil–, and Air–borne Disease and Illness”, Wiley, 2009, ISBN: 9780470083048
• R Wane Schneiter,” Environmental Engineering Practice PE Exams”, Professional Publications Inc, 2007, ISBN: 1591260019",,
18,ΔΟΜ007,Οικοδομική Ι,ΜΗΧΑΝΙΚΩΝ,ΠΟΛΙΤΙΚΩΝ ΜΗΧΑΝΙΚΩΝ,Προπτυχιακό,3,"Διαλέξεις,  Εργαστηριακές Ασκήσεις",4,5,,,,Επιστημονικής Περιοχής,,,Ελληνική,Όχι,https://elearning.cm.ihu.gr,"Με την επιτυχή ολοκλήρωση του μαθήματος οι φοιτητές θα είναι σε θέση:
• Να μπορούν να γνωρίζουν τις κύριες κατασκευαστικές παραμέτρους για την υλοποίηση ενός έργου: εκσκαφές, θεμελίωση, φέροντας οργανισμός, τοιχοποιίες, στέγαση κτιρίου, μονώσεις, επενδύσεις και  κατακόρυφοι πυρήνες επικοινωνίας.
• Να διαβάζουν και να κατασκευάζουν σχέδια κατασκευαστικά (ξυλότυποι, χάραξη κλίμακας, συναρμογές δομικών στοιχείων). 
• Να μπορούν να αναζητούν και να χρησιμοποιούν ένα εύρος πηγών: βιβλία, άρθρα σε έγκυρα τεχνικά περιοδικά, κατασκευαστικά φυλλάδια τεχνικών εταιριών, πηγές από το Διαδίκτυο, ώστε να αντλούν κατασκευαστικές γνώσεις απαραίτητες για επίλυση κατασκευαστικών ζητημάτων.
• Να εφαρμόζουν τις παραπάνω γνώσεις παράγοντας κατασκευαστικές λεπτομέρειες (σχέδια) και να τεκμηριώνουν τις προτάσεις τους (τεχνικές εκθέσεις και περιγραφές). 
• Να αντιλαμβάνονται τα παραπάνω σχέδια ως μέρος της μελέτης εφαρμογής του κτιρίου, να οργανώνουν την πληροφορία που περιλαμβάνεται σε αυτήν και να την αξιοποιούν στην οργάνωση της κατασκευής. ","Το μάθημα συμβάλει στην απόκτηση των παρακάτω ικανοτήτων:
• Αναζήτηση, ανάλυση και σύνθεση δεδομένων και πληροφοριών, με τη χρήση και των απαραίτητων τεχνολογιών 
• Προσαρμογή σε νέες καταστάσεις 
• Λήψη αποφάσεων 
• Αυτόνομη εργασία 
• Ομαδική εργασία
• Σχεδιασμός και διαχείριση έργων 
• Σεβασμός στο φυσικό περιβάλλον
• Άσκηση κριτικής και αυτοκριτικής 
• Προαγωγή της ελεύθερης, δημιουργικής και επαγωγικής σκέψης","Το μάθημα αποτελεί εισαγωγη στην Οικοδομική κτιρίων και στοχεύει στην ανάπτυξη της λογική της επίλυσης  κατασκευαστικών προβλημάτων σε ένα κτιριακό έργο. Εισάγει σε θεωρητικές και τεχνικές γνώσεις πάνω σε  ζητήματα μονώσεων, δομικών υλικών καθώς και της σχέσης σχεδιασμού και κατασκευής. Γίνεται επίσης εισαγωγή στην έννοια της ενεργειακής συμπεριφοράς του κτιρίου,  του ενεργειακού αποτυπώματός του και των κανονισμών που τους διέπουν.  

Οι φοιτητές εργάζονται ατομικά και ανά ομάδες πάνω σε ένα θέμα, όπου τους δίνονται προσχέδια εντός κτιρίου και καλούνται να προχωρήσουν στο σχεδιασμό των βασικών κατασκευαστικών σχεδίων (ξυλότυπος, συναρμογές και λεπτομέρειες δομικών στοιχείων, χάραξη σκάλας, στέγης/δώματος) ενσωματώνοντας τις μονώσεις που απαιτούνται σε κάθε σημείο.   Επιπλεον, καλούνται να καλλιεργήσουν τη λογική αναζήτησης κατασκευαστικών λύσεων μέσα από το συνδυασμό γνώσεων και πληροφορίας από μια πληθώρα πηγών: βιβλία, τεχνικά φυλλάδια, υλοποιημένα παραδείγματα κτιρίων στο Διαδίκτυο. Η πρότασή τους θα πρέπει να είναι τεκμηριωμένη θεωρητικά και σχεδιαστικά.",,,"Στην τάξη (πρόσωπο με πρόσωπο), ατομική και ομαδική εργασία με διορθώσεις μέσα στο εξάμηνο.","Παρουσίαση διαλέξεων με χρήση Η/Υ, υποστήριξη Μαθησιακής διαδικασίας (εκπαιδευτικό υλικό και εργασίες, διορθώσεις και σχόλια) μέσω της ηλεκτρονικής πλατφόρμας e-learning, καθώς και μέσω πλατφόρμας τηλεδιάσκεψης.",Διαλέξεις Θεωρίας,25,Εργαστηριακές ασκήσεις,25,Αυτοτελής Μελέτη,30,Ατομική Εργασία ,30,Ομαδική Εργασία,20,130,"• Γραπτή εξέταση θεωρίας και σχεδιασμού,με  ερωτήσεις σύντομης ανάπτυξης πάνω σε κατασκευαστικά ερωτήματα καθώς και επίλυση εντός μικρού σχεδιαστικού θέματος (50%)
• Παράδοση εργασίας ομαδικής (υποχρεωτικής) που επεξεργάζεται κατά τη διάρκεια του εξαμήνου,  με επίβλεψη και  διορθώσεις της κάθε ομάδας (50%)","Αθανασόπουλος Χ., ‘’Κατασκευή κτιρίων: Σύνθεση και Τεχνολογία’’, Αθήνα 1991 
Ζαχαριάδης Α., ‘’Οικοδομική Τεχνολογία’’ University Studio Press, Θεσσαλονίκη, 2004.
Καλογεράς Ν., Κιρπότιν Χ., Μακρής Γ., Παπαϊωάννου Ι., Ραυτόπουλος Σ., Τζίτζας Μ., 
Τουλιάτος Π. ‘’Θέματα Οικοδομικής’’, Ε.Μ.Π., εκδόσεις Συμμετρία, Αθήνα, 1999.
Schmitt Η., Heene Α. ‘’Κτιριακές κατασκευές : τα δομικά στοιχεία και η συναρμογή τους : βασικές αρχές της σύγχρονης δόμησης’’ μετάφραση Δ. Μαλασπίνας, εκδ. Μ. Γκιούρδας , Αθήνα 1994.
Ching, F., Building Construction Illlustrated ,  Wiley, 5th edition, 2014.
Ching, F., Onouye, B., Zuberbuler, D., Building Structures Illlustrated ,  Wiley, 5th edition, 2013.
T.O.T.E.E. 20701-2/2010. Θερμοφυσικές ιδιότητες δομικών υλικών και έλεγχος της θερμομονωτικής επάρκειας των κτιρίων. EN ISO 13790.
ΚΤΙΡΙΟ [http://www.ktirio.gr/]",,
19,ΓΕΝ007,Διαφορικές Εξισώσεις,ΜΗΧΑΝΙΚΩΝ,ΠΟΛΙΤΙΚΩΝ ΜΗΧΑΝΙΚΩΝ,Προπτυχιακό,3,Διαλέξεις,4,5,,,,Γενικού Υποβάθρου,,"1. Απειροστικός Λογισμός Ι
2. Απειροστικός Λογισμός ΙΙ
3. Γραμμική Άλγεβρα και Αναλυτική Γεωμετρία",Ελληνική,"Πιθανόν, εάν υπάρξει ενδιαφέρον",,"Μετά την επιτυχή ολοκλήρωση του μαθήματος ο φοιτητής θα πρέπει να μπορεί να αντιλαμβάνεται και να χρησιμοποιεί:
1. την σύνταξη των δ.ε. των συνηθέστερων προβλημάτων που τον απασχολούν,
2. τις Διαφορικές Εξισώσεις (Δ.Ε.) 1ης τάξης,
3. τις Γραμμικές Δ.Ε. 2ης τάξης με σταθερούς συντελεστές,
4. την έννοια και την μέθοδο επίλυσης του Μονοβάθμιου Ταλαντωτή,
5. τα Γραμμικά Συστήματα Δ.Ε.,
6. την έννοια και την μέθοδο επίλυσης του Διβάθμιου Ταλαντωτή,
7. τις Σειρές Fourier και τους Μετασχηματισμούς Laplace,
στην Επιστήμη του Πολιτικού Μηχανικού, αλλά και γενικότερα στην περεταίρω ανάπτυξη της κριτικής και δημιουργικής σκέψης.","• Κατανόηση και εμπέδωση των βασικών Μαθηματικών εννοιών και
• χρήση τους σε βασικά προβλήματα της Επιστήμης του Πολιτικού Μηχανικού και ιδιαίτερα σε θέματα Τεχνικής Μηχανικής και Δυναμικής.","Περιεχόμενα διαλέξεων ανά εβδομάδα μαθημάτων
1η. Εισαγωγικές έννοιες των Διαφορικών Εξισώσεων (Δ.Ε.). Παραδείγματα Δ.Ε. άμεσης ολοκλήρωσης, Γενική Λύση, Αρχικές Συνθήκες, Μερική Λύση. Το παράδειγμα της Ελεύθερης Πτώσης.  Δ.Ε. 1ης τάξης: Γενικά.  Δ.Ε. χωριζομένων μεταβλητών.  Παραδείγματα.
2η. Δ.Ε. 1ης τάξης: Ομογενείς, Γραμμικές, Bernoulli. Παραδείγματα.
3η. Δ.Ε. 1ης τάξης: Πλήρεις Δ.Ε., Δ.Ε. του Riccati. Παραδείγματα από τη Μηχανική και τη Γεωμετρία, ορθογώνιες τροχιές.
4η. Δ.Ε. 2ης τάξης:  Γενικά. Δ.Ε. άμεσα ολοκληρώσιμες. Γραμμικές Δ.Ε. 2ης τάξης, με σταθερούς συντελεστές, ομογενείς. Εφαρμογή στον Μονοβάθμιο Ελεύθερο Ταλαντωτή.
5η. Γραμμικές Δ.Ε. 2ης τάξης, με σταθερούς συντελεστές, μη ομογενείς. Εφαρμογή στον Μονοβάθμιο Εξαναγκασμένο Ταλαντωτή.
6η.  Συντονισμός σε Μονοβάθμιο Εξαναγκασμένο Ταλαντωτή.
7η.  Συστήματα διαφορικών εξισώσεων. Βασικές έννοιες. Ομογενή συστήματα δύο διαφορικών εξισώσεων.  Η μέθοδος της αντικατάστασης. Η μέθοδος των Πινάκων.
8η.  Μη Ομογενή συστήματα δύο διαφορικών εξισώσεων.  Παράδειγμα λύσης του Μονοβάθμιου Ταλαντωτή σαν σύστημα Δ.Ε..
9η. Λύση του Διβάθμιου Ταλαντωτή.
10η – 11η. Σειρές Fourier (Περιοδικές Συναρτήσεις, Ορισμός και Υπολογισμός της Σειράς Fourier, Γραμμικό Φάσμα, Σειρές Fourier Άρτιων και Περιττών Συναρτήσεων, Εκθετική Σειρά Fourier).
12η – 13η. Μετασχηματισμός Laplace (Ορισμός, Ιδιότητες, Μετασχηματισμός των συνηθισμένων Συναρτήσεων, η Συνάρτηση του Dirac και του Heaviside).  Αντίστροφος Μετασχηματισμός Laplace (Ορισμός, Ιδιότητες και υπολογισμός).  Εφαρμογές στη λύση των Δ.Ε. και των Συστημάτων Δ.Ε..",,,Στην αίθουσα διδασκαλίας,"Χρήση φορητού Η.Υ και βιντεοπροβολέα, και Παραδείγματα στον πίνακα με τη χρήση Excel και Matlab/Octave. Υποστήριξη της διδακτικής διαδικασίας μέσω ηλεκτρονικής ιστοσελίδας.  Επικοινωνία μέσω e-mail και στο γραφείο, στις ώρες επικοινωνίας με φοιτητές-τριες.  Σε ακραίες περιπτώσεις (φοιτητές που δεν διαμένουν πλέον στις Σέρρες) εφαρμόζεται η επαφή για επίλυση αποριών ή άλλων ζητημάτων μέσω skype.",Διαλέξεις Θεωρίας,52,Αυτοτελής Μελέτη,,Ασκήσεις – εργασίες,,,,,,130,"• Γραπτή τελική εξέταση που περιλαμβάνει:
   o Θεωρητικές ερωτήσεις κατανόησης και κρίσης (30-40 % του τελικού βαθμού)
   o Επίλυση ασκήσεων (60-70 % του τελικού βαθμού)
 
Τα κριτήρια αξιολόγησης (δηλαδή το πόσο μετρούν τα αριθμητικά λάθη, τα λάθη ελλιπούς γνώσης και τα λάθη κατανόησης  γνωστοποιούνται στους φοιτητές από την πρώτη διάλεξη και επαναλαμβάνονται διαρκώς με τη βοήθεια παραδειγμάτων. Επίσης είναι επιθυμητή η παροχή εξηγήσεων πάνω στα λάθη του γραπτού. ","Τερζίδης Χαράλαμπος, Λογισμός Συναρτήσεων πολλών Μεταβλητών & Διαφορικές Εξισώσεις, Εκδόσεις Ανικούλα, Θεσσαλονίκη 2006 ISBN: 9789605160319
Τερζίδης Χαράλαμπος, Μαθηματικές Μέθοδοι Επεξεργασίας Σημάτων (Μετασχηματισμοί Laplace και Fourier), Εκδόσεις Ανικούλα, Θεσσαλονίκη 2006 ISBN: 960-516-029-3
Hass J., Heil C., Weir M.D., Απειροστικός Λογισμός, Πανεπιστημιακές Εκδόσεις Κρήτης, Κρήτη 2015, ISBN 978-960-524-515-3, Κωδικός στον Εύδοξο: 77107082
Μπράτσος Αθανάσιος, Μαθήματα Ανώτερων Μαθηματικών, ISBN 978-960-603-030-7, [ηλεκτρ. βιβλ.] Αθήνα: Σύνδεσμος Ελληνικών Ακαδημαϊκών Βιβλιοθηκών, Ηλεκτρονική Διεύθυνση: https://repository.kallipos.gr/handle/11419/424
Παπαϊωάννου Σταύρος,  Σημειώσεις,  Ηλεκτρονική Διεύθυνση: http://pde.teiser.gr/papaioannou/Mathimatika_2.asp",,
20,ΔΟΜ008,Τεχνική Μηχανική ΙΙ,ΜΗΧΑΝΙΚΩΝ,ΠΟΛΙΤΙΚΩΝ ΜΗΧΑΝΙΚΩΝ,Προπτυχιακό,3,Διαλέξεις,4,5,,,,Επιστημονικής Περιοχής,,,Ελληνική,Όχι,,"Η κατανόηση, εκ μέρους των σπουδαστών, της έννοιας των εξωτερικών φορτίων και η  σύνδεσή τους με τα εσωτερικά εντατικά μεγέθη που αναπτύσσονται σε επίπεδους ολόσωμους απαραμόρφωτους φορείς. Η δυνατότητα αναγνώρισης και μόρφωσης ισοστατικών δοκών - πλαισίων. Η ανάπτυξη ικανότητας υπολογισμού και αξιολόγησης των αξονικών – τεμνουσών δυνάμεων και ροπών κάμψης που αναπτύσσονται στα μέλη των ολόσωμων φορέων. Η ικανότητα καθορισμού των κρίσιμων διατομών. Η εφαρμογή ενεργειακών μεθόδων για τον υπολογισμό μετατοπίσεων – στροφών διατομών ολόσωμων φορέων.","• Απόκτηση εξειδικευμένων γνώσεων για τη σύλληψη, σχεδιασμό και στατική επίλυση ολόσωμων ισοστατικών φορέων, υπολογισμού εσωτερικών εντατικών μεγεθών και κρίσιμων διατομών.","• Ολόσωμοι Φορείς. Εσωτερικές Δυνάμεις. Δοκοί – Πλαίσια. 
• Συγκεντρωμένα και κατανεμημένα φορτία. Μέθοδος τομών. Διαγράμματα εσωτερικών εντατικών μεγεθών Ν, V, Μ και ιδιότητές τους. 
• Αμφιέρειστη δοκός και διαγράμματά εσωτερικών εντατικών μεγεθών για διάφορα είδη φορτίσεων. Μονοπροέχουσα και αμφιπροέχουσα δοκός. Πρόβολος. 
• Υποκατάστατη δοκός. Κατασκευή διαγραμμάτων Ν,V,Μ δοκού με τη μέθοδο της υποκατάστατης δοκού και τη μέθοδο των ολοκληρωμάτων. 
• Αρθρωτή δοκός (Gerber). Αντιδράσεις, διαγράμματα N,V,M.
• Στατική επίλυση ολόσωμων και αρθρωτών ισοστατικών πλαισιωτών φορέων. 
• Αρχή των δυνατών έργων. Υπολογισμός μετατοπίσεων – στροφών διατομών ολόσωμων φορέων. 
• Εφαρμογή της άμεσης μεθόδου δυσκαμψίας για τον υπολογισμό μετατοπίσεων δικτυωμάτων.",,,Πρόσωπο με πρόσωπο (Στην αίθουσα διδασκαλίας) ,,Διαλέξεις,52,Αυτοτελής Μελέτη,78,,,,,,,130,"1. Ανάθεση εργασιών με στόχο την διερεύνηση της κατανόησης των εννοιών που διδάχθηκαν.
2. Τελική γραπτή εξέταση στο τέλος του εξαμήνου (στην ελληνική γλώσσα). 
3. Δίνεται η δυνατότητα σε κάθε φοιτητή να ελέγξει το γραπτό του και να του αναλυθούν τα λάθη του.","http://users.teilar.gr/~p.lokkas/Stat.pdf
Βαρδουλάκη Ι., Γιαννακόπουλου Α. «Τεχνική Μηχανική Ι», Εκδόσεις Συμμετρία 2004.
Ν. Αραποστάθη, Δ. Αραποστάθη. «Τεχνική Μηχανική – Μηχανική Ι», Εκδόσεις Ίων, 2007.
Π. Βουθούνη. «Μηχανική Απαραμόρφωτου Στερεού», Εκδόσεις Α. Βουθούνη, 2017.
Beer F., Johnston E.R., Mazurek D., «Στατική – Τεχνική Μηχανική», Εκδόσεις Τζιόλα, 2018
Θ. Γεωργόπουλου, «Στατική του απαραμόρφωτου σώματος», Έκδοση Π. Γεωργόπουλος, 2018.
Hassan Al Nageim, «Structural Mechanics: Loads, Analysis, Design and Materials», Prentice Hall, 2003.
R. Hulse, «Structural Mechanics», Red Globe Press, 2000.
Hulse, R. Cain, J., «Structural Mechanics», Macmillan, 1994.",,
21,ΣΥΓ003,Κυκλοφοριακή Τεχνική,ΜΗΧΑΝΙΚΩΝ,ΠΟΛΙΤΙΚΩΝ ΜΗΧΑΝΙΚΩΝ,Προπτυχιακό,3,Διαλέξεις,4,4,,,,Επιστημονικής Περιοχής,,,Ελληνική,Όχι,https://elearning.cm.ihu.gr/course/view.php?id=480,"Με την επιτυχή ολοκλήρωση του μαθήματος ο φοιτητής/τρια θα είναι σε θέση:
• Να κατανοεί τα βασικά μεγέθη της κυκλοφοριακής ροής και τις μαθηματικές τους σχέσεις.
• Να κατανοεί τις βασικές έννοιες της κυκλοφοριακής ικανότητας. 
• Να υπολογίζει την κυκλοφοριακή ικανότητα και τη στάθμη εξυπηρέτησης βασικών οδικών στοιχείων. 
• Να επιλύει μια σηματοδότηση μεμονωμένου κόμβου.
• Να κατανοεί τις μεθόδους μέτρησης κυκλοφοριακών μεγεθών.","Το μάθημα συμβάλει στην απόκτηση των παρακάτω ικανοτήτων:
• Αναζήτηση, ανάλυση και σύνθεση δεδομένων και πληροφοριών, με τη χρήση και των απαραίτητων τεχνολογιών
• Προσαρμογή σε νέες καταστάσεις
• Λήψη αποφάσεων
• Σχεδιασμός και διαχείριση έργων 
• Σεβασμός στο φυσικό περιβάλλον","Περιεχόμενο διαλέξεων μαθήματος: 
• Εισαγωγή. Γένεση και χαρακτηριστικά των μετακινήσεων. Σύστημα Χερσαίων Μεταφορών. 
• Μεγέθη κυκλοφοριακής ροής. Κυκλοφοριακός φόρτος και ρυθμός ροής. Ταχύτητα. Πυκνότητα και κατάληψη. Χρονικός και χωρικός διαχωρισμός. Διάγραμμα χρόνου-απόστασης. 
• Θεμελιώδης σχέση κυκλοφοριακής ροής. Θεμελιώδη διαγράμματα κυκλοφοριακής ροής. Πρότυπα και στατιστικές κατανομές κυκλοφοριακής ροής. 
• Κυκλοφοριακή ικανότητα. Στάθμη εξυπηρέτησης. Διακοπτόμενη και μη ροή. Ρυθμός ροής εξυπηρέτησης. Δείκτες συμπεριφοράς και εξυπηρέτησης. Ζήτηση και φόρτος. Παράγοντες που επηρεάζουν την κυκλοφοριακή ικανότητα και τη στάθμη εξυπηρέτησης. Βασικές συνθήκες. Εφαρμογές κυκλοφοριακής ικανότητας. 
• Λειτουργική Κατάταξη Οδικού Δικτύου. Διατομές. Αστικές οδοί, κατηγορίες αστικών οδών, ταχύτητες, στάθμες εξυπηρέτησης και φόρτοι εξυπηρέτησης.   
• Υπολογισμός κυκλοφοριακής ικανότητας: Μη σηματοδοτούμενοι κόμβοι.
• Υπολογισμός κυκλοφοριακής ικανότητας: Υπεραστικές οδοί δυο λωρίδων κυκλοφορίας.
• Υπολογισμός κυκλοφοριακής ικανότητας: Υπεραστικές ή προαστιακές οδοί τεσσάρων ή περισσότερων λωρίδων κυκλοφορίας.
• Υπολογισμός κυκλοφοριακής ικανότητας: Βασικά τμήματα ελεύθερων λεωφόρων.
• Υπολογισμός κυκλοφοριακής ικανότητας: Περιοχές πλέξεων σε ελεύθερες λεωφόρους.
• Υπολογισμός κυκλοφοριακής ικανότητας: Ράμπες εισόδου-εξόδου σε ελεύθερες λεωφόρους.
• Σηματοδότηση. Προϋποθέσεις σηματοδότησης. Μελέτη σηματοδότησης. Σηματοδότηση μεμονωμένου κόμβου. Συντονισμένη σηματοδότηση αρτηρίας. Συντονισμένη σηματοδότηση δικτύου οδών.  
• Μέθοδοι μέτρησης κυκλοφοριακών μεγεθών. Τεχνολογίες μέτρησης. Διαδικασίες μέτρησης μακροσκοπικών κυκλοφοριακών μεγεθών. ",,,"Στην αίθουσα διδασκαλίας (πρόσωπο με πρόσωπο)
Δυνατότητα εξ αποστάσεως διαλέξεων εφόσον απαιτηθεί.","Παρουσίαση διαλέξεων με χρήση φορητού Η/Υ και βιντεοπροβολέα ή με τηλεδιάσκεψη εξ αποστάσεως εφόσον απαιτηθεί.
Υποστήριξη μαθησιακής διαδικασίας μέσω της ηλεκτρονικής πλατφόρμας e-learning.
Συναντήσεις εξ αποστάσεως διδάσκοντα / διδάσκουσας και φοιτητών για συνεργασία σε ώρες εκτός μαθήματος (μέσω ψηφιακής πλατφόρμας, πχ. ZOOM, Skype). 
Ανάρτηση ανακοινώσεων στην ιστοσελίδα του Τμήματος και στην ηλεκτρονική σελίδα του μαθήματος στην ηλεκτρονική πλατφόρμα e-learning.
Επικοινωνία διδάσκοντα / διδάσκουσας και φοιτητών μέσω ηλεκτρονικού ταχυδρομείου (email).",Διαλέξεις,52,Αυτοτελής Μελέτη,52,,,,,,,104,"Τελική γραπτή εξέταση που περιλαμβάνει: 
• Ερωτήσεις θεωρίας 
• Επίλυση ασκήσεων
Τα κριτήρια αξιολόγησης γνωστοποιούνται στους φοιτητές στην πρώτη διάλεξη του μαθήματος. Επίσης, δίνεται η δυνατότητα σε κάθε φοιτητή να ελέγξει το γραπτό του και να του αναλυθούν τα λάθη του.","Αντωνίου, Κ., Σπυροπούλου, Ι. (2016). Αρχές Κυκλοφοριακής Τεχνικής και Προσομοίωσης. Ελληνικά Ακαδημαϊκά Ηλεκτρονικά Συγγράμματα και Βοηθήματα - Αποθετήριο ""Κάλλιπος"", ISBN: 978-960-603-306-3.
Φραντζεσκάκης, Ι.Μ., Γκόλιας, Ι.Κ., Πιτσιάβα-Λατινοπούλου, Μ.Χ. (2009). Κυκλοφοριακή Τεχνική. Α. ΠΑΠΑΣΩΤΗΡΙΟΥ & ΣΙΑ Ι.Κ.Ε., ISBN: 978-960-7182-42-5. 
Φραντζεσκάκης, Ι.Μ., Γιαννόπουλος, Γ.Α. (2005). Σχεδιασμός των Μεταφορών και Κυκλοφορική Τεχνική. Εκδόσεις Επίκεντρο Α.Ε., ISBN: 978-960-6647-20-8. 
Φραντζεσκάκης, Ι.Μ., Πιτσιάβα-Λατινοπούλου, Μ.Χ., Τσαμπούλας, Δ.Α. (2002). Διαχείριση Κυκλοφορίας. Α. ΠΑΠΑΣΩΤΗΡΙΟΥ & ΣΙΑ Ι.Κ.Ε., ISBN: 978-960-7510-50-1.  
Οδηγίες Μελετών Οδικών Έργων, Τεύχος 1: Λειτουργική Κατάταξη Οδικού Δικτύου (ΟΜΟΕ-ΛΚΟΔ), ΥΠΕΧΩΔΕ, ΓΓΔΕ/ΔΜΕΟ, Έκδοση: 30/01/2001.  
Οδηγίες Μελετών Οδικών Έργων, Τεύχος 2: Διατομές (ΟΜΟΕ-Δ), ΥΠΕΧΩΔΕ, ΓΓΔΕ/ΔΜΕΟ, Έκδοση: 30/01/2001.  
ITE (2016). Traffic Engineering Handbook. HEAL-Link Wiley ebooks, ISBN: 9781119174738.
Roess, R.P., Prassas, E.S. (2014). The Highway Capacity Manual: A Conceptual and Research History. HEAL-Link Springer ebooks, ISBN: 978-3-319-05786-6.",,
22,ΔΟΜ009,Αντοχή Υλικών,ΜΗΧΑΝΙΚΩΝ,ΠΟΛΙΤΙΚΩΝ ΜΗΧΑΝΙΚΩΝ,Προπτυχιακό,4,Διαλέξεις,4,5,,,,Επιστημονικής Περιοχής,,,Ελληνική,Ναι,,"• Αξιολόγηση υλικών σύμφωνα με τους νόμους συμπεριφοράς.
• Κατανόηση τρόπου και συνεπειών των διάφορων καταπονήσεων.
• Ικανότητα διαστασιολόγησης φορέων - επιλογής κρίσιμων διατομών.
• Υπολογισμός παραμορφώσεων – μετατοπίσεων.
• Εκτίμηση αστοχίας δομικών υλικών.","• Κατανόηση εκ μέρους των σπουδαστών των διαφόρων μορφών καταπονήσεων φορέων στο επίπεδο και το χώρο.
• Απόκτηση εξειδικευμένων γνώσεων σχετικά με την συμπεριφορά - απόκριση υλικών και φορέων.","• Κατάταξη υλικών. Νόμος συμπεριφοράς δομικού χάλυβα. Όρια αναλογίας, ελαστικότητας και διαρροής. Κράτυνση. Φαινόμενο λαιμού. Νόμος συμπεριφοράς ψαθυρών υλικών.
• Τεχνική θεωρία κάμψης: Ροπή αδράνειας. Καθαρή κάμψη. Κάμψη με ορθή δύναμη. Διαξονική κάμψη. Ουδέτερος άξονας. Πυρήνας διατομής.
• Καθαρή διάτμηση. Διάτμηση λόγω κάμψης συμμετρικών διατομών. Κατανομή διατμητικών τάσεων καθ’ύψος.
• Ελαστική γραμμή δοκού. Υπολογισμός ελαστικής γραμμής - βέλους κάμψης δοκών με τη μέθοδο της διπλής ολοκλήρωσης.
• Θεωρία στρέψης: Στρέψη δοκών κυκλικής διατομής και διατομής κυκλικού δακτυλίου. Στρέψη δοκών ορθογωνικής διατομής. 
• Λυγισμός ράβδων και στύλων. Σύνθετη καταπόνηση δοκού με αξονικά και εγκάρσια φορτία. Μεγάλες παραμορφώσεις φορέων καταπονούμενων σε λυγισμό, φαινόμενα 2ης τάξης.
• Εφαρμογές των συνθηκών συμβιβαστού παραμορφώσεων.
• Αστοχία των υλικών: Θεωρία πυκνότητας της στροφικής ενέργειας παραμορφώσεων (Mises), θεωρία μέγιστης διατμητικής τάσης (Tresca), θεωρία εσωτερικής τριβής (Mohr - Coulomb).
• Κυκλικές φορτίσεις. Κόπωση υλικών.
• Ερπυσμός και χαλάρωση υλικών.",,,Πρόσωπο με πρόσωπο (Στην αίθουσα διδασκαλίας),,Διαλέξεις,52,Αυτοτελής Μελέτη,78,,,,,,,130,"1. Ανάθεση εργασιών με στόχο την διερεύνηση της κατανόησης των εννοιών που διδάχθηκαν.
2. Τελική γραπτή εξέταση στο τέλος του εξαμήνου (στην ελληνική γλώσσα). 
3. Δίνεται η δυνατότητα σε κάθε φοιτητή να ελέγξει το γραπτό του και να του αναλυθούν τα λάθη του.","http://users.teilar.gr/~p.lokkas/Ant_Yl.pdf
R. L. Mott, «Applied Strength of Materials», CRC Press, 2015.
Βουθούνης Παν.: «Αντοχή των υλικών-Μηχανική παραμορφώσιμου στερεού», Εκδ. Α. Βουθούνη, 2017.
Βαρδουλάκης Ι., «Τεχνική Μηχανική ΙΙ», Εκδ. Συμμετρία, 1999.
Τσαμασφύρος Γ., «Μηχανική παραμορφώσιμων σωμάτων Ι» Εκδ.Συμμετρία, 1990.
Βελαώρας Γ. «Αντοχή Υλικών». 2η Έκδοση. Εκδ. Ίων, 1997.
Beer F. - Johnston R. - DeWolf J. - Mazurek D., «Μηχανική των Υλικών», Εκδ.Τζιόλα, 2015.
E. Schweda. «Αντοχή των Υλικών». Εκδ. Μόσχος Γκιούρδας, 1978.
Bassin - Brodsky - Wolkoff. «Statics and Strength of Marerials». 4th Edition. MacMillan / MacGraw Hill,1992.
S. S. Rattan, «Strength of Materials», Tata McGraw Hill, 2008.
Pytel - Kiusalaas. «Mechanics of Materials», Thomson Learning Inc. Brooks/Cole, 2003.",,
23,ΥΔΡ002,Μηχανική των Ρευστών,ΜΗΧΑΝΙΚΩΝ,ΠΟΛΙΤΙΚΩΝ ΜΗΧΑΝΙΚΩΝ,Προπτυχιακό,4,"Διαλέξεις, Ασκήσεις Εφαρμογής και Εργαστηριακές Ασκήσεις",4,5,,,,Επιστημονικής Περιοχής,,"ΓΕΝ001 – Απειροστικός  Λογισμός Ι
ΓΕΝ003 – Φυσική για Μηχανικούς
ΓΕΝ004 – Απειροστικός Λογισμός ΙΙ 
ΓΕΝ007 – Διαφορικές Εξισώσεις","Ελληνικά
(Φοιτητές Erasmus: Ελληνικά ή Αγγλικά)","Ελληνικά
(Φοιτητές Erasmus: Ελληνικά ή Αγγλικά)",,"Με την επιτυχή ολοκλήρωση του μαθήματος, οι φοιτητές θα είναι σε θέση να:
• κατανοούν τις βασικές αρχές της μηχανικής των ρευστών και προσδιορίζουν τα χαρακτηριστικά της ροής του ρευστού
• επιλύουν προβλήματα που σχετίζονται με την ισορροπία άλλα και την κίνηση των ρευστών
• υπολογίζουν δυνάμεις από πιέσεις υγρών σε επίπεδες και καμπύλες επιφάνειες
• εφαρμόζουν τις βασικές αρχές διατήρησης μάζας, ορμής και ενέργειας σε φυσικά προβλήματα πραγματικών και ιδεατών ρευστών
• υπολογίζουν παραμέτρους του πεδίου ροής (ταχύτητα και πιέσεις) καθώς επίσης και δυναμικές φορτίσεις με μεθοδολογία όγκου ελέγχου λόγω της κίνησης του ρευστού σε κατασκευές που το περικλείουν ή είναι βυθισμένες σε αυτό
• κατανοούν τις βασικές αρχές της τυρβώδους ροής και συγκρίνουν με τις αντίστοιχες της στρωτής ροής","• Αναζήτηση, ανάλυση και σύνθεση δεδομένων και πληροφοριών
• Λήψη αποφάσεων
• Αυτόνομη εργασία
• Σεβασμός στο φυσικό περιβάλλον
• Προαγωγή της ελεύθερης, δημιουργικής και επαγωγικής σκέψης","Σύντομη περιγραφή μαθήματος:
Το μάθημα αποσκοπεί στην παροχή στους φοιτητές του βασικού θεωρητικού και εργαστηριακού υπόβαθρου για το μάθημα κορμού ‘ΥΔΡ002 Μηχανική των Ρευστών’ καθώς επίσης και για υπόλοιπα μαθήματα (κορμού και επιλογής) που σχετίζονται με την υδραυλική μηχανική. Περιλαμβάνει την αναγκαία ύλη για την κατανόηση: (α) των βασικών φυσικών εννοιών της μηχανικής ρευστών, (β) της εφαρμογής των αρχών διατήρησης μάζας, ορμής και ενέργειας για την επίλυση πρακτικών προβλημάτων και (γ) της ποσοτικής περιγραφής χαρακτηριστικών της ροής τόσο σε σωλήνες όσο και γύρω από αντικείμενα.","-Περιεχόμενο διαλέξεων
   o Βασικά χαρακτηριστικά των ρευστών. Ιξώδες. Δυνάμεις στα ρευστά.
   o Υδροστατική. Κατανομή πιέσεων σε ομογενή και στρωματωμένα υγρά. Μανόμετρα. Δυνάμεις σε επίπεδες και καμπύλες επιφάνειες. Αρχή του Αρχιμήδη. Άνωση.
   o Κινηματικός χαρακτηρισμός ροής. Χαρακτηριστικές γραμμές. Παραμόρφωση ρευστού στοιχείου. Στροβιλότητα. Κυκλοφορία.
   o Διαφορική ανάλυση της ροής. Αρχές διατήρησης μάζας, ορμής και ενέργειας – εξισώσεις συνέχειας και Navier Stokes.
   o Θεώρημα μεταφοράς Reynolds. Γραμμή ενέργειας και πιεζομετρική γραμμή.
   o Ιδεατά ρευστά. Εξισώσεις Euler και Bernoulli. Αστρόβιλη ροή. Συνάρτηση δυναμικού. Ροϊκή συνάρτηση. Εξίσωση Laplace. Σωλήνας Pitot.
   o Πραγματικά ρευστά. Αριθμός Reynolds. Στρωτή και τυρβώδης ροή. Δυναμική άνωση και δυναμική αντίσταση σωμάτων βυθισμένων σε κινούμενο ρευστό.
   o Διδιάστατη ροή Couette και Poiseuille. Στρωτή ροή σε σωλήνες.
   o Στρωτό και τυρβώδες οριακό στρώμα. Πάχος μετάθεσης. Πάχος ορμής. Διατμητική τάση ορίου. Κατανομές ταχύτητας σε τυρβώδη ροή σε σωλήνα. Συντελεστής τριβών σε στρωτή και τυρβώδη ροή. Στρωτή και τυρβώδης οριακή στοιβάδα. Αποκόλληση οριακής στοιβάδας.",,Πρόσωπο με πρόσωπο,"Υποστήριξη Μαθησιακής διαδικασίας (Διδασκαλία, Εργαστηριακή Εκπαίδευση και Επικοινωνία με φοιτητές) μέσω διαλέξεων σε PowerPoint, μέσω ηλεκτρονικής ιστοσελίδας μαθήματος, μέσω της ηλεκτρονικής πλατφόρμας e-learning και μέσω επιπλέον ηλεκτρονικής επικοινωνίας με τους φοιτητές (online ανακοινώσεις και σχόλια, email κτλ). Επιπλέον υλικό (παρουσιάσεις διαλέξεων, εκπαιδευτικά videos, χρήσιμα sites και επιστημονικά άρθρα) ανηρτημένο στο e-learning. Ώρα συνεργασίας καθηγητή-φοιτητών είτε με φυσική παρουσία είτε μέσω τηλεσυνάντησης.",Διαλέξεις Θεωρίας,32,Ασκήσεις Εφαρμογής,10,Εργαστηριακές Ασκήσεις,10,Συγγραφή Εργασίας,10,Αυτοτελής Μελέτη & Ανάλυση Βιβλιογραφίας,68,130,"Γλώσσα Αξιολόγησης: Ελληνική
Γραπτή Εξέταση με Ερωτήσεις Εκτεταμένης Απάντησης (Διαμορφωτική ή/και Συμπερασματική)
Αξιολόγηση Θεωρίας (90% του τελικού βαθμού):
   • Γραπτή εξέταση προόδου (30% του τελικού βαθμού) που περιλαμβάνει:
      o Θεωρητικές ερωτήσεις Εκτεταμένης Απάντησης (Διαμορφωτική ή/και Συμπερασματική)
      o Επίλυση προβλημάτων-ασκήσεων
   • Γραπτή τελική εξέταση (60% του τελικού βαθμού) που περιλαμβάνει:
      o Θεωρητικές ερωτήσεις Εκτεταμένης Απάντησης (Διαμορφωτική ή/και Συμπερασματική)
      o Επίλυση προβλημάτων-ασκήσεων

Αξιολόγηση Εργαστηριακών Ασκήσεων (10% του τελικού βαθμού)
   • Γραπτή εργασία για τις εργαστηριακές ασκήσεις

Το παρόν κείμενο περιγραφής του μαθήματος με τα κριτήρια αξιολόγησης είναι προσβάσιμο στους φοιτητές στον οδηγό σπουδών του Τμήματος (ιστοσελίδα Τμήματος) και στην ιστοσελίδα του μαθήματος.
Το περίγραμμα κοινοποιείται προφορικά στους φοιτητές κατά την πρώτη διάλεξη. ","Πρίνος Παναγιώτης, Μηχανική ρευστών, Εκδόσεις Ζήτη, 2014, ISBN: 978-960-456-419-4, Κωδικός Βιβλίου στον Εύδοξο: 41963463
Λιακόπουλος Αντώνης, Μηχανική Ρευστών, Εκδόσεις Τζιόλα, 2019 (2η έκδοση), ISBN: 978-960-418-774-4, Κωδικός Βιβλίου στον Εύδοξο: 77107657
Τσακογιάννης Ιωάννης, Μηχανική των ρευστών, Εκδόσεις Επίκεντρο, 2005, ISBN: 978-960-6645-09-9, Κωδικός Βιβλίου στον Εύδοξο: 15023
Αυλωνίτης Δημήτρης, Αυλωνίτης Σταμάτης, ΜΗΧΑΝΙΚΗ ΡΕΥΣΤΩΝ Ι, Εκδόσεις Τσότρας, 2020 (5η έκδοση), ISBN: 978-618-5309-95-4, Κωδικός Βιβλίου στον Εύδοξο: 94645124
Παπαϊωάννου Άγγελος, Μηχανική των Ρευστών, Εκδόσεις Σοφία, 2019 (3η έκδοση), ISBN: 978-960-633-004-9, Κωδικός Βιβλίου στον Εύδοξο: 86055189",,
24,ΔΟΜ012,Στατική Ι – Ισοστατικοί φορείς,ΜΗΧΑΝΙΚΩΝ,ΠΟΛΙΤΙΚΩΝ ΜΗΧΑΝΙΚΩΝ,Προπτυχιακό,4,Διαλέξεις και Ασκήσεις Πράξης ,4,5,,,,Επιστημονικής Περιοχής,,"ΔΟΜ004 Τεχνική Μηχανική Ι
ΔΟΜ008 Τεχνική Μηχανική ΙI",Ελληνική,Όχι,http://elearning.teicm.gr/course/view.php?id=504,"Μετά την επιτυχή ολοκλήρωση του μαθήματος οι φοιτητές θα πρέπει να μπορούν να:
• κατανοούν την στατική λειτουργία των ισοστατικών φορέων τον ρόλο των στηρίξεων για την μεταφορά των φορτίων στο υπόβαθρο,
• αναλύουν με την πλέον δόκιμη κατά περίπτωση μέθοδο απλούς και σύνθετους ισοστατικούς φορείς και να υπολογίζουν την έντασή τους και τις μετακινήσεις που αναπτύσσοντα,
• προσδιορίζουν τις γραμμές επιρροής τυχόν κινητών φορτίων και τις περβάλλουσες ακραίες τιμές εντατικών μεγεθών,
• ελέγχουν την ορθότητα των υπολογισμών,
• παρουσιάζουν με δόκιμο και κατανοητό τρόπο τα διαγράμματα των μετακινήσεων και της ελαστικής γραμμής των γραμμικών ισοστατικών φορέων.","• Αυτόνομη εργασία 
• Ομαδική εργασία
• Λήψη αποφάσεων
• Άσκηση κριτικής και αυτοκριτικής
• Προαγωγή της ελεύθερης, δημιουργικής και επαγωγικής σκέψης","Έννοια στερεού σχηματισμού και φορέα. Ισοστατικοί σχηματισμοί. Παραδοχές θεωρίας μικρών παραμορφώσεων. Εντατικά μεγέθη, τεχνική θεωρία κάμψεως δοκών. Διαγράμματα ροπών, τεμνουσών και αξονικών για αμφιέρειστη δοκό, πρόβολο, αμφιέρειστα πλαίσια. Η μέθοδος της υποκατάστατης αμφιέρειστης για την κατασκευή των διαγραμμάτων. Φορείς με εσωτερικές απελευθερώσεις (αρθρώσεις). Δοκός Gerber. Τριαρθρωτά πλαίσια – τόξα. Σχοινοειδής φορέας. Δικτυώματα. Καλώδια. Φορείς με συστήματα ενισχύσεως – αντώσεως. Αναρτημένοι φορείς. Αρχή δυνατών έργων σε ραβδωτούς φορείς. Υπολογισμός μετακινήσεων από φόρτιση, εσωτερικούς και εξωτερικούς καταναγκασμούς. Προσδιορισμός της ελαστικής γραμμής των γραμμικών φορέων και των δικτυωμάτων. Η ομόλογη δοκός των βυθίσεων. Έννοια της γραμμής επιρροής. Γραμμές επιρροής αντιδράσεων και εντατικών μεγεθών αμφιέρειστης και αμφιπροέχουσας δοκού. Γραμμές επιρροής δοκού Gerber. Ακραίες τιμές εντατικών μεγεθών για διάφορους τύπους κινητών φορτίων. Περιβάλλουσες. Φόρτιση επίπεδων φορέων εκτός επιπέδου τους. Ανάπτυξη στρέψης. Υπολογισμός έντασης και παραμόρφωσης σε απλές ισοστατικές εσχάρες. ",,,Στην τάξη (Πρόσωπο με πρόσωπο),"Υποστήριξη Μαθησιακής διαδικασίας μέσω ηλεκτρονικής ιστοσελίδας, μέσω της ηλεκτρονικής πλατφόρμας e-learning και ηλεκτρονικής επικοινωνίας με τους φοιτητές (online ανακοινώσεις και σχόλια, email κτλ). ",Διαλέξεις Θεωρίας,40,Ασκήσεις πράξης,12,Αυτοτελής Μελέτη,78,,,,,130,"• Δύο γραπτές εξετάσεις προόδου (30% του τελικού βαθμού) που περιλαμβάνουν:
   o Θεωρητικές ερωτήσεις κρίσης
   o Επίλυση προβλημάτων-ασκήσεων 

• Γραπτή τελική εξέταση (70% του τελικού βαθμού) που περιλαμβάνει:
   o Θεωρητικές ερωτήσεις κρίσης 
   o Επίλυση προβλημάτων-ασκήσεων 

Το παρόν κείμενο περιγραφής του μαθήματος με τα κριτήρια αξιολόγησης είναι προσβάσιμο στους φοιτητές στον οδηγό σπουδών του Τμήματος (ιστοσελίδα Τμήματος) και στην ιστοσελίδα του μαθήματος","[1073]: ΣΤΑΤΙΚΗ ΤΩΝ ΓΡΑΜΜΙΚΩΝ ΦΟΡΕΩΝ, ΜΗΤΣΟΠΟΥΛΟΥ ΕΥΘΥΜΙΑ  
[22769200]: Στατική των Γραμμικών Φορέων, Βαλιάσης Θωμάς Ν.  
[22772026]: ΕΦΑΡΜΟΣΜΕΝΗ ΣΤΑΤΙΚΗ, WALTER WAGNER, GERHARD ERLHOF  
[86193757]: Στατική Ραβδωτών Φορέων-Ισοστατικοί Φορείς, Ε.ΣΑΠΟΥΝΤΖΑΚΗΣ.
[68388013]: ΣΤΑΤΙΚΗ ΤΩΝ ΚΑΤΑΣΚΕΥΩΝ Τόμος Ι, ΑΒΡΑΜΙΔΗΣ Ι.",,
25,ΓΕΩ002,Εδαφομηχανική Ι,ΜΗΧΑΝΙΚΩΝ,ΠΟΛΙΤΙΚΩΝ ΜΗΧΑΝΙΚΩΝ,Προπτυχιακό,4,Διαλέξεις και Εργαστηριακές Ασκήσεις,4,5,,,,Επιστημονικής Περιοχής,,,Ελληνική,Όχι,https://elearning.cm.ihu.gr/course/view.php?id=427 ,"Η ύλη του μαθήματος στοχεύει στην κατανόηση των βασικών αρχών της Εδαφομηχανικής, την εμπέδωση γνώσεων αναφορικά με τη συμπεριφορά του υλικού «έδαφος» και τη δυνατότητα υπολογιστικής αντιμετώπισης βασικών προβλημάτων σε κλασσικές εφαρμογές της Εδαφομηχανικής. 
Με την επιτυχή ολοκλήρωση του μαθήματος ο φοιτητής/τρια θα είναι σε θέση:
• Να αναγνωρίζει, να κατανοεί και να μπορεί να ταξινομήσει τις βασικές φυσικές και μηχανικές ιδιότητες εδαφών. 
• Να διακρίνει και να αντιλαμβάνεται τις παραμέτρους που σχετίζονται με θέματα συμπεριφοράς του εδάφους. 
• Να υπολογίσει τις αναπτυσσόμενες τάσεις στο έδαφος λόγω του ίδιου βάρους εδάφους αλλά και λόγω εξωτερικής φόρτισης όπως και την διατμητική αντοχή εδάφους και την ευστάθεια εδαφικών πρανών.
• Να συνδυάσει επιμέρους εδαφικά χαρακτηριστικά και να μπορεί να διαφοροποιήσει και να αναπροσαρμόσει τις διαδικασίες εκτίμησης και υπολογισμού βάσει των ιδιαίτερων παραμέτρων της κάθε περίπτωσης που εξετάζεται. ","Το μάθημα συμβάλει στην απόκτηση των παρακάτω ικανοτήτων:
• Αναζήτηση, ανάλυση και σύνθεση δεδομένων και πληροφοριών
• Λήψη αποφάσεων
• Αυτόνομη εργασία
• Σχεδιασμός έργων","Περιγραφή των θεμελιωδών αρχών της συμπεριφοράς του εδάφους και εισαγωγή σε θέματα εδαφικών τάσεων και παραμορφώσεων όπως και ευστάθειας εδάφους. Εισαγωγή σε έννοιες Θεωρητικής Εδαφομηχανικής με σκοπό την χρήση των κατάλληλων εδαφικών παραμέτρων για τον κάθε τύπο προβλήματος.

Περιεχόμενο διαλέξεων θεωρίας:
• Φυσικές και μηχανικές ιδιότητες εδαφών. 
• Εργαστηριακές μετρήσεις και δοκιμές πεδίου. 
• Ροή του νερού σε πορώδη εδάφη και επίδρασή του στη μηχανική συμπεριφορά του εδάφους. 
• Τάσεις και παραμορφώσεις στο έδαφος. 
• Διατμητική αντοχή του εδάφους.
• Ευστάθεια εδαφικών πρανών.

Περιεχόμενο εργαστηριακών ασκήσεων:
• Εισαγωγή σε γνώσεις σχετικές με τον έλεγχο και τις δοκιμές που αφορούν τις φυσικές και μηχανικές ιδιότητες των εδαφών.
• Εργαστηριακός Προσδιορισμός Υγρασίας εδαφών.
• Εργαστηριακός Προσδιορισμός Ειδικού & Φαινόμενου Βάρους εδαφών.
• Κοκκομετρική Ανάλυση εδαφών.
• Εργαστηριακός Προσδιορισμός Ορίων Atterberg (όριο Υδαρότητας, Όριο Πλαστικότητας, Όριο Συρρίκνωσης).
• Μέθοδοι Proctor (Συμπύκνωση εδαφών).
• Προσδιορισμός Εργοταξιακής Πυκνότητας εδαφών.
• Δοκιμή Ανεμπόδιστης Θλίψης (Προσδιορισμός Μονοαξονικής Αντοχής σε Θλίψη των εδαφών).
• Δοκιμή Άμεσης Διάτμησης (Προσδιορισμός Αντοχής σε Διάτμηση των εδαφών).",,,"Στην τάξη και στο εργαστήριο (δια ζώσης). 
Δυνατότητα εξ αποστάσεως διαλέξεων αν απαιτηθεί.","Παρουσίαση διαλέξεων με χρήση Η/Υ (παρουσιάσεις, videos πειραμάτων, κτλ) δια ζώσης ή εξ αποστάσεως αν απαιτηθεί. 
Υποστήριξη μαθησιακής διαδικασίας μέσω της ηλεκτρονικής πλατφόρμας elearning και ηλεκτρονικής επικοινωνίας με τους φοιτητές (online ανακοινώσεις και σχόλια, forum, email κτλ). Δυνατότητα υποστήριξης με χρήση προγραμμάτων τηλεδιάσκεψης (zoom, webex, skype κτλ).
Ερωτηματολόγια αυτοαξιολόγησης στο περιβάλλον elearning του μαθήματος.
Υποβοήθηση εκτέλεσης εργασιών μέσω αρχείων αποτελεσμάτων για τον κάθε φοιτητή.",Διαλέξεις,26,Εργαστηριακές ασκήσεις και επεξεργασία αποτελεσμάτων με υπολογιστικές διαδικασίες,26,Ατομική Εργασία σε εργαστηριακές ασκήσεις και ασκήσεις εφαρμογής,30,Αυτοτελής Μελέτη,40,,,130,"Γραπτή τελική εξέταση θεωρίας που περιλαμβάνει:
• Θεωρητικές ερωτήσεις κρίσης σε αντικείμενα του μαθήματος (ερωτήσεις σύντομης απάντησης και ερωτήσεις πολλαπλής επιλογής).
• Επίλυση προβλημάτων-ασκήσεων.
• Επίλυση ασκήσεων εργαστηρίου.

Παράδοση εργασιών και προφορική εξέταση που περιλαμβάνει:
• Εργαστηριακή εργασία (επεξεργασία αποτελεσμάτων εργαστηριακών ασκήσεων).
• Επίλυση προβλημάτων εφαρμογής.
• Εξέταση της κατανόησης βασικών εννοιών.","Barnes G.E. (2014), ""Εδαφομηχανική: Αρχές και Εφαρμογές (3η έκδοση)"", Εκδόσεις Κλειδάριθμος, Αθήνα, ISBN: 978-960-461-578-0 
Καββαδάς Μ. (2016), ""Στοιχεία Εδαφομηχανικής (2η έκδοση)"", Εκδόσεις Τσότρας, ISBN: 978-618-5066-62-8
Κολέτσος Κ., (2004), ""Γεωτεχνική Μηχανική"", Εκδόσεις University Studio Press, ISBN: 978-960-12-1256-2
Γραμματικόπουλος Ι., Ανδρεάδου-Μάνου Ν., Χατζηγώγος Θ. (2015), ""Εδαφομηχανική: ασκήσεις και προβλήματα (2η έκδοση)"", Αφοι Κυριακίδη, Θεσσαλονίκη, ISBN: 978-618-5105-87-7
Χρηστάρας Β., Χατζηαγγέλου Μ. (2011), ""Απλά βήματα στην Εδαφομηχανική"", University Studio Press, Θεσσαλονίκη, ISBN: 978-960-12-1935-6
Budhu Μ. (2020), ""Εδαφομηχανική και Θεμελιώσεις"", Εκδόσεις Gotsis, Πάτρα, ISBN: 978-960-9427-90-6
Das B.M. (2019), ""Advanced Soil Mechanics"" , Taylor and Francis (5th edition), New York.
Verruijt A. (2018), ""An Introduction to Soil Mechanics"", Springer",,
26,ΓΕΝ008,Αριθμητική Ανάλυση,ΜΗΧΑΝΙΚΩΝ,ΠΟΛΙΤΙΚΩΝ ΜΗΧΑΝΙΚΩΝ,Προπτυχιακό,4,Διαλέξεις και Εργαστηριακές Ασκήσεις,4,5,,,,Γενικού Υποβάθρου,,"ΓΕΝ006 – Προγραμματισμός Η/Υ
ΓΕΝ001 – Απειροστικός  Λογισμός Ι
ΓΕΝ004 – Απειροστικός Λογισμός ΙΙ 
ΓΕΝ007 – Διαφορικές Εξισώσεις",Ελληνική,Όχι,http://teachers.teicm.gr/vozikis/NumericalAnalysis/index.html,"Με την επιτυχή ολοκλήρωση του μαθήματος, οι φοιτητές θα είναι σε θέση να:

• γνωρίζουν βασικές μεθόδους της αριθμητικής ανάλυσης και χρήσιμους αλγορίθμους τον πολιτικό μηχανικό.
• συνειδητοποιούν τη σημασία της χρήσης αλγορίθμων και να είναι σε θέση να ελέγχουν την  αξιοπιστία των αποτελεσμάτων τους.
• κατανοούν τη χρησιμότητα των αριθμητικών μεθόδων ως βασικά κομμάτια προγραμμάτων σχεδιασμού και επιστημονικών υπολογισμών.
• εφαρμόζουν αριθμητικές μεθόδους για τον υπολογισμό λύσεων μεγάλων γραμμικών συστημάτων, εντοπισμό ριζών μη γραμμικών εξισώσεων, εμβαδών πολύπλοκων χωρίων και λύση απλών διαφορικών εξισώσεων. ","• Αυτόνομη εργασία 
• Ομαδική εργασία
• Λήψη αποφάσεων
• Άσκηση κριτικής και αυτοκριτικής
• Προαγωγή της ελεύθερης, δημιουργικής και επαγωγικής σκέψης","Σύντομη περιγραφή μαθήματος:
Στα πλαίσια του μαθήματος παρουσιάζονται κάποιες βασικές  μέθοδοι  Αριθμητικής Ανάλυσης  και γίνεται εφαρμογή τους σε Η/Υ με το πρόγραμμα Matlab. Παρουσιάζονται θέματα όπως επίλυση μη γραμμικών εξισώσεων και γραμμικών - μη γραμμικών  συστημάτων, παρεμβολή, αριθμητική παραγώγιση, αριθμητικός υπολογισμός ορισμένων ολοκληρωμάτων, επίλυση διαφορικών εξισώσεων  και επίλυση συστημάτων διαφορικών εξισώσεων. Τέλος, μελετάται η εφαρμογή των μεθόδων αυτών σε προβλήματα Πολιτικού Μηχανικού.
Στο εργαστηριακό μέρος του μαθήματος γίνεται εφαρμογή των μεθόδων, που παρουσιάστηκαν στις διαλέξεις της θεωρίας, σε Η/Υ χρησιμοποιώντας το πρόγραμμα Matlab (Octave)
","- Περιεχόμενο διαλέξεων θεωρίας
   o Οι έννοιες του απόλυτου και του σχετικού σφάλματος. Αριθμητική Σημαντικών ψηφίων. Η ακρίβεια των πράξεων σε Η/Υ. Σφάλματα αποκοπής και στρογγυλοποίησης.
   o Υπολογισμός των πραγματικών ριζών συναρτήσεων.  Περιγραφή του προβλήματος. Μέθοδοι Διχοτόμησης, Εσφαλμένου σημείου (regulae falsi) και Newton - Raphson. 
   o Χρήση των αναπτυγμάτων Taylor – Mac Laurin στον υπολογισμό τιμών μιας συνάρτησης και στη λύση ολοκληρωμάτων. Οι φοιτητές αντιμετωπίζουν το πρόβλημα της αντικατάστασης μιας μη πολυωνυμικής συνάρτησης με μια πολυωνυμική (με ένα ανάπτυγμα), λύνοντας ολοκληρώματα που δεν λύνονται αναλυτικά.
   o Επίλυση γραμμικών και μη γραμμικών συστημάτων. Παρουσιάζεται η λύση ενός Συστήματος Γραμμικών εξισώσεων με τις μεθόδους Cramer και Gauss-Cholevsky. Επίλυση συστήματος μη γραμμικών Εξισώσεων με τη μέθοδο του Newton
   o Δημιουργία Πινάκων Πεπερασμένων Διαφορών και το Συμπτωτικό πολυώνυμο. Βασικές έννοιες και ιδιότητες των πολυωνυμικών συναρτήσεων. Η έννοια του συμπτωτικού πολυωνύμου.
   o Πίνακες Πεπερασμένων Διαφορών, το Συμπτωτικό πολυώνυμο του Νewton και το πρόβλημα της Παρεμβολής. Γραμμική και πλήρης παρεμβολή, Διπλή γραμμική παρεμβολή.
   o Αριθμητική παραγώγιση.  Η έννοια της, απλοί τύποι  και παραγώγιση του συμπτωτικού πολυωνύμου.
   o Αριθμητική ολοκλήρωση.  Κατανόηση του προβλήματος.  Μέθοδος του τραπεζίου.  Οι τύποι του Cotes που αναφέρονται στη χρήση συμπτωτικού πολυωνύμου 1ου, 2ου, 3ου, 4ου και 6ου βαθμού
   o Αριθμητική επίλυση διαφορικών εξισώσεων 1ης τάξης, της μορφής y’=f(x,y).  Μέθοδος του Euler, του Taylor και των  Runge-Kutta
   o Αριθμητική επίλυση Συστημάτων διαφορικών εξισώσεων. Εφαρμογή με την μέθοδος του Taylor και την μέθοδο των Runge-Kutta.
   o Αριθμητική επίλυση διαφορικών εξισώσεων 2ης τάξης.
   o Εφαρμογή της Αριθμητικής επίλυσης διαφορικών εξισώσεων  σε θέματα της Επιστήμης του Πολιτικού Μηχανικού (ταλαντώσεις).","- Περιεχόμενο εργαστηριακών ασκήσεων
   o Υπολογισμός των πραγματικών ριζών συναρτήσεων.  Περιγραφή του προβλήματος. Μέθοδοι Διχοτόμησης και Newton - Raphson. 
   o Επίλυση γραμμικών και μη γραμμικών συστημάτων. Παρουσιάζεται η λύση ενός Συστήματος Γραμμικών εξισώσεων με τις μεθόδους Cramer και Gauss-Cholevsky. Επίλυση συστήματος μη γραμμικών Εξισώσεων με τη μέθοδο του Newton
   o Αριθμητική ολοκλήρωση.  Κατανόηση του προβλήματος.  Μέθοδος του τραπεζίου.  Οι τύποι του Cotes που αναφέρονται στη χρήση συμπτωτικού πολυωνύμου 1ου, 2ου, 3ου, 4ου και 6ου βαθμού
   o Αριθμητική επίλυση Συστημάτων διαφορικών εξισώσεων. Εφαρμογή με την μέθοδος του Taylor και την μέθοδο των Runge-Kutta.
   o Αριθμητική επίλυση διαφορικών εξισώσεων 2ης τάξης.
   o Εφαρμογή της Αριθμητικής επίλυσης διαφορικών εξισώσεων  σε θέματα της Επιστήμης του Πολιτικού Μηχανικού (ταλαντώσεις).",Στην τάξη (Πρόσωπο με πρόσωπο),"Το εργαστηριακό μέρος του μαθήματος διεξάγεται σε αίθουσα με Η/Υ με ατομικές θέσεις εργασίας για κάθε φοιτητή. Χρήση του πακέτου Octave (Matlab clone) με άδεια ανοικτού λογισμικού GNU.
Υποστήριξη Μαθησιακής διαδικασίας μέσω ηλεκτρονικής ιστοσελίδας, μέσω της ηλεκτρονικής πλατφόρμας e-learning και ηλεκτρονικής επικοινωνίας με τους φοιτητές (online ανακοινώσεις και σχόλια, email κτλ). ",Διαλέξεις Θεωρίας,26,Ασκήσεις πράξης,13,Εργαστηριακές ασκήσεις,13,Εκπόνηση Εργασίας,16,Αυτοτελής Μελέτη,62,130,"Γλώσσα Αξιολόγησης: Ελληνική

• Γραπτή τελική εξέταση (70% του τελικού βαθμού) που περιλαμβάνει:
   o Θεωρητικές ερωτήσεις κρίσης 
   o Επίλυση προβλημάτων-ασκήσεων 
 
• Ατομική εργασία και/ή εξέταση εργαστηρίου (30% του τελικού βαθμού)
Απαραίτητη προϋπόθεση για την επιτυχή παρακολούθηση του μαθήματος είναι η βαθμολόγηση με βαθμό μεγαλύτερο ή ίσο του 5 σε κάθε ένα από τα δύο μέρη αξιολόγησης. Σε αντίθετη περίπτωση ο φοιτητής επαναλαμβάνει το μάθημα χωρίς να κατοχυρώνεται βαθμός σε κάποιο από τα δύο μέρη.

Το παρόν κείμενο περιγραφής του μαθήματος με τα κριτήρια αξιολόγησης είναι προσβάσιμο στους φοιτητές στον οδηγό σπουδών του Τμήματος (ιστοσελίδα Τμήματος) και στην ιστοσελίδα του μαθήματος. Επίσης κοινοποιούνται προφορικά στους φοιτητές κατά την πρώτη διάλεξη. ","Παπαϊωάννου Σ., Βοζίκης Χ. ‘Εισαγωγή στην Αριθμητική Ανάλυση’, Εκδόσεις Ελληνικά Ακαδημαϊκά Ηλεκτρονικά Συγγράμματα και Βοηθήματα - Αποθετήριο ""Κάλλιπος"", 2016, ISBN:978-960-603-379-7
Σαρρής Ι., Καρακασίδης Θ., Αριθμητικές Μέθοδοι και Εφαρμογές για Μηχανικούς, Εκδόσεις Τζιόλα, 2015, ISBN: 978-969-418-520-7
Chapra S., Canale R., Αριθμητικές Μέθοδοι για Μηχανικούς, Εκδόσεις Τζιόλα, 2016, ISBN: 978-960-418-542-9",,
27,ΔΟΜ010,Οπλισμένο Σκυρόδεμα Ι,ΜΗΧΑΝΙΚΩΝ,ΠΟΛΙΤΙΚΩΝ ΜΗΧΑΝΙΚΩΝ,Προπτυχιακό,4,"Διαλέξεις, Ασκήσεις Πράξης ",4,5,,,,Επιστημονικής Περιοχής,,"Στατική, Αντοχή υλικών",Ελληνική,Όχι,"https://elearning.cm.ihu.gr/course/view.php?id=192
http://panagop.civil.ihu.gr/?page_id=29","Με την επιτυχή ολοκλήρωση του μαθήματος οι φοιτητές θα είναι σε θέση:
1. Να γνωρίζουν τις ιδιότητες και τη μηχανική συμπεριφορά των υλικών (σκυρόδεμα, χάλυβας)
2. Να διακρίνουν τις οριακές καταστάσεις που χρησιμοποιούνται στο σχεδιασμό των κατασκευών και να εφαρμόζει κατάλληλους συνδυασμούς δράσεων
3. Να διαστασιολογούν γραμμικά μέλη οπλισμένου σκυροδέματος (δοκοί, υποστυλώματα) στην οριακή κατάσταση αστοχίας για μεγέθη ορθής έντασης (κάμψη με αξονική δύναμη)
4. Να διαστασιολογούν γραμμικά μέλη οπλισμένου σκυροδέματος (δοκοί, υποστυλώματα) στην οριακή κατάσταση αστοχίας σε διάτμηση
5. Να εφαρμόζουν τους κανόνες κατασκευαστικής διαμόρφωσης και όπλισης γραμμικών δομικών στοιχείων, σύμφωνα με τους ισχύοντες κανονισμούς","Το μάθημα συμβάλει στην απόκτηση των παρακάτω ικανοτήτων:
• Αναζήτηση, ανάλυση και σύνθεση δεδομένων και πληροφοριών, με τη χρήση και των απαραίτητων τεχνολογιών.
• Σχεδιασμός και διαχείριση έργων.
• Λήψη αποφάσεων.
• Αυτόνομη εργασία
• Προαγωγή της ελεύθερης, δημιουργικής και επαγωγικής σκέψης","Περιεχόμενη θεωρητικών διαλέξεων
• Ιστορική επισκόπηση της χρήσης του Ο/Σ ως δομικό υλικό και των κανονιστικών διατάξεων που προδιαγράφουν την εφαρμογή του
• Εισαγωγή στα επιμέρους υλικά του οπλισμένου σκυροδέματος και τις ιδιότητές τους
• Παρουσίαση της μεθόδου των οριακών καταστάσεων
• Παρουσίαση κανόνων κατασκευαστικής διαμόρφωσης
• Εισαγωγή στη διαστασιολόγηση δομικών στοιχείων για μεγέθη ορθής έντασης
• Διαστασιολόγηση δοκών από Ο/Σ
• Διαστασιολόγηση υποστυλωμάτων από Ο/Σ
• Διαστασιολόγηση σε διάτμηση

Περιεχόμενο ασκήσεων
• Σύνδεση με τη στατική ανάλυση των κατασκευών – Υπολογισμός φορτιστικών καταστάσεων
• Κατασκευαστική διαμόρφωση δομικών στοιχείων (επικαλύψεις οπλισμών, αγκυρώσεις, ενώσεις κτλ.)
• Καθαρή κάμψη ορθογωνικών δοκών
• Προέχουσα κάμψη ορθογωνικών δοκών
• Διαστασιολόγηση πλακοδοκών
• Διαστασιολόγηση δοκών Ο/Σ σε διάτμηση
• Μονοαξονική κάμψη υποστυλωμάτων
• Διαξονική κάμψη υποστυλωμάτων
• Διαστασιολόγηση υποστυλωμάτων Ο/Σ σε διάτμηση",,,"Στην τάξη (πρόσωπο με πρόσωπο). 
Δυνατότητα για εξ αποστάσεως εκπαίδευση εάν απαιτηθεί.","Παρουσίαση  διαλέξεων  με  χρήση  Η/Υ (παρουσιάσεις, φωτογραφίες, βίντεο πειραμάτων, κτλ).
Χρήση της ηλεκτρονικής πλατφόρμας elearning με αναρτήσεις εκπαιδευτικού υλικού σε ηλεκτρονική μορφή και αλληλεπίδραση με τους φοιτητές.
Ανάθεση  εργασιών  και ηλεκτρονική υποβολή τους μέσω  της πλατφόρμας elearning.
Βοηθήματα και παραδείγματα επίλυσης προβλημάτων και ασκήσεων μέσω αυτοματοποιημένων διαδικασιών (jupyter notebooks, excel, κ.α.)",Διαλέξεις Θεωρίας,26,Ασκήσεις πράξης,26,Εκπόνηση εργασίας,20,Αυτοτελής Μελέτη,58,,,130,"Γλώσσα αξιολόγησης: Ελληνική

Μέθοδοι αξιολόγησης:
   • Τελική γραπτή εξέταση (70%)
   • Υποχρεωτική εργασία (30%)

Το παρόν κείμενο περιγραφής του μαθήματος με τα κριτήρια  αξιολόγησης  είναι  προσβάσιμο  στους  φοιτητές στον οδηγό σπουδών του Τμήματος (ιστοσελίδα Τμήματος)και στην ιστοσελίδα του μαθήματος
","Στοιχεία Υπολογισμού και Διαμόρφωσης Ολόσωμων Κατασκευών, 3η Έκδοση, Καραβεζύρογλου Βέμπερ Μ. [Κωδ. Εύδοξου: 50655984]:
Σχεδιασμός Κατασκευών Από Οπλισμένο Σκυρόδεμα Ι, Τσώνος Αλέξανδρος – Δημήτριος [Κωδ. Εύδοξου: 68403376]
Κατασκευές Από Οπλισμένο Σκυρόδεμα Σύμφωνα Με Τους Νέους Κανονισμούς Ο/Σ & Αντισεισμικών Κατασκευών, Πενέλης Γ., Στυλιανίδης Κ., Κάππος Α., Ιγνατάκης Χ. [Κωδ. Εύδοξου: 1232]:
Ωπλισμένο Σκυροδεμα Τόμος Α, Θεοφάνης Α. Γεωργόπουλος [Κωδ. Εύδοξου: 59373514]",,
28,ΥΔΡ003,Υδραυλική,ΜΗΧΑΝΙΚΩΝ,ΠΟΛΙΤΙΚΩΝ ΜΗΧΑΝΙΚΩΝ,Προπτυχιακό,5,"Διαλέξεις, Ασκήσεις Εφαρμογής και Εργαστηριακές Ασκήσεις",4,5,,,,Επιστημονικής Περιοχής,,"ΓΕΝ003 – Φυσική για Μηχανικούς
ΥΔΡ002 – Μηχανική των ρευστών","Ελληνικά
(Φοιτητές Erasmus: Ελληνικά ή Αγγλικά)","Ναι
(Φοιτητές Erasmus: Ελληνικά ή Αγγλικά)",,"Με την επιτυχή ολοκλήρωση του μαθήματος, οι φοιτητές θα είναι σε θέση να:
• προσδιορίζουν και περιγράφουν την υδραυλική ροή σε κλειστούς αγωγούς υπό πίεση και σε ανοικτούς αγωγούς με ελεύθερη επιφάνεια
• εξηγούν και εκτιμούν απώλειες ενέργειας (τοπικές και γραμμικές) ροής σε αγωγούς
• υπολογίζουν και αναλύουν συστήματα παράλληλων αγωγών και αγωγών σε σειρά, καθώς και υδραυλικών δικτύων
• υπολογίζουν και αναλύουν την επίδραση υδροδυναμικών μηχανών στην υδραυλική ροή δικτύων για να σχεδιάσουν τους αγωγούς των υδραυλικών δικτύων
• προσδιορίζουν τα διαμήκη προφίλ της ελεύθερης επιφάνειας σε ανοικτούς αγωγούς και εξηγούν την πιθανή θέση υδραυλικού άλματος
• αξιολογούν προβλήματα ροής σε ανοικτούς αγωγούς τόσο για ομοιόμορφη όσο και για βαθμιαίως μεταβαλλόμενη ροή","• Αναζήτηση, ανάλυση και σύνθεση δεδομένων και πληροφοριών
• Λήψη αποφάσεων
• Αυτόνομη εργασία
• Σεβασμός στο φυσικό περιβάλλον
• Προαγωγή της ελεύθερης, δημιουργικής και επαγωγικής σκέψης","-Σύντομη περιγραφή μαθήματος:
Το μάθημα αποσκοπεί στην παροχή στους φοιτητές του βασικού θεωρητικού και εργαστηριακού υπόβαθρου για το μάθημα κορμού ‘ΥΔΡ003 Υδραυλική’. Περιλαμβάνει την αναγκαία ύλη για την κατανόηση των χαρακτηριστικών της υδραυλικής ροής σε κλειστούς αγωγούς υπό πίεση ή σε ανοικτούς αγωγούς με ελεύθερη επιφάνεια.

-Περιεχόμενο διαλέξεων 
   o Βασικές ιδιότητες ρευστών, βασικά στοιχεία μηχανικής ρευστών, στρωτή και τυρβώδης ροή, οριακό στρώμα.
   o Μόνιμη ροή σε κλειστούς αγωγούς: Βασικές εξισώσεις υδραυλικής. Κατανομή ταχυτήτων ροής σε στρωτή και τυρβώδη ροή. Διατμητική τάση ορίου. Υδραυλικό φορτίο. Απώλειες φορτίου σε σωλήνες. Γραμμικές απώλειες. Διάγραμμα Moody. Τοπικές απώλειες ενέργειας (στενώσεις, διευρύνσεις, καμπύλες, γωνίες). Απώλειες ενέργειας σε αγωγούς μη κυκλικής διατομής. Γραμμή ενέργειας και πιεζομετρική γραμμή. Προσδιορισμός συντελεστή τριβής. Σύνδεση αγωγών σε σειρά και παράλληλα. Ισοδύναμοι αγωγοί. Υδροδυναμικές μηχανές. Αντλίες σε σειρά και σε παράλληλη διάταξη. Σημείο λειτουργίας δικτύου. Σπηλαίωση. Σίφωνες.
   o Ροή σε ανοικτούς αγωγούς: Τύποι ροής με ελεύθερη επιφάνεια (μόνιμη – μη μόνιμη, ομοιόμορφη – ανομοιόμορφη). Αριθμός Froude. Ειδική ενέργεια. Κρίσιμο βάθος. Ειδική δύναμη. Εφαρμογές θεωρίας κρίσιμου βάθους (ομαλή ανύψωση πυθμένα, στένωση η διεύρυνση διατομής). Υδραυλικό άλμα. Θέση υδραυλικού άλματος. Ομοιόμορφη ροή. Ορισμοί και εξισώσεις. Ομοιόμορφη ροή σε σύνθετες διατομές. Βαθμιαία μεταβαλλόμενη ροή. Γενικά χαρακτηριστικά. Κατηγορίες προφίλ και ταξινόμησή του. Διατομές ελέγχου. Υπολογισμός βαθμιαίας μεταβαλλόμενης ροής.",,,Πρόσωπο με πρόσωπο,"Υποστήριξη Μαθησιακής διαδικασίας (Διδασκαλία, Εργαστηριακή Εκπαίδευση και Επικοινωνία με φοιτητές) μέσω διαλέξεων σε PowerPoint, μέσω ηλεκτρονικής ιστοσελίδας μαθήματος, μέσω της ηλεκτρονικής πλατφόρμας e-learning και μέσω επιπλέον ηλεκτρονικής επικοινωνίας με τους φοιτητές (online ανακοινώσεις και σχόλια, email κτλ). Επιπλέον υλικό (παρουσιάσεις διαλέξεων, εκπαιδευτικά videos, χρήσιμα sites και επιστημονικά άρθρα) ανηρτημένο στο e-learning. Ώρα συνεργασίας καθηγητή-φοιτητών είτε με φυσική παρουσία είτε μέσω τηλεσυνάντησης.",Διαλέξεις Θεωρίας,32,Ασκήσεις Εφαρμογής,10,Εργαστηριακές Ασκήσεις,10,Συγγραφή Εργασίας,10,Αυτοτελής Μελέτη & Ανάλυση Βιβλιογραφίας,68,130,"Γλώσσα Αξιολόγησης: Ελληνική
Γραπτή Εξέταση με Ερωτήσεις Εκτεταμένης Απάντησης (Διαμορφωτική ή/και Συμπερασματική)
Αξιολόγηση Θεωρίας (90% του τελικού βαθμού):
   • Γραπτή εξέταση προόδου (30% του τελικού βαθμού) που περιλαμβάνει:
      o Θεωρητικές ερωτήσεις Εκτεταμένης Απάντησης (Διαμορφωτική ή/και Συμπερασματική)
      o Επίλυση προβλημάτων-ασκήσεων
   • Γραπτή τελική εξέταση (60% του τελικού βαθμού) που περιλαμβάνει:
      o Θεωρητικές ερωτήσεις Εκτεταμένης Απάντησης (Διαμορφωτική ή/και Συμπερασματική)
      o Επίλυση προβλημάτων-ασκήσεων

Αξιολόγηση Εργαστηριακών Ασκήσεων (10% του τελικού βαθμού)
   • Γραπτή εργασία για τις εργαστηριακές ασκήσεις

Το παρόν κείμενο περιγραφής του μαθήματος με τα κριτήρια αξιολόγησης είναι προσβάσιμο στους φοιτητές στον οδηγό σπουδών του Τμήματος (ιστοσελίδα Τμήματος) και στην ιστοσελίδα του μαθήματος.
Το περίγραμμα κοινοποιείται προφορικά στους φοιτητές κατά την πρώτη διάλεξη. ","Πρίνος Παναγιώτης, Υδραυλική Κλειστών και Ανοικτών Αγωγών, Εκδόσεις Ζήτη, 2013, ISBN: 978-960-456-344-9. Κωδικός Βιβλίου στον Εύδοξο: 22767973
Λιακόπουλος Αντώνης, Υδραυλική, Εκδόσεις ΤΖΙΟΛΑ, 2020 (3η έκδοση), ISBN: 978-960-418-775-1. Κωδικός Βιβλίου στον Εύδοξο: 77107649
Στάμου Αναστάσιος, Εφαρμοσμένη Υδραυλική, Εκδόσεις Παπασωτηρίου, 2016 (3η έκδοση), ISBN: 978-960-491-109-7. Κωδικός Βιβλίου στον Εύδοξο: 59397206
Σούλης Ιωάννης, ΥΔΡΑΥΛΙΚΗ, Εκδόσεις ΧΑΡΑΛΑΜΠΟΣ ΝΙΚ. ΑΪΒΑΖΗΣ, 2012, ISBN: 978-960-549-001-0. Κωδικός Βιβλίου στον Εύδοξο: 22714197
Δημητρακόπουλος Αλέξανδρος, ΣΤΟΙΧΕΙΑ ΥΔΡΑΥΛΙΚΗΣ ΚΛΕΙΣΤΩΝ ΚΑΙ ΑΝΟΙΚΤΩΝ ΑΓΩΓΩΝ, Εκδόσεις GOTSIS, 2018, ISBN: 978-960-9427-72-2. Κωδικός Βιβλίου στον Εύδοξο: 77119353",,
29,ΔΟΜ011,"Πολεοδομία, Αστικός Χώρος και Εφαρμογές Νομοθεσίας",ΜΗΧΑΝΙΚΩΝ,ΠΟΛΙΤΙΚΩΝ ΜΗΧΑΝΙΚΩΝ,Προπτυχιακό,5,Διαλέξεις και ασκήσεις πράξης,4,5,,,,Επιστημονικής Περιοχής,,,Ελληνική,Όχι,https://elearning.cm.ihu.gr/course/view.php?id=739,"Με την επιτυχή ολοκλήρωση του μαθήματος ο φοιτητής αναμένεται να είναι σε θέση για τα παρακάτω:
- Εξοικείωση με τις έννοιες και τους όρους του Πολεοδομικού και Αστικού Σχεδιασμού, κατανόηση και υιοθέτηση (χρήση) της αντίστοιχης ορολογίας.
- Εξοικείωση, κατανόηση και δυνατότητα εφαρμογής κανονισμών και όρων πολεοδομικής και τεχνικής νομοθεσίας, με έμφαση στους όρους δόμησης για την ιδιοκτησία και το κτίριο στις αστικές περιοχές της ελληνικής επικράτειας. 
- Δυνατότητα συμμετοχής σε ομάδα μηχανικών πολεοδομικής παρέμβασης για την αναβάθμιση και εξυγίανση υφιστάμενων τμημάτων πόλης. Ικανότητες χωρικής ανάλυσης, αποτύπωσης και καταγραφής στοιχείων μορφής και λειτουργίας της πόλης, διάκρισης και ανάδειξης προβλημάτων του αστικού χώρου, επεξεργασίας υποβάθρων (λ.χ. ρυμοτομικά σχέδια) και ανάπτυξης στρατηγικών για σχεδιαστικές επεμβάσεις (αναβάθμιση, εξυγίανση) σε προγραμματικό επίπεδο.  
- Ικανότητα σχεδιασμού σε επίπεδο προμελέτης, εντός του αστικού ιστού, κτιρίου μικρής αρχιτεκτονικής συνθετότητας (λ.χ. οικοδομή κατοικιών με τυπικό όροφο, δώμα και πυλωτή), κατ’ εφαρμογή των όρων δόμησης. Επίσης, δυνατότητα διαμόρφωσης του ακαλύπτου χώρου (επίπεδο ισογείου) με όρους και προδιαγραφές βιωσιμότητας για τους ενοίκους του κτιρίου και ευρύτερα, για την αστική περιοχή. 
- Δυνατότητα αξιολόγησης, στα κτίρια και, συγκεντρωτικά, σε περιοχές της ελληνικής πόλης, προβλημάτων που συνδέονται και με την εφαρμογή (ή τη μη εφαρμογή) της πολεοδομικής νομοθεσίας. Αντίστοιχα, δυνατότητα διαμόρφωσης προτάσεων επίλυσης/ βελτίωσης με την εφαρμογή κανονισμών που παρέχουν κίνητρα για τη βιωσιμότητα της πόλης και των μονάδων της και με τη χρήση των κατάλληλων μεθόδων και εργαλείων. Ενδεικτικά, προτάσεις που υιοθετούν τα κίνητρα στη νομοθεσία για κτίρια με προδιαγραφές ενεργειακού σχεδιασμού, για την ανάκτηση του πρασίνου σε αστικά ‘κενά’, για εφαρμογή προδιαγραφών προσβασιμότητας για όλους (ΑΜΚ κ.ά.) σε κοινόχρηστους και ιδιωτικούς χώρους της πόλης.","Το μάθημα συμβάλει στην απόκτηση των παρακάτω ικανοτήτων:
• Αναζήτηση, ανάλυση και σύνθεση δεδομένων και πληροφοριών, με τη χρήση και των απαραίτητων τεχνολογιών 
• Προσαρμογή σε νέες καταστάσεις 
• Λήψη αποφάσεων 
• Αυτόνομη εργασία 
• Ομαδική εργασία 
• Εργασία σε διεπιστημονικό περιβάλλον 
• Σχεδιασμός και διαχείριση έργων 
• Σεβασμός στη διαφορετικότητα και στην πολυπολιτισμικότητα 
• Σεβασμός στο φυσικό περιβάλλον 
• Άσκηση κριτικής και αυτοκριτικής 
• Προαγωγή της ελεύθερης, δημιουργικής και επαγωγικής σκέψης","Το μάθημα εισάγει τους φοιτητές σε βασικές έννοιες της επιστήμης της Πολεοδομίας, με επίκεντρο την κλίμακα του αστικού χώρου και τα αντικείμενα του αστικού σχεδιασμού. Η θεώρηση βρίσκεται και υπό το πρίσμα της σχετικής νομοθεσίας, καθώς γίνεται προσπάθεια σύνδεσης του χώρου της ελληνικής πόλης (μορφή, λειτουργία, εξέλιξη) με νομοθετήματα που καθορίζουν τις τελευταίες δεκαετίες την παραγωγή του. Τα αστικά φαινόμενα εξετάζονται στη βάση της βιώσιμης αστικής ανάπτυξης, ξεκινώντας μακροσκοπικά και πλησιάζοντας σταδιακά στην κλίμακα αστικών μονάδων και κτιρίων. Ενδεικτικά: περιφέρεια, πόλη, αστική περιοχή, δημόσιος και ιδιωτικός χώρος, κτίριο. Σε θεωρητικό επίπεδο δίνεται έμφαση σε διαχρονικές και σύγχρονες προσεγγίσεις του πολεοδομικού και αστικού σχεδιασμού ενώ, ταυτόχρονα, μέσω ατομικών και ομαδικών ασκήσεων, εργασιών και σχεδιαστικού θέματος, οι φοιτητές έρχονται σε επαφή με μεθοδολογίες χωρικής ανάλυσης, με ζητήματα αποτύπωσης και καταγραφής συνθηκών της υφιστάμενης κατάστασης τμημάτων πόλης, ζητήματα επεξεργασίας και ταξινόμησης δεδομένων, την ανάπτυξη στρατηγικών αναβάθμισης και σχεδιαστικών επεμβάσεων στο πλαίσιο μίας προγραμματικής διαδικασίας στην κλίμακα του αστικού χώρου – ενδεικτικά, περιοχές Ο.Τ. Σε επόμενο στάδιο, η κλίμακα συγκλίνει στη μονάδα (δρόμος, αστικό μέτωπο, όριο, ιδιωτικός χώρος, κτίριο, ιδιοκτησία) και οι φοιτητές έρχονται αντιμέτωποι με την εφαρμογή των όρων δόμησης και άλλων νομοθετημάτων στην κλίμακα του κτιρίου και του ευρύτερου περιβάλλοντα χώρου του, σε επίπεδο προμελέτης (κλίμακες 1:200-1:100). Στόχος η κατάκτηση της γνώσης γύρω από βασικά θέματα πολεοδομίας και αστικού χώρου στο πλαίσιο της ελληνικής πολιτείας καθώς και η εξοικείωση με θέματα τρέχουσας πολεοδομικής και τεχνικής νομοθεσίας και των εφαρμογών τους, σε αντικείμενα του Σχεδιασμού που άπτονται της αρμοδιότητας των Πολιτικών Μηχανικών.",,,Στην τάξη (πρόσωπο με πρόσωπο),"Η χρήση Τ.Π.Ε. στη διδασκαλία της θεωρίας και των ασκήσεων του μαθήματος γίνεται ως εξής:
-   Παρουσιάσεις διαλέξεων με χρήση Η/Υ (Powerpoint) εκ μέρους του διδάσκοντα, για τη θεωρία και τις ασκήσεις.
-   Παρουσίαση θεμάτων ασκήσεων με χρήση Η/Υ (Powerpoint) εκ μέρους των φοιτητών, για τις ομαδικές και ατομικές εργασίες.  
-   Χρήση εξειδικευμένου λογισμικού ψηφιακής σχεδίασης στην κλίμακα του αστικού χώρου και του κτιρίου (π.χ. AutoCAD) κατά τη διεξαγωγή του μαθήματος, για την εκπόνηση των ασκήσεων και των εργασιών. 
-   Υποστήριξη μαθησιακής διαδικασίας μέσω της ηλεκτρονικής πλατφόρμας e-learning του Τμήματος. 
-   Συναντήσεις εξ αποστάσεως διδάσκοντα και φοιτητών για συνεργασία σε ώρες εκτός μαθήματος (μέσω ψηφιακής πλατφόρμας π.χ. ΖΟΟΜ). 
-   Επικοινωνία διδάσκοντα και φοιτητών μέσω ηλεκτρονικού ταχυδρομείου (e-mail) για περαιτέρω υποστήριξη της διδακτικής διαδικασίας.",Διαλέξεις Θεωρίας,,Ασκήσεις πράξης,,Ατομικές και ομαδικές εργασίες μικρής και μεγάλης διάρκειας,,Αυτοτελής Μελέτη,,,,130,"Η αξιολόγηση των φοιτητών στο μάθημα αποτελεί συνισταμένη των παρακάτω:
   - επίδοση στις γραπτές εξετάσεις
   - ποιότητα ασκήσεων πράξης, σχεδιαστικών θεμάτων και βιβλιογραφικών εργασιών 
   - συνέπεια και συμμετοχή στις διαδικασίες του μαθήματος
Στη διαμόρφωση του τελικού βαθμού οι εξετάσεις και το σύνολο των ασκήσεων/θεμάτων/εργασιών συμμετέχουν ως εξής: 50% θεωρία (γραπτές εξετάσεις στο τέλος του εξαμήνου), 50% σύνολο ασκήσεων/θεμάτων/εργασιών (εκπονούνται στη διάρκεια του εξαμήνου).

Τα παραπάνω κριτήρια αξιολόγησης αναγράφονται στο «Εισαγωγικό Φυλλάδιο» του μαθήματος, που αναρτάται στο e-learning/ ιστοσελίδα, την 1η εβδομάδα του εξαμήνου και διανέμεται ή/και παρουσιάζεται στους φοιτητές στο 1ο μάθημα.","Αραβαντινός, Αθανάσιος, 2007. Πολεοδομικός Σχεδιασμός (2η αναθεωρημένη έκδοση). Αθήνα: Συμμετρία.
Ανδρικοπούλου Ελένη, Γιαννακού Αθηνά, Καυκαλάς Γρηγόρης, Πιτσιάβα - Λατινοπούλου Μάγδα, 2014. Πόλη και πολεοδομικές πρακτικές (2η αναθεωρημένη έκδοση). Αθήνα: Κριτική.
Μέλισσας, Δημήτριος, 2015 (3η έκδ.). Νέος οικοδομικός κανονισμός (Ν.4067/2012) – Ερμηνεία κατ’ άρθρο. Αθήνα: Εκδ. Σάκκουλα.
Μοσχάκη, Ευδοκία, Μάρα Σοφία, 2016 (5η έκδ.). Νέος Οικοδομικός Κανονισμός: ο ν.4067/2012 όπως τροποποιήθηκε και ισχύει μέχρι σήμερα. Αθήνα: Εκδ. Δεδεμάδη.
Σιόλας, Ά., Βάσση, Α., Βλαστός, Θ., Κυριακίδης, Χ., Σίτη, Μ., Μπακογιάννης, Ε., 2015. Μέθοδοι, εφαρμογές και εργαλεία πολεοδομικού σχεδιασμού. [ηλεκτρ. βιβλ.] Αθήνα: Σύνδεσμος Ελληνικών Ακαδημαϊκών Βιβλιοθηκών (Κάλλιπος). Διαθέσιμο στο: http://hdl.handle.net/11419/5409",,
30,ΣΥΓ004,Οδοποιία Ι,ΜΗΧΑΝΙΚΩΝ,ΠΟΛΙΤΙΚΩΝ ΜΗΧΑΝΙΚΩΝ,Προπτυχιακό,5,Διαλέξεις,4,5,,,,Επιστημονικής Περιοχής,,,Ελληνική,Όχι,https://elearning.cm.ihu.gr/course/view.php?id=743,"Με την επιτυχή ολοκλήρωση του μαθήματος ο φοιτητής/τρια θα είναι σε θέση:
• Να κατανοεί τις βασικές αρχές του γεωμετρικού σχεδιασμού των οδών.
• Να εξοικειωθεί με το τυπολόγιο υπολογισμού των χαράξεων.
• Να γνωρίζει, να αναλύει, να κρίνει και να συνθέτει τα διαφορετικά κριτήρια σχεδιασμού οδών. 
• Να εξασκηθεί στο σχεδιασμό της οδού μέσω κατάλληλων εφαρμογών. ","Το μάθημα συμβάλει στην απόκτηση των παρακάτω ικανοτήτων:
• Αναζήτηση, ανάλυση και σύνθεση δεδομένων και πληροφοριών, με τη χρήση και των απαραίτητων τεχνολογιών
• Προσαρμογή σε νέες καταστάσεις
• Λήψη αποφάσεων
• Αυτόνομη εργασία
• Σχεδιασμός και διαχείριση έργων 
• Σεβασμός στο φυσικό περιβάλλον","Περιεχόμενο διαλέξεων μαθήματος: 
• Εισαγωγή. Μελέτη και υλοποίηση οδικών έργων.
• Κανονισμοί. Διαδικασία εκπόνησης μελετών οδοποιίας.
• Βασικές έννοιες και ορισμοί.
• Κριτήρια ασφαλούς σχεδιασμού οδών. 
• Ξεκίνημα της χάραξης της οδού.
• Οριζοντιογραφία.
• Μηκοτομή.
• Διάγραμμα Επικλίσεων.  
• Διατομές. 
• Μελέτη διαπλατύνσεων.
• Μελέτη ορατότητας.",,,"Στην αίθουσα διδασκαλίας (πρόσωπο με πρόσωπο)
Δυνατότητα εξ αποστάσεως διαλέξεων εφόσον απαιτηθεί.","Παρουσίαση διαλέξεων με χρήση φορητού Η/Υ και βιντεοπροβολέα ή με τηλεδιάσκεψη εξ αποστάσεως εφόσον απαιτηθεί.
Υποστήριξη μαθησιακής διαδικασίας μέσω της ηλεκτρονικής πλατφόρμας e-learning.
Συναντήσεις εξ αποστάσεως διδάσκοντα / διδάσκουσας και φοιτητών για συνεργασία σε ώρες εκτός μαθήματος (μέσω ψηφιακής πλατφόρμας, πχ. ZOOM, Skype). 
Ανάρτηση ανακοινώσεων στην ιστοσελίδα του Τμήματος και στην ηλεκτρονική σελίδα του μαθήματος στην ηλεκτρονική πλατφόρμα e-learning.
Επικοινωνία διδάσκοντα / διδάσκουσας και φοιτητών μέσω ηλεκτρονικού ταχυδρομείου (email).",Διαλέξεις ,52,Αυτοτελής Μελέτη,48,Ατομική Εργασία,30,,,,,130,"Τελική γραπτή εξέταση (100%) που περιλαμβάνει: 
   • Ερωτήσεις θεωρίας 
   • Επίλυση ασκήσεων
Ή Τελική γραπτή εξέταση (70%) + Προαιρετική ατομική εργασία (30%).
Τα κριτήρια αξιολόγησης γνωστοποιούνται στους φοιτητές στην πρώτη διάλεξη του μαθήματος. Επίσης, δίνεται η δυνατότητα σε κάθε φοιτητή να ελέγξει το γραπτό και την εργασία του και να του αναλυθούν τα λάθη του.","Αποστολέρης, Α.Κ. (2015). Οδοποιία Ι – Χαράξεις και Υπολογισμός Χωματισμών, Θεωρία και Πρακτική. Αναστάσιος Κ. Αποστολέρης, ΑΠΟΣΤΟΛΕΡΗΣ ΚΑΙ ΣΙΑ Ο.Ε., ISBN: 9789609371735.
Κοφίτσας, Ι.Δ. (2009). Στοιχεία Οδοποιίας. Ίων, ΣΤΕΛΛΑ ΠΑΡΙΚΟΥ & ΣΙΑ ΟΕ, ISBN: 978-960-411-185-5.  
Natzschka, H. (2014). Οδοποιία: Σχεδιασμός και Κατασκευή. ΕΚΔΟΣΕΙΣ ΚΛΕΙΔΑΡΙΘΜΟΣ ΕΠΕ, ISBN: 978-960-461-583-4.
Οδηγίες Μελετών Οδικών Έργων, Τεύχος 1: Λειτουργική Κατάταξη Οδικού Δικτύου (ΟΜΟΕ-ΛΚΟΔ), ΥΠΕΧΩΔΕ, ΓΓΔΕ/ΔΜΕΟ, Έκδοση: 30/01/2001.  
Οδηγίες Μελετών Οδικών Έργων, Τεύχος 2: Διατομές (ΟΜΟΕ-Δ), ΥΠΕΧΩΔΕ, ΓΓΔΕ/ΔΜΕΟ, Έκδοση: 30/01/2001.  
Οδηγίες Μελετών Οδικών Έργων, Τεύχος 3: Χαράξεις (ΟΜΟΕ-Χ), ΥΠΕΧΩΔΕ, ΓΓΔΕ/ΔΜΕΟ, Έκδοση: 30/01/2001.  
Οδηγίες Μελετών Οδικών Έργων, Τεύχος 4: Κύριες Αστικές Οδοί (ΟΜΟΕ-ΚΑΟ), ΥΠΕΧΩΔΕ, ΓΓΔΕ/ΔΜΕΟ, Έκδοση: 30/01/2001.  
Οδηγίες Μελετών Οδικών Έργων, Τεύχος 5: Πρόσθετες Λωρίδες Κυκλοφορίας (ΟΜΟΕ-ΠΛΚ), ΥΠΕΧΩΔΕ, ΓΓΔΕ/ΔΜΕΟ, Έκδοση: 30/01/2001.  ",,
31,ΔΟΜ014,Στατική ΙΙ – Υπερστατικοί φορείς,ΜΗΧΑΝΙΚΩΝ,ΠΟΛΙΤΙΚΩΝ ΜΗΧΑΝΙΚΩΝ,Προπτυχιακό,5,Διαλέξεις και Ασκήσεις Πράξης,4,5,,,,Επιστημονικής Περιοχής,,"ΔΟΜ004 Τεχνική Μηχανική Ι
ΔΟΜ008 Τεχνική Μηχανική ΙI
ΔΟΜ012 Στατική Ι – Ισοστατικοί φορείς",Ελληνική,Όχι,http://elearning.teicm.gr/course/view.php?id=228,"Μετά την επιτυχή ολοκλήρωση του μαθήματος οι φοιτητές θα πρέπει να:
1. γνωρίζουν τις βασικές έννοιες της στατικής και κινηματικής αοριστίας, 
2. συνειδητοποιούν την ιδιαίτερα βασική έννοια του συμβιβαστού των παραμορφώσεων,
3. κατανοούν την συμπεριφορά σχετικά σύνθετων υπερστατικών φορέων, 
4. δομούν το υπολογιστικό μοντέλο σχετικά σύνθετων υπερστατικών φορέων, και 
5. υπολογίζουν αναλυτικά την εντατική και παραμορφωσιακή κατάσταση υπερστατικών φορέων, με ποιοτικό τρόπο τα διαγράμματα M,Q,N και των γραμμών επιρροής υπερστατικών φορέων.","• Αυτόνομη εργασία 
• Ομαδική εργασία
• Λήψη αποφάσεων
• Άσκηση κριτικής και αυτοκριτικής
• Προαγωγή της ελεύθερης, δημιουργικής και επαγωγικής σκέψης","Εξέταση της ισοστατικότητας-υπερστατικότητας. Εισαγωγή στο σκεπτικό της μεθόδου των δυνάμεων. Οι αρχές της αποδέσμευσης και της επαλληλίας. Κύριο στατικό σύστημα, συνθήκες συμβιβαστού. Η ένταση από φόρτιση και από καταναγκασμούς. Υπολογισμός μετακινήσεων και παραμορφώσεων. Η απλοποιητική πρόταση της στατικής. Γραμμές επιρροής με τη μέθοδο των δυνάμεων. Συνήθεις υπερστατικοί φορείς. Συνεχής δοκός, ενισχυμένες δοκοί, υπερστατικά πλαίσια. Υπερστατικά δικτυώματα: μόρφωση και υπολογισμός. Η μέθοδος του υπερστατικού κυρίου συστήματος. Συμμετρία και αντισυμμετρία στους υπερστατικούς φορείς. H μέθοδος των μετακινήσεων: Σκεπτικό της μεθόδου, γεωμετρικό κύριο σύστημα, διαδικασία επίλυσης, παραλληλισμός με την μέθοδο δυνάμεων. Ατενείς φορείς: Απλοποίηση της μεθόδου μετακινήσεων, υπολογισμός της έντασης και παραμόρφωσης παγίων φορέων για φορτίσεις, εσωτερικούς και εξωτερικούς καταναγκασμούς. Υπερπάγιοι φορείς. Υπολογισμός των αξονικών με συνθήκες συμβιβαστού. Οι καταναγκασμοί στους υπερπάγιους φορείς. Ο υπολογισμός των μεταθετών φορέων με τη μέθοδο των μετακινήσεων. Γραμμές επιρροής με τη μέθοδο των μετακινήσεων. Εκμετάλλευση της συμμετρία και αντισυμμετρίας για την επίλυση φορέων με τη μέθοδο των μετακινήσεων.",,,Στην τάξη (Πρόσωπο με πρόσωπο),"Υποστήριξη Μαθησιακής διαδικασίας μέσω ηλεκτρονικής ιστοσελίδας, μέσω της ηλεκτρονικής πλατφόρμας e-learning και ηλεκτρονικής επικοινωνίας με τους φοιτητές (online ανακοινώσεις και σχόλια, email κτλ). ",Διαλέξεις Θεωρίας,40,Ασκήσεις πράξης,12,Αυτοτελής Μελέτη,78,,,,,130,"• Δύο γραπτές εξετάσεις προόδου (30% του τελικού βαθμού) που περιλαμβάνουν:
   o Θεωρητικές ερωτήσεις κρίσης 
   o Επίλυση προβλημάτων-ασκήσεων 

• Γραπτή τελική εξέταση (70% του τελικού βαθμού) που περιλαμβάνει:
   o Θεωρητικές ερωτήσεις κρίσης 
   o Επίλυση προβλημάτων-ασκήσεων 
 
Το παρόν κείμενο περιγραφής του μαθήματος με τα κριτήρια αξιολόγησης είναι προσβάσιμο στους φοιτητές στον οδηγό σπουδών του Τμήματος (ιστοσελίδα Τμήματος) και στην ιστοσελίδα του μαθήματος","[1073]: ΣΤΑΤΙΚΗ ΤΩΝ ΓΡΑΜΜΙΚΩΝ ΦΟΡΕΩΝ, ΜΗΤΣΟΠΟΥΛΟΥ ΕΥΘΥΜΙΑ  
[13964]: ΣΤΑΤΙΚΗ ΤΩΝ ΔΟΜΙΚΩΝ ΦΟΡΕΩΝ, ΛΕΩΝΙΔΑΣ Θ. ΣΤΑΥΡΙΔΗΣ  
[22772026]: ΕΦΑΡΜΟΣΜΕΝΗ ΣΤΑΤΙΚΗ, WALTER WAGNER, GERHARD ERLHOF 
[68395205]: ΣΤΑΤΙΚΗ ΤΩΝ ΚΑΤΑΣΚΕΥΩΝ Τόμος ΙΙ, ΑΒΡΑΜΙΔΗΣ Ι.
",,
32,ΔΟΜ013,Οπλισμένο Σκυρόδεμα ΙI,ΜΗΧΑΝΙΚΩΝ,ΠΟΛΙΤΙΚΩΝ ΜΗΧΑΝΙΚΩΝ,Προπτυχιακό,5,Διαλέξεις και Ασκήσεις Πράξης,4,5,,,,Επιστημονικής Περιοχής,,Οπλισμένο Σκυρόδεμα Ι,Ελληνική,Όχι,https://elearning.cm.ihu.gr/course/view.php?id=773,"Με την επιτυχή ολοκλήρωση του μαθήματος οι φοιτητές θα είναι σε θέση:
1. Να υπολογίζει τα φορτία και τα εντατικά μεγέθη σε πλάκες οπλισμένου σκυροδέματος καθώς και να μεταφέρει τα φορτία από τις πλάκες στις δοκούς
2. Να αναγνωρίζει τα είδη των πλακών και να διαστασιολογεί απλά και σταυροειδώς οπλισμένες πλάκες κατά τον Ευρωκώδικα 2
3. Να διαστασιολογεί γραμμικά στοιχεία οπλισμένου σκυροδέματος σε στρέψη κατά τον Ευρωκώδικα 2
4. Να προσομοιώνει πλαισιακούς φορείς οπλισμένου σκυροδέματος σε λογισμικό πεπερασμένων στοιχείων για κατάλληλους συνδυασμούς φορτίσεων στις οριακές καταστάσεις αστοχίας και λειτουργικότητας και να υπολογίζει τις περιβάλλουσες των εντατικών μεγεθών
5. Να σχεδιάζει το κατασκευαστικό σχέδιο με τα αναπτύγματα και τις λεπτομέρειες όπλισης των στοιχείων οπλισμένου σκυροδέματος","Το μάθημα συμβάλει στην απόκτηση των παρακάτω ικανοτήτων:
• Αναζήτηση, ανάλυση και σύνθεση δεδομένων και πληροφοριών, με τη χρήση και των απαραίτητων τεχνολογιών.
• Σχεδιασμός και διαχείριση έργων.
• Λήψη αποφάσεων.
• Αυτόνομη εργασία
• Προαγωγή της ελεύθερης, δημιουργικής και επαγωγικής σκέψης","Περιεχόμενη θεωρητικών διαλέξεων
   • Πλάκες οπλισμένου σκυροδέματος
   • Είδη πλακών και επίλυση απλά και σταυροειδώς οπλισμένων πλακών.
   • Μέθοδος πεσσοειδών φορτίσεων. Επίλυση πλακών με πίνακες Czerny
   • Μέθοδος των λωρίδων. Επίλυση πλακών με πίνακες Markus
   • Διαστασιολόγηση σε στρέψη
   • Συνδυασμοί φόρτισης για φορτία βαρύτητας και σεισμικές δράσεις. Εναλλακτές φορτίσεις και περιβάλλουσες εντατικών μεγεθών
   • Διαστασιολόγηση γραμμικών στοιχείων οπλισμένου σκυροδέματος (δοκοί/υποστυλώματα) για φορτία βαρύτητας και σεισμικές δράσεις ","Περιεχόμενο ασκήσεων
   • Υπολογισμός εντατικών μεγεθών σε πλάκες οπλισμένου σκυροδέματος. 
   • Παραδείγματα διαστασιολόγησης απλά και σταυροειδώς οπλισμένων πλακών
   • Μεταφορά φορτίων από πλάκες σε δοκούς
   • Παραδείγματα διαστασιολόγησης γραμμικών στοιχείων σε στρέψη
   • Προσομοίωση πλαισιακού φορέα οπλισμένου σκυροδέματος σε πρόγραμμα πεπερασμένων στοιχείων. Υπολογισμός περιβαλλουσών εντατικών μεγεθών. Διαστασιολόγηση.
   • Κατασκευαστικό σχέδιο. Λεπτομέρειες όπλισης.",,"Στην τάξη (πρόσωπο με πρόσωπο). 
Δυνατότητα για εξ αποστάσεως εκπαίδευση εάν απαιτηθεί.","Παρουσίαση  διαλέξεων  με  χρήση  Η/Υ (παρουσιάσεις, φωτογραφίες, βίντεο πειραμάτων, κτλ).
Χρήση της ηλεκτρονικής πλατφόρμας elearning με αναρτήσεις εκπαιδευτικού υλικού σε ηλεκτρονική μορφή και αλληλεπίδραση με τους φοιτητές.
Ανάθεση  εργασιών  και ηλεκτρονική υποβολή τους μέσω  της πλατφόρμας elearning.
Βοηθήματα και παραδείγματα επίλυσης προβλημάτων και ασκήσεων μέσω αυτοματοποιημένων διαδικασιών (jupyter notebooks, excel, κ.α.)",Διαλέξεις Θεωρίας,26,Ασκήσεις πράξης,26,Εκπόνηση εργασίας,20,Αυτοτελής Μελέτη,58,,,130,"Γλώσσα αξιολόγησης: Ελληνική

Μέθοδοι αξιολόγησης:
   • Τελική γραπτή εξέταση (70%)
   • Υποχρεωτική εργασία (30%)

Το παρόν κείμενο περιγραφής του μαθήματος με τα κριτήρια  αξιολόγησης  είναι  προσβάσιμο  στους  φοιτητές στον οδηγό σπουδών του Τμήματος (ιστοσελίδα Τμήματος)και στην ιστοσελίδα του μαθήματος","Πενέλης Γ., Στυλιανίδης Κ., Κάππος Α., Ιγνατάκης Χ. (2008), ""Κατασκευές από Οπλισμένο Σκυρόδεμα σύμφωνα με τους Νέους Κανονισμούς Ο/Σ (2η έκδοση)"", Εκδόσεις Αϊβάζης, Θεσσαλονίκη
Τσώνος Α.Δ. (2016), Σχεδιασμός κατασκευών από οπλισμένο σκυρόδεμα σύμφωνα με τους Ευρωκώδικες, Εκδόσεις Σοφία.
Ωπλισμένο Σκυροδεμα Τόμος Α, Θεοφάνης Α. Γεωργόπουλος
Ζαράρης Πρ., (2002), Μέθοδοι Υπολογισμού Σιδηροπαγούς Σκυροδέματος, Εκδόσεις Αφοί Κυριακίδη, Θεσ/νίκη.
Γεωργόπουλος Θ, (2015), Οπλισμένο Σκυρόδεμα (τόμος Α), Εκδόσεις: Παύλος Γεωργόπουλος.
Γεωργόπουλος Θ, (2015), Οπλισμένο Σκυρόδεμα (τόμος Β), Εκδόσεις: Παύλος Γεωργόπουλος.",,
33,ΓΕΩ003,Εδαφομηχανική ΙΙ,ΜΗΧΑΝΙΚΩΝ,ΠΟΛΙΤΙΚΩΝ ΜΗΧΑΝΙΚΩΝ,Προπτυχιακό,5,Διαλέξεις και Ασκήσεις,4,5,,,,Επιστημονικής Περιοχής,,Εδαφομηχανική Ι,Ελληνική,Όχι,https://elearning.cm.ihu.gr/course/view.php?id=428,"Η ύλη του μαθήματος στοχεύει στην κατανόηση των βασικών αρχών της Εδαφομηχανικής, την εμπέδωση γνώσεων αναφορικά με τη συμπεριφορά του υλικού «έδαφος» και τη δυνατότητα υπολογιστικής αντιμετώπισης βασικών προβλημάτων σε κλασσικές εφαρμογές της Εδαφομηχανικής. 
Με την επιτυχή ολοκλήρωση του μαθήματος ο φοιτητής/τρια θα είναι σε θέση:
• Να αναγνωρίζει και να κατανοεί τα βασικά χαρακτηριστικά της συμπεριφοράς διαφορετικών τύπων εδαφών. 
• Να διακρίνει και να αντιλαμβάνεται τις παραμέτρους που σχετίζονται με τη φέρουσα ικανότητα εδάφους και τις αναπτυσσόμενες καθιζήσεις στο έδαφος. 
• Να υπολογίσει την φέρουσα ικανότητα εδάφους όπως και τις αναπτυσσόμενες καθιζήσεις στην περίπτωση επιφανειακής θεμελίωσης.
• Να μπορεί να υπολογίσει τις οριζόντιες εδαφικές τάσεις και τις ωθήσεις του εδάφους.
• Να συνδυάσει επιμέρους εδαφικά χαρακτηριστικά και να μπορεί να διαφοροποιήσει και να αναπροσαρμόσει τις διαδικασίες εκτίμησης και υπολογισμού βάσει των ιδιαίτερων παραμέτρων της κάθε περίπτωσης που εξετάζεται. 
• Να συνθέτει λύσεις βάσει των θεωριών που έχει διδαχθεί, αξιολογώντας τις απαιτήσεις του προβλήματος που αντιμετωπίζει, να μπορεί να υποστηρίξει τις λύσεις που προτείνονται και να συγκρίνει επιλέγοντας την καταλληλότερη μεταξύ διαφορετικών προσεγγίσεων.","Το μάθημα συμβάλει στην απόκτηση των παρακάτω ικανοτήτων:
• Αναζήτηση, ανάλυση και σύνθεση δεδομένων και πληροφοριών
• Λήψη αποφάσεων
• Αυτόνομη εργασία
• Σχεδιασμός έργων 
• Άσκηση κριτικής και αυτοκριτικής","Εξέταση της εδαφικής συμπεριφοράς ως υλικό που εμπλέκεται σε κατασκευές Πολιτικού Μηχανικού με στόχο την επίλυση προβλημάτων που σχετίζονται με τη φέρουσα ικανότητα του εδάφους, τις αναπτυσσόμενες καθιζήσεις όπως και τις πλευρικές ωθήσεις εδαφών.

Περιεχόμενο διαλέξεων θεωρίας και ασκήσεων εφαρμογής:
   • Επιρροή εξωτερικών φορτίσεων στις αναπτυσσόμενες τάσεις εδάφους.
   • Φέρουσα ικανότητα εδάφους σε επιφανειακές θεμελιώσεις.
   • Καθιζήσεις κοκκωδών και συνεκτικών εδαφών, θέματα στερεοποίησης εδάφους. 
   • Συμπεριφορά εδαφών υπό στραγγιζόμενες και αστράγγιστες συνθήκες.
   • Ωθήσεις γαιών και αντιστηρίξεις.
   • Εισαγωγή στο ισχύον κανονιστικό πλαίσιο (Ευρωκώδικας 7).",,,"Στην τάξη (δια ζώσης). 
Δυνατότητα εξ αποστάσεως διαλέξεων εφόσον απαιτηθεί.","Παρουσίαση διαλέξεων με χρήση Η/Υ (παρουσιάσεις, videos στη θεματολογία του μαθήματος κτλ) δια ζώσης ή εξ αποστάσεως αν απαιτηθεί. 
Υποστήριξη μαθησιακής διαδικασίας μέσω της ηλεκτρονικής πλατφόρμας elearning και ηλεκτρονικής επικοινωνίας με τους φοιτητές (online ανακοινώσεις και σχόλια, forum, email κτλ). Δυνατότητα υποστήριξης με χρήση προγραμμάτων τηλεδιάσκεψης (zoom, webex, skype κτλ).
Ερωτηματολόγια αυτοαξιολόγησης στο περιβάλλον elearning του μαθήματος.
Υποβοήθηση εκτέλεσης εργασιών μέσω παραμετροποιήσιμων αρχείων αποτελεσμάτων για τον κάθε φοιτητή.",Διαλέξεις μαθήματος,26,Ασκήσεις εφαρμογής (στο πλαίσιο των διαλέξεων),26,Ατομική Εργασία σε εργαστηριακές ασκήσεις και ασκήσεις εφαρμογής,30,Αυτοτελής Μελέτη,48,,,130,"Γραπτή τελική εξέταση θεωρίας που περιλαμβάνει:
   • Θεωρητικές ερωτήσεις γνώσεων και κρίσης σε αντικείμενα του μαθήματος (ερωτήσεις σύντομης απάντησης και ερωτήσεις πολλαπλής επιλογής).
   • Επίλυση προβλημάτων-ασκήσεων.

Παράδοση εργασιών και προφορική εξέταση που περιλαμβάνει:
   • Επίλυση ασκήσεων και προβλημάτων εφαρμογής.
   • Εξέταση της κατανόησης βασικών εννοιών.","Γεωργιάδης Κ., Γεωργιάδης Μ. (2009), ""Στοιχεία Εδαφομηχανικής"", Εκδόσεις ΖΗΤΗ, Θεσσαλονίκη, ISBN: 978-960-456-157-5
Barnes G.E. (2014), ""Εδαφομηχανική: Αρχές και Εφαρμογές (3η έκδοση)"", Εκδόσεις Κλειδάριθμος, Αθήνα, ISBN: 978-960-461-578-0 
Καββαδάς Μ. (2016), ""Στοιχεία Εδαφομηχανικής (2η έκδοση)"", Εκδόσεις Τσότρας, ISBN: 978-618-5066-62-8
Das B.M. (2019), ""Advanced Soil Mechanics"" , Taylor and Francis (5th edition), New York.
Verruijt A. (2018), ""An Introduction to Soil Mechanics"", Springer
Budhu Μ. (2020), ""Εδαφομηχανική και Θεμελιώσεις"", Εκδόσεις Gotsis, Πάτρα, ISBN: 978-960-9427-90-6",,
34,ΔΟΜ016,Μεταλλικές Κατασκευές Ι,ΜΗΧΑΝΙΚΩΝ,ΠΟΛΙΤΙΚΩΝ ΜΗΧΑΝΙΚΩΝ,Προπτυχιακό,6,Διαλέξεις,4,4,,,,Επιστημονικής Περιοχής,,,Ελληνική,Όχι,https://elearning.cm.ihu.gr/course/view.php?id=863,"Οι φοιτητές μετά την επιτυχή ολοκλήρωση του μαθήματος αναμένεται να:
- κατανοούν το στατικό σύστημα απλών χαλύβδινων δομικών έργων (βιομηχανικά
υπόστεγα, πεζογέφυρες)
- κατανοούν, αναλύουν και υπολογίζουν τη μηχανική συμπεριφορά ραβδωτών χαλύβδινων δομικών μελών
- αναγνωρίζουν τους πιθανούς μηχανισμούς αστοχίας χαλύβδινων δομικών μελών
- εφαρμόζουν ελέγχους για την επάρκειά χαλύβδινων δομικών μελών
- πραγματοποιούν τη διαστασιολόγηση χαλύβδινων δομικών μελών κατά τον Ευρωκώδικα 3
- υπολογίζουν την ευστάθεια χαλύβδινων δομικών μελών βάσει του Ευροκώδικα 3","• Αναζήτηση, ανάλυση και σύνθεση δεδομένων και πληροφοριών
• Λήψη αποφάσεων
• Αυτόνομη εργασία
• Σχεδιασμός και διαχείριση έργων
• Άσκηση κριτικής
• Προαγωγή της ελεύθερης, δημιουργικής και επαγωγικής σκέψης","Δομικός χάλυβας, ιδιότητες και εφαρμογές στην κατασκευή. Σύγχρονοι κανονισμοί ανάλυσης και σχεδιασμού για κατασκευές από χαλύβδινα μέλη. Διατάξεις Ευρωκώδικα 3 και κριτήρια σχεδιασμού. Οριακές καταστάσεις αστοχίας και λειτουργικότητας. Συνδυασμοί δράσεων. Τοπικός λυγισμός και κατάταξη διατομών. Υπολογισμός αντοχής χαλύβδινων διατομών και σχεδιασμός χαλύβδινων μελών που υπόκεινται σε εφελκυσμό, κάμψη, διάτμηση, θλίψη συμπεριλαμβανομένου του λυγισμού. Συνδυασμός καταπονήσεων. Χαλύβδινα δικτυώματα. Ελαστική ευστάθεια. Πλευρικός, καμπτικός και στρεπτοκαμπτικός λυγισμός. Συστήματα παραλαβής οριζόντιων δυνάμεων. ",,,Πρόσωπο με πρόσωπο (Στην αίθουσα διδασκαλίας) ,,Διαλέξεις,42,Αυτοτελής Μελέτη,62,,,,,,,104,"1. Ανάθεση εργασιών με στόχο την διερεύνηση της κατανόησης των εννοιών που διδάχθηκαν.
2. Τελική γραπτή εξέταση στο τέλος του εξαμήνου (στην ελληνική γλώσσα). 
3. Δίνεται η δυνατότητα σε κάθε φοιτητή να ελέγξει το γραπτό του και να του αναλυθούν τα λάθη του.","Μπανιωτόπουλος, Χ. Κ. 2009. Κατασκευές από Χάλυβα - Αρχές Σχεδιασμού στο Πλαίσιο του Ευρωκώδικα3, Εκδόσεις Ζήτη, ISBN: 978-960-456-184-1 
Μπανιωτόπουλος, Χ.Κ. & Νικολαϊδης, Θ.Ν. 2012. Κατασκευές από Χάλυβα, Παραδείγματα Σχεδιασμού στο Πλαίσιο του Ευρωκώδικα 3, Εκδόσεις Ζήτη, ISBN: 978-960-456-323-4 
Βάγιας, Ι., Ερμόπουλος, Ι., Ιωαννίδης, Γ. 2005. Σχεδιασμός δομικών έργων από χάλυβα-Με βάση τα τελικά κείμενα των Ευρωκωδίκων, Εκδόσεις Κλειδάριθμος, ISBN: 978-960-461-582-7 
Aldinger Erwin , Baumann Gunter , Ignatowitz Eckhard 1995. Μεταλλικές κατασκευές, Ευρωπαϊκές Τεχνολογικές Εκδόσεις, ISBN: 9789603310358
Lammlin Gerhard, 2010. Μεταλλικές Κατασκευές. Εκδοτικός Όμιλος ΙΩΝ, ΙSBN: 978-960-331-469-1
Παύλου Γ. Δημήτριος, Σιδηρές Κατασκευές, 2014, Εκδοτικός Όμιλος ΙΩΝ, 978-960-508-136-2
Γιαννόπουλος, Ανδρέας Χ., Μεταλλικές Κατασκευές. 2005, Εκδόσεις: Gotsis, ISBN:9789604115259",,
35,ΓΕΩ004,Θεμελιώσεις και Αντιστηρίξεις,ΜΗΧΑΝΙΚΩΝ,ΠΟΛΙΤΙΚΩΝ ΜΗΧΑΝΙΚΩΝ,Προπτυχιακό,6,Διαλέξεις και Ασκήσεις,4,5,,,,Επιστημονικής Περιοχής,,"Εδαφομηχανική Ι
Εδαφομηχανική ΙΙ
Οπλισμένο Σκυρόδεμα Ι",Ελληνική,Όχι,https://elearning.cm.ihu.gr/course/view.php?id=711 ,"Στόχος της διδασκαλίας είναι η κατανόηση των θεωρητικών αρχών σε θέματα Θεμελιώσεων και Αντιστηρίξεων και η δυνατότητα υπολογιστικής αντιμετώπισης βασικών προβλημάτων σε κλασσικές εφαρμογές Θεμελιώσεων.
Με την επιτυχή ολοκλήρωση του μαθήματος ο φοιτητής/τρια θα είναι σε θέση:
• Να αναγνωρίζει, να κατανοεί και να μπορεί να αξιολογήσεις τις βασικές φυσικές και μηχανικές παραμέτρους εδάφους και κατασκευής που σχετίζονται με την μελέτη και ανάλυση θεμελιώσεων και αντιστηρίξεων. 
• Να διακρίνει και να αντιλαμβάνεται τις διάφορες περιπτώσεις θεμελίωσης, όπως και τον τύπο και την συμπεριφορά στοιχείων αντιστήριξης. 
• Να μελετήσει ένα μεμονωμένο επιφανειακό θεμέλιο εξετάζοντας αναλυτικά, βάσει του υφιστάμενου κανονιστικού πλαισίου, τους ελέγχους σε φέρουσα ικανότητα, καθιζήσεις, ανατροπή, ολίσθηση, άνωση, κάμψη, διάτμηση και διάτρηση. Να μπορεί να υπολογίσει τον απαιτούμενο οπλισμό.
• Να εκτιμήσει την αναπτυσσόμενη ένταση και να διαστασιολογήσει συνδετήριες δοκούς μεταξύ θεμελίων.
• Να υπολογίσει τη φέρουσα ικανότητα και καθίζηση πασσάλου.
• Να υπολογίσει τις εδαφικές ωθήσεις τοίχου αντιστήριξης και να μελετήσει τη διαστασιολόγηση του.
• Να συνθέτει λύσεις βάσει των θεωριών που έχει διδαχθεί, αξιολογώντας τις απαιτήσεις του προβλήματος που αντιμετωπίζει, να μπορεί να υποστηρίξει τις λύσεις που προτείνονται και να συγκρίνει επιλέγοντας την καταλληλότερη μεταξύ διαφορετικών προσεγγίσεων.","Το μάθημα συμβάλει στην απόκτηση των παρακάτω ικανοτήτων:
• Αναζήτηση, ανάλυση και σύνθεση δεδομένων και πληροφοριών
• Λήψη αποφάσεων
• Αυτόνομη εργασία
• Σχεδιασμός έργων ","Μελέτη, ανάλυση και διαστασιολόγηση διαφόρων τύπων θεμελιώσεων (επιφανειακές και βαθιές θεμελιώσεις από οπλισμένο σκυρόδεμα) και αντιστηρίξεων. Περιλαμβάνεται ο καθορισμός εντατικής κατάστασης, ο υπολογισμός της φόρτισης σε επίπεδο θεμελίωσης και η διαδικασία διαστασιολόγησης, όπλισης και κατασκευαστικής διαμόρφωσης των υπό μελέτη στοιχείων βάσει του σύγχρονου κανονιστικού πλαισίου.

Περιεχόμενο διαλέξεων θεωρίας και ασκήσεων εφαρμογής:
   • Σύνδεση με Εδαφομηχανική (χαρακτηριστικά εδάφους, εδαφικές τάσεις, φέρουσα ικανότητα και καθιζήσεις εδάφους, βάσει βιβλιογραφικών σχέσεων και σύγχρονων κανονισμών).
   • Μελέτη επιφανειακών θεμελιώσεων και θεωρητική εφαρμογή στην διαστασιολόγηση επιφανειακών πεδίλων. Αναλυτική εφαρμογή σε μεμονωμένα πέδιλα όπου περιγράφονται γενικοί κανόνες διαμόρφωσης, έλεγχοι ευστάθειας πέδιλου (ανατροπή, ολίσθηση, άνωση), έλεγχοι φέρουσας ικανότητας και καθίζησης εδάφους θεμελίωσης και έλεγχοι σώματος θεμελίου (κάμψη, διάτμηση, διάτρηση). Διαστασιολόγηση και όπλιση θεμελίου.
   • Μελέτη και διαστασιολόγηση συνδετήριων δοκών.
   • Μελέτη φέρουσας ικανότητας και καθίζησης πασσαλοθεμελίωσης και ομάδας πασσάλων.
   • Μελέτη και διαστασιολόγηση τοίχων αντιστήριξης οπλισμένου σκυροδέματος.",,,"Στην τάξη (δια ζώσης). 
Δυνατότητα εξ αποστάσεως διαλέξεων εφόσον απαιτηθεί.","Παρουσίαση διαλέξεων με χρήση Η/Υ και προβολέα δια ζώσης ή εξ αποστάσεως αν απαιτηθεί.
Υποστήριξη Μαθησιακής διαδικασίας μέσω ηλεκτρονικής ιστοσελίδας/πλατφόρμας και ηλεκτρονικής επικοινωνίας με τους φοιτητές (online ανακοινώσεις και σχόλια, φόρμα αποστολής ερωτήσεων, email κτλ). Δυνατότητα υποστήριξης με χρήση προγραμμάτων τηλεδιάσκεψης (zoom, webex, skype κτλ).
Ερωτηματολόγια αυτοαξιολόγησης στο περιβάλλον elearning του μαθήματος.
Υποβοήθηση εκτέλεσης εργασιών μέσω παραμετροποιήσιμων αρχείων αποτελεσμάτων για τον κάθε φοιτητή.",Διαλέξεις μαθήματος,26,Ασκήσεις εφαρμογής (στο πλαίσιο των διαλέξεων),26,Ατομική Εργασία σε ασκήσεις εφαρμογής,30,Αυτοτελής Μελέτη,48,,,130,"Γραπτή τελική εξέταση που περιλαμβάνει:
   • Θεωρητικές ερωτήσεις γνώσεων και κρίσης σε αντικείμενα του μαθήματος
   • Επίλυση προβλημάτων-ασκήσεων σε θέματα εδαφικής συμπεριφοράς, επιφανειακών θεμελιώσεων, πασσαλοθεμελιώσεων και τοίχων αντιστήριξης

Παράδοση υποχρεωτικής εργασίας (σε στάδια) που περιλαμβάνει:
   • Επεξεργασία και επίλυση προβλημάτων θεμελιώσεων και αντιστηρίξεων
   • Εξέταση της κατανόησης βασικών εννοιών"," Αναγνωστόπουλος Χ., Χατζηγώγος Θ., Αναστασιάδης Α., Πιτιλάκης Δ. (2012), ""Θεμελιώσεις-Αντιστηρίξεις και Γεωτεχνικά Έργα"", Εκδόσεις Αϊβάζης, Θεσσαλονίκη, ISBN: 978-960-549-000-3
Γεωργιάδης Κ., Γεωργιάδης Μ. (2009), ""Στοιχεία Εδαφομηχανικής"", Εκδόσεις ΖΗΤΗ, Θεσσαλονίκη, ISBN: 978-960-456-157-5
Αναγνωστόπουλος Α., Παπαδόπουλος Β., (2019), ""Σχεδιασμός των Θεμελιώσεων"", Εκδόσεις Συμεών, ISBN: 978-960-9400-50-3
Κωμοδρόμος Α.Μ. (2019),""Θεμελιώσεις, Αντιστηρίξεις: οριακή ισορροπία – αριθμητικές μέθοδοι (2η έκδοση)"", Εκδόσεις Κλειδάριθμος, ISBN: 978-960-461-952-8
Αναγνωστόπουλος Α., Καββαδάς Μ., Παπαδόπουλος Β. (2009), ""Σημειώσεις για τον Ευρωκώδικα 7 (EN 1997)"", Τεχνικό Επιμελητήριο Ελλάδος, Αθήνα 
Καββαδάς Μ. (2005), ""Σημειώσεις Θεμελιώσεων Τεχνικών Έργων"", Ε.Μ. Πολυτεχνείο, Πανεπιστημιακές Εκδόσεις
Γραμματικόπουλος Γ., Μάνου-Ανδρεάδου Ν., Χατζηγώγος Θ. (2015), ""Εδαφομηχανική: ασκήσεις και προβλήματα (2η έκδοση)"", Αφοι Κυριακίδη, Θεσσαλονίκη, ISBN: 978-618-5105-87-7
Barnes G.E. (2014), ""Εδαφομηχανική: Αρχές και Εφαρμογές (3η έκδοση)"", Εκδόσεις Κλειδάριθμος, Αθήνα, ISBN: 978-960-461-578-0 
Κωστόπουλος Σ.Δ. (2008), ""Γεωτεχνικές Κατασκευές Ι (2η έκδοση)"", Εκδόσεις Ίων, ISBN: 960-411-563-4
Bowles J.E. (2009), ""Θεμελιώσεις: Τόμος Ι"", Εκδόσεις Φούντας, Αθήνα, ISBN: 978960330665-8
Πενέλης Γ., Στυλιανίδης Κ., Κάππος Α., Ιγνατάκης Χ. (2008), ""Κατασκευές από Οπλισμένο Σκυρόδεμα σύμφωνα με τους Νέους Κανονισμούς Ο/Σ (2η έκδοση)"", Εκδόσεις Αϊβάζης, Θεσσαλονίκη, ISBN: 978-960-86090-9-9",,
36,ΣΥΓ005,Οδοποιία ΙΙ,ΜΗΧΑΝΙΚΩΝ,ΠΟΛΙΤΙΚΩΝ ΜΗΧΑΝΙΚΩΝ,Προπτυχιακό,6,Διαλέξεις,4,4,,,,Επιστημονικής Περιοχής,,,Ελληνική,Όχι,https://elearning.cm.ihu.gr/course/view.php?id=744,"Με την επιτυχή ολοκλήρωση του μαθήματος ο φοιτητής/τρια θα είναι σε θέση:
• Να κατανοεί τη διαδικασία κατασκευής των οδικών έργων.
• Να εξοικειωθεί με τη διαδικασία υπολογισμού χωματισμών των οδικών έργων.
• Να κατανοεί τα στοιχεία μελέτης τεχνικών έργων αποχέτευσης και αποστράγγισης των οδών.
• Να κατανοεί τις διαδικασίες κατασκευής και μεθόδους διαστασιολόγησης εύκαμπτων οδοστρωμάτων, τα δύσκαμπτα οδοστρώματα, τη συντήρηση και ενίσχυση οδοστρωμάτων, και τη διαχείριση και ανακύκλωση οδοστρωμάτων. ","Το μάθημα συμβάλει στην απόκτηση των παρακάτω ικανοτήτων:
• Αναζήτηση, ανάλυση και σύνθεση δεδομένων και πληροφοριών, με τη χρήση και των απαραίτητων τεχνολογιών
• Προσαρμογή σε νέες καταστάσεις
• Λήψη αποφάσεων
• Σχεδιασμός και διαχείριση έργων 
• Σεβασμός στο φυσικό περιβάλλον","Περιεχόμενο διαλέξεων μαθήματος: 
• Κατασκευή της οδού. Γεωκατασκευές και τεχνικά έργα.
• Γεωλογική και γεωτεχνική αναγνώριση οδικών χαράξεων.
• Έδαφος: Προέλευση και φυσικές ιδιότητες.
• Μηχανικός εξοπλισμός και εκτέλεση χωματουργικών εργασιών.
• Ορύγματα, Επιχώματα.
• Γεωσυνθετικά υλικά στην οδοποιία.
• Κατολισθήσεις και ευστάθεια πρανών.
• Μέθοδος της εκσκαφής και επανεπίχωσης.
• Οπλισμένα επιχώματα
• Έργα αποστράγγισης οδών. Οχετοί.
• Περιβαλλοντικές επιπτώσεις έργων οδοποιίας.
• Χωματουργικά έργα της οδού.
• Κίνηση χωματουργικών της οδού - Μεταφορά ορυγμάτων.
• Στρώσεις εύκαμπτων οδοστρωμάτων. Μέθοδοι διαστασιολόγησης εύκαμπτων οδοστρωμάτων.
• Δύσκαμπτα οδοστρώματα.
• Συντήρηση και ενίσχυση οδοστρωμάτων.
• Διαχείριση οδοστρωμάτων.
• Ανακύκλωση οδοστρωμάτων.",,,"Στην αίθουσα διδασκαλίας (πρόσωπο με πρόσωπο)
Δυνατότητα εξ αποστάσεως διαλέξεων εφόσον απαιτηθεί.","Παρουσίαση διαλέξεων με χρήση φορητού Η/Υ και βιντεοπροβολέα ή με τηλεδιάσκεψη εξ αποστάσεως εφόσον απαιτηθεί.
Υποστήριξη μαθησιακής διαδικασίας μέσω της ηλεκτρονικής πλατφόρμας e-learning.
Συναντήσεις εξ αποστάσεως διδάσκοντα / διδάσκουσας και φοιτητών για συνεργασία σε ώρες εκτός μαθήματος (μέσω ψηφιακής πλατφόρμας, πχ. ZOOM, Skype). 
Ανάρτηση ανακοινώσεων στην ιστοσελίδα του Τμήματος και στην ηλεκτρονική σελίδα του μαθήματος στην ηλεκτρονική πλατφόρμα e-learning.
Επικοινωνία διδάσκοντα / διδάσκουσας και φοιτητών μέσω ηλεκτρονικού ταχυδρομείου (email).",Διαλέξεις,52,Αυτοτελής Μελέτη,52,,,,,,,104,"Τελική γραπτή εξέταση που περιλαμβάνει: 
   • Ερωτήσεις θεωρίας 
   • Επίλυση ασκήσεων

Τα κριτήρια αξιολόγησης γνωστοποιούνται στους φοιτητές στην πρώτη διάλεξη του μαθήματος. Επίσης, δίνεται η δυνατότητα σε κάθε φοιτητή να ελέγξει το γραπτό του και να του αναλυθούν τα λάθη του. ","Αποστολέρης, Α.Κ. (2015). Οδοποιία Ι – Χαράξεις και Υπολογισμός Χωματισμών, Θεωρία και Πρακτική. Αναστάσιος Κ. Αποστολέρης, ΑΠΟΣΤΟΛΕΡΗΣ ΚΑΙ ΣΙΑ Ο.Ε., ISBN: 9789609371735.
Μουρατίδης, Α.Κ. (2007). Οδοποιία, Η κατασκευή των οδικών έργων. University Studio Press, ISBN: 978-960-12-1399-6.  
Νικολαΐδης, Αθ. Φ. (2019). Οδοποιία: Οδοστρώματα - Υλικά - Έλεγχος Ποιότητας. ΙΚΑΝΙΚ Ι.Κ.Ε., ISBN: 978-618-84166-0-4.
Οδηγίες Μελετών Οδικών Έργων, Τεύχος 2: Διατομές (ΟΜΟΕ-Δ), ΥΠΕΧΩΔΕ, ΓΓΔΕ/ΔΜΕΟ, Έκδοση: 30/01/2001.  
Οδηγίες Μελετών Οδικών Έργων, Τεύχος 3: Χαράξεις (ΟΜΟΕ-Χ), ΥΠΕΧΩΔΕ, ΓΓΔΕ/ΔΜΕΟ, Έκδοση: 30/01/2001.  
Οδηγίες Μελετών Οδικών Έργων, Τεύχος 8: Αποχέτευση - Στράγγιση - Υδραυλικά Έργα Οδών (ΟΜΟΕ-ΑΣΥΕΟ), ΥΠΕΧΩΔΕ, ΓΓΔΕ/ΔΜΕΟ, Έκδοση: 2/11/2002.  ",,
37,ΔΟΜ015,Δυναμική των Κατασκευών Ι,ΜΗΧΑΝΙΚΩΝ,ΠΟΛΙΤΙΚΩΝ ΜΗΧΑΝΙΚΩΝ,Προπτυχιακό,6,Διαλέξεις και Ασκήσεις Πράξης ,4,5,,,,Επιστημονικής Περιοχής,,"ΓΕΝ001 Απειροστικός Λογισμός Ι
ΓΕΝ004 Απειροστικός Λογισμός ΙΙ
ΔΟΜ012 Στατική Ι – Ισοστατικοί φορείς
ΔΟΜ014 Στατική ΙΙ – Υπερστατικοί φορείς",Ελληνική,Όχι,https://elearning.cm.ihu.gr/,"Μετά την επιτυχή ολοκλήρωση του μαθήματος οι φοιτητές θα πρέπει να μπορούν να:
1. μελετούν τη δυναμική συμπεριφορά μονοβάθμιων και πολυβάθμιων συστημάτων, 
2. μορφώνουν τις εξισώσεις κίνησης που διέπουν τη συμπεριφορά των κατασκευών αυτών, 
3. επιλύουν τις εξισώσεις κίνησης με αναλυτικές ή/και σύγχρονες υπολογιστικές μεθόδους.","• Αυτόνομη εργασία 
• Ομαδική εργασία
• Λήψη αποφάσεων
• Άσκηση κριτικής και αυτοκριτικής
• Προαγωγή της ελεύθερης, δημιουργικής και επαγωγικής σκέψης","Εισαγωγή. Διαφορές στατικής, δυναμικής συμπεριφοράς κατασκευών. Δυναμικά φορτία. Βαθμοί ελευθερίας κινήσεως φορέα. Δυναμικό προσομοίωμα φορέα και εξίσωση κινήσεως. Διατύπωση εξίσωσης κίνησης μονοβάθμιων σχηματισμών με τη μέθοδο ισορροπίας δυνάμεων και με την αρχή δυνατών έργων. Συστήματα με ένα βαθμό ελευθερίας. Ελεύθερες ταλαντώσεις μονοβάθμιου συστήματος χωρίς και με απόσβεση. Εξαναγκασμένες ταλαντώσεις μονοβάθμιου συστήματος. Μελέτη εξαναγκασμένων ταλαντώσεων μονοβάθμιων κατασκευών υποκείμενων σε αρμονικές και περιοδικές διεγέρσεις χωρίς και με απόσβεση. Συντονισμός. Εξαναγκασμένες ταλαντώσεις για τυχούσα εξωτερική φόρτιση χωρίς και με απόσβεση. Ολοκλήρωμα Duhamel. Υπολογισμός ολοκληρώματος Duhamel. Απόκριση σε βαθμιδωτές και παλμικές διεγέρσεις. Μελέτη εξαναγκασμένων ταλαντώσεων μονοβάθμιων κατασκευών υποκείμενων σε κίνηση εδάφους. Φάσματα απόκρισης. Επιρροή της βαρύτητας στις εξαναγκασμένες ταλαντώσεις μονοβάθμιου συστήματος. Αριθμητικός υπολογισμός δυναμικής απόκρισης. Μέθοδος Κεντρικών Διαφορών. Μέθοδος Μέσης – Γραμμικής Επιτάχυνσης (Newmark). Γενικευμένα μονοβάθμια συστήματα. Συναρτήσεις σχήματος. Υπολογισμός ελαστικής, κινητικής ενέργειας, δυνατού έργου μη συντηρητικών δυνάμεων. Συστήματα με πολλούς βαθμούς ελευθερίας. Ελαστικές, αδρανειακές και δυνάμεις απόσβεσης. Μόρφωση μητρώου στιβαρότητας κατασκευής. Μόρφωση μητρώου μάζας πολυβάθμιου συστήματος με τις παραδοχές συγκεντρωμένων και κατανεμημένων μαζών. Γεωμετρική δυσκαμψία κατασκευής. Στατική συμπύκνωση βαθμών ελευθερίας.",,,Στην τάξη (Πρόσωπο με πρόσωπο),"Υποστήριξη Μαθησιακής διαδικασίας μέσω ηλεκτρονικής ιστοσελίδας, μέσω της ηλεκτρονικής πλατφόρμας e-learning και ηλεκτρονικής επικοινωνίας με τους φοιτητές (online ανακοινώσεις και σχόλια, email κτλ). ",Διαλέξεις Θεωρίας,40,Ασκήσεις πράξης,12,Αυτοτελής Μελέτη,78,,,,,130,"• Δύο γραπτές εξετάσεις προόδου (30% του τελικού βαθμού) που περιλαμβάνουν:
   o Θεωρητικές ερωτήσεις κρίσης 
   o Επίλυση προβλημάτων-ασκήσεων 

• Γραπτή τελική εξέταση (70% του τελικού βαθμού) που περιλαμβάνει:
   o Θεωρητικές ερωτήσεις κρίσης 
   o Επίλυση προβλημάτων-ασκήσεων 
 
Το παρόν κείμενο περιγραφής του μαθήματος με τα κριτήρια αξιολόγησης είναι προσβάσιμο στους φοιτητές στον οδηγό σπουδών του Τμήματος (ιστοσελίδα Τμήματος) και στην ιστοσελίδα του μαθήματος ","[12446]: Δυναμική συμπεριφορά των κατασκευών, Warburton Geoffrey Barratt  
[12280]: Δυναμική των κατασκευών, Chopra Anil K. 
[22768979]: Δυναμική Ανάλυση των κατασκευών, Κατσικαδέλης Ι.
[320142]: Δυναμική των κατασκευών, Μανώλης Γ., Παναγιωτόπουλος Χ., Κολιόπουλος Π. (Ηλεκτρονικό βιβλίο)",,
38,ΣΥΓ006,Προγραμματισμός και Διαχείριση Τεχνικών Έργων,ΜΗΧΑΝΙΚΩΝ,ΠΟΛΙΤΙΚΩΝ ΜΗΧΑΝΙΚΩΝ,Προπτυχιακό,6,Διαλέξεις και Ασκήσεις Πράξης ,4,4,,,,Επιστημονικής Περιοχής,,,Ελληνική,Όχι,,"Με την επιτυχή ολοκλήρωση του μαθήματος ο φοιτητής/τρια θα είναι σε θέση:
1. Να γνωρίζει τις μεθόδους οικονομικής αξιολόγησης επενδύσεων, την οργανωτική δομή ενός έργου και πώς να κατασκευάζει ένα έργο με ασφάλεια.
2. Να αναλύει, να περιγράφει και να απεικονίζει γραφικά την οργανωτική δομή ενός έργου και να εκτιμά τη διάρκεια και το κόστος των εργασιών αυτού.
3. Να εκπονεί μελέτη προγραμματισμού έργου και σχέδιο διαχείρισης κινδύνων.","Το μάθημα συμβάλει στην απόκτηση των παρακάτω ικανοτήτων:
• Αναζήτηση, ανάλυση και σύνθεση δεδομένων και πληροφοριών, με τη χρήση και των απαραίτητων τεχνολογιών.
• Σχεδιασμός και διαχείριση έργων.
• Λήψη αποφάσεων.","Εισαγωγή στη διοίκηση - διαχείριση έργων. 
Οργάνωση για την εκτέλεση έργων. 
Μέθοδοι προγραμματισμού & ελέγχου έργων (Η ""φύση"" των μεθόδων, Ευθύγραμμα Γραφήματα, Καμπύλες Προόδου (καμπύλες S), Πίνακες Προγραμματισμού, Πολύχρωμα Σαμάρια, Γραμμές Ισορροπίας, η μέθοδος GERT). 
Μέθοδοι δικτυωτής ανάλυσης (Βασικές έννοιες, μέθοδος CPM, μέθοδος MPM, μέθοδος PERT). 
Προγραμματισμός χρήσης μέσων παραγωγής (προγραμματισμός με περιορισμούς χρόνου, προγραμματισμός με περιορισμούς μέσων παραγωγής). 
Κόστος έργων και οικονομικός προγραμματισμός (Βασικές έννοιες, επίπεδο ακρίβειας, παράγοντες επηρεασμού του κόστους, ανάλυση έργου σε επίπεδα ελέγχου (PBS, WBS, OBS), Συμβατικά τεύχη και κόστος, Συμβατικό κόστος κατά τη διάρκεια εκτέλεσης του έργου (ΠΚΤΝΜΕ, αναθεώρηση, ΑΠΕ, λογαριασμός), Οικονομικός προγραμματισμός έργου, επιτάχυνση δικτυωτού γραφήματος). 
Έλεγχος έργων (στοιχεία ελέγχου έργων, έλεγχος οικονομικής & χρονικής προόδου)
Διαχείριση της ποιότητας (ορισμοί, ποιότητα τεχνικού έργου, στάδια εξέλιξης, βασικές έννοιες για τη διασφάλιση και τη διαχείριση της ποιότητας, το πρότυπο ISO 9000:2000, το κόστος της ποιότητας, παραρτήματα). 
Διαχείριση της υγιεινής και της ασφάλειας στα τεχνικά έργα (Εισαγωγή στην ασφάλεια τεχνικών έργων, ασφάλεια και υγεία εργασίας, ασφάλεια και υγεία εργασίας σε κατασκευαστικές δραστηριότητες).
",,,Στην τάξη (πρόσωπο με πρόσωπο). Δυνατότητα για εξ αποστάσεως εκπαίδευση με zoom.,Παρουσίαση διαλέξεων με χρήση Η/Υ (Powerpoint) ή/και Ασκήσεις Εφαρμογής στον πίνακα. Υποστήριξη Μαθησιακής διαδικασίας μέσω της ηλεκτρονικής πλατφόρμας e-learning (όταν αρχίσει η διδασκαλία). ,Διαλέξεις Θεωρίας,39,Ασκήσεις πράξης,13,Αυτοτελής Μελέτη με μικρή εργασία στο σπίτι,52,,,,,104,"Γλώσσα αξιολόγησης : Ελληνική
Μέθοδοι αξιολόγησης : Τελική γραπτή εξέταση (100%) ή
Τελική γραπτή εξέταση (70%) + Προαιρετική εργασία (30%)
Τα κριτήρια αξιολόγησης ανακοινώνονται στην αρχή του εξαμήνου και είναι προσβάσιμα από τους φοιτητές στο e-learning του μαθήματος και σε ανακοίνωση έξω από το γραφείο του διδάσκοντος.","Πολύζος, Σ. (2004) Διοίκηση & Διαχείριση των Έργων - Μέθοδοι και Τεχνικές, Κριτική, ISBN: 960-218-379-9.
Παναγιωτακόπουλος, Δ. (2008) «Εισαγωγή στο Χρονικό Προγραμματισμό των Κατασκευών», Ζυγός, Θεσσαλονικη
Δημητριάδης, Αντώνης. 2004. Διοίκηση, διαχείριση έργου – Project management. 3η έκδοση. Αθήνα: Εκδόσεις Νέων Τεχνολογιών.",,
39,ΥΔΡ005,Υπόγεια Υδραυλική και Τεχνική Υδρολογία,ΜΗΧΑΝΙΚΩΝ,ΠΟΛΙΤΙΚΩΝ ΜΗΧΑΝΙΚΩΝ,Προπτυχιακό,6,Διαλέξεις και Ασκήσεις Εφαρμογής,4,4,,,,Επιστημονικής Περιοχής,,"ΥΔΡ002 – Μηχανική των ρευστών
ΥΔΡ003 – Υδραυλική","Ελληνικά
(Φοιτητές Erasmus: Ελληνικά ή Αγγλικά)","Ναι
(Φοιτητές Erasmus: Ελληνικά ή Αγγλικά)",,"Με την επιτυχή ολοκλήρωση του μαθήματος, οι φοιτητές θα είναι σε θέση να:
• περιγράφουν τους νόμους της υδραυλικής που αφορούν στον υπολογισμό της κορεσμένης ροής νερού στο έδαφος
• κατανοούν τον υδρολογικό κύκλο και τις φυσικές υδρολογικές διεργασίες
• υπολογίσουν την χωρική και χρονική κατανομή βροχοπτώσεων σε μια λεκάνη απορροής
• αναλύουν υδρολογικά φαινόμενα με ροή προς τάφρους και πηγάδια σε υδροφορείς υπό πίεση ή/και με ελεύθερη επιφάνεια
• εξηγούν μεθόδους προσέγγισης – επίλυσης της ροής σε κορεσμένο πορώδες μέσο
• αξιολογούν τα απαιτούμενα τεχνικά έργα που απαιτούνται κατά την εκπόνηση υδρολογικών μελετών","• Αναζήτηση, ανάλυση και σύνθεση δεδομένων και πληροφοριών
• Προσαρμογή σε νέες καταστάσεις
• Λήψη αποφάσεων
• Αυτόνομη εργασία
• Εργασία σε διεπιστημονικό περιβάλλον
• Σχεδιασμός και διαχείριση έργων
• Άσκηση κριτικής
• Προαγωγή της ελεύθερης, δημιουργικής και επαγωγικής σκέψης","- Σύντομη περιγραφή μαθήματος:
Το μάθημα αποσκοπεί στην παροχή στους φοιτητές του βασικού θεωρητικού υπόβαθρου για το μάθημα κορμού ‘ΥΔΡ005 Υπόγεια Υδραυλική και Τεχνική Υδρολογία’. Περιλαμβάνει την αναγκαία ύλη για την κατανόηση των βασικών εννοιών της υδραυλικής των υπόγειων υδάτων καθώς και την εισαγωγή στις φυσικές διεργασίες της επιφανειακής υδρολογίας με στόχο την εύρεση της παροχής σχεδιασμού για τη μελέτη υδροτεχνικών έργων

- Περιεχόμενο διαλέξεων 
   o Βασικές ιδιότητες και ταξινόμηση υπόγειων υδροφορέων και υδραυλικές παράμετροι. Xαρακτηριστικά των εδαφών. Πείραμα και νόμος του Darcy – περιοχή ισχύος. Συντελεστής διαπερατότητας. Φυσική διαπερατότητα. Διαπερατόμετρα.
   o H εξίσωση της συνέχειας. Μαθηματικό ομοίωμα υπόγειων ροών. Tύποι ορίων και οριακές συνθήκες. 
   o Εξίσωση ροής σε υδροφορείς με πίεση. Εξίσωση ροής σε υδροφορείς με ελεύθερη επιφάνεια. Παραδοχή Dupuit.
   o Aναλυτικές λύσεις μόνιμων και μη μόνιμων ροών σε υδροφορείς με ελεύθερη επιφάνεια, υπό πίεση και με διαρροή.
   o Μόνιμη ροή προς τάφρο και προς πηγάδι. Συστήματα πηγαδιών.
   o Εισαγωγή στις υδρολογικές διεργασίες. Yδρολογικός κύκλος. Yδρολογικά ισοζύγια.
   o Στατιστική – πιθανολογική ανάλυση υδρολογικής πληροφορίας. Μελέτη (χωρική και χρονική) των ατμοσφαιρικών διεργασιών και κατακρημνισμάτων.
   o Παροχή υδατορρευμάτων. Yπολογισμός υδρολογικών μεγεθών για τα τεχνικά έργα. Πρόβλεψη πλημμυρών και ξηρασίας. Προσομοίωση λεκανών απορροής.
   o Μέθοδοι μέτρησης και υπολογισμού εξάτμισης και εξατμισοδιαπνοής, κατακράτησης, και διήθησης.",,,Πρόσωπο με πρόσωπο,"Υποστήριξη Μαθησιακής διαδικασίας (Διδασκαλία και Επικοινωνία με φοιτητές) μέσω διαλέξεων σε PowerPoint, μέσω ηλεκτρονικής ιστοσελίδας μαθήματος, μέσω της ηλεκτρονικής πλατφόρμας e-learning και μέσω επιπλέον ηλεκτρονικής επικοινωνίας με τους φοιτητές (online ανακοινώσεις και σχόλια, email κτλ). Επιπλέον υλικό (παρουσιάσεις διαλέξεων, εκπαιδευτικά videos, χρήσιμα sites και επιστημονικά άρθρα) ανηρτημένο στο e-learning. Ώρα συνεργασίας καθηγητή-φοιτητών είτε με φυσική παρουσία είτε μέσω τηλεσυνάντησης.",Διαλέξεις Θεωρίας,40,Ασκήσεις Εφαρμογής,12,Εκπαιδευτική Επίσκεψη (όταν πραγματοποιείται),,Αυτοτελής Μελέτη & Ανάλυση Βιβλιογραφίας,,,,104,"Γλώσσα Αξιολόγησης: Ελληνική

Γραπτή Εξέταση με Ερωτήσεις Εκτεταμένης Απάντησης (Διαμορφωτική ή/και Συμπερασματική)

Αξιολόγηση Θεωρίας (100% του τελικού βαθμού):
• Γραπτή εξέταση προόδου (30% του τελικού βαθμού) που περιλαμβάνει:
   o Θεωρητικές ερωτήσεις Εκτεταμένης Απάντησης (Διαμορφωτική ή/και Συμπερασματική)
   o Επίλυση προβλημάτων-ασκήσεων
• Γραπτή τελική εξέταση (70% του τελικού βαθμού) που περιλαμβάνει:
   o Θεωρητικές ερωτήσεις Εκτεταμένης Απάντησης (Διαμορφωτική ή/και Συμπερασματική)
   o Επίλυση προβλημάτων-ασκήσεων

Το παρόν κείμενο περιγραφής του μαθήματος με τα κριτήρια αξιολόγησης είναι προσβάσιμο στους φοιτητές στον οδηγό σπουδών του Τμήματος (ιστοσελίδα Τμήματος) και στην ιστοσελίδα του μαθήματος. Το περίγραμμα κοινοποιείται προφορικά στους φοιτητές κατά την πρώτη διάλεξη. 
","Κουτσογιάννης Δημήτριος, Ξανθόπουλος Θεμιστοκλής, Τεχνική Υδρολογία, Εκδόσεις Ελληνικά Ακαδημαϊκά Ηλεκτρονικά Συγγράμματα και Βοηθήματα - Αποθετήριο ""Κάλλιπος"", ISBN: 978-960-603-506-7. Κωδικός Βιβλίου στον Εύδοξο: 59390290
Τολίκας Δημήτρης Κ., Υπόγεια υδραυλική, Εκδόσεις Επίκεντρο, 2005 (1η έκδοση), ISBN: 978-960-88731-7-9. Κωδικός Βιβλίου στον Εύδοξο: 15196
Λατινόπουλος Περικλής, ΥΔΡΑΥΛΙΚΗ ΤΩΝ ΥΠΟΓΕΙΩΝ ΡΟΩΝ, Εκδόσεις ΧΑΡΙΣ ΕΠΕ, 2006 (1η έκδοση), ISBN: 978-960-98154-5-1. Κωδικός Βιβλίου στον Εύδοξο: 6861
Τσακίρης Γ., Υδατικοί πόροι : I Τεχνική υδρολογία και διαχείρηση των υδατικών πόρων, Εκδόσεις ΣΥΜΜΕΤΡΙΑ, 2012 (1η έκδοση), ISBN: 978-960-266-380-6 Κωδικός Βιβλίου στον Εύδοξο: 22771790
Τσακίρης Γ., Υδατικοί Πόροι ΙΙ: Εφαρμογές Τεχνικής Υδρολογίας, Εκδόσεις Συμμετρία, 2009 (1η έκδοση), ISBN: 978-960-266-266-3 Κωδικός Βιβλίου στον Εύδοξο: 45490
Μπαλτάς Ευάγγελος, Μιμίκου Μαρία, Τεχνική Υδρολογία, Εκδόσεις Παπασωτηρίου, 2018 (6η έκδοση), ISBN: 978-960-491-125-7. Κωδικός Βιβλίου στον Εύδοξο: 77117411
Μυρωνίδης Δημήτριος, Υδρολογία και Υδραυλική, Εκδόσεις ΤΖΙΟΛΑ, 2021 (1η έκδοση), ISBN: 978-960-418-884-0. Κωδικός Βιβλίου στον Εύδοξο: 94688988
",,
40,ΥΔΡ004,Υδρεύσεις - Αποχετεύσεις,ΜΗΧΑΝΙΚΩΝ,ΠΟΛΙΤΙΚΩΝ ΜΗΧΑΝΙΚΩΝ,Προπτυχιακό,6,Διαλέξεις και Ασκήσεις Εφαρμογής,4,4,,,,Επιστημονικής Περιοχής,,"ΥΔΡ002 – Μηχανική των ρευστών
ΥΔΡ003 – Υδραυλική","Ελληνικά
(Φοιτητές Erasmus: Ελληνικά ή Αγγλικά)","Ναι
(Φοιτητές Erasmus: Ελληνικά ή Αγγλικά)",,"Με την επιτυχή ολοκλήρωση του μαθήματος, οι φοιτητές θα είναι σε θέση να:
• προσδιορίζουν και περιγράφουν ποιοτικά και ποσοτικά δεδομένα νερού ύδρευσης και αποχέτευσης (λυμάτων και όμβριων)
• εξηγούν και εκτιμούν τα απαιτούμενα έργα ύδρευσης και αποχέτευσης σε οριζοντιογραφία και μηκοτομή
• εξετάζουν τον σχεδιασμό τυπικών έργων υδροδότησης (εξωτερικά υδραγωγεία, δεξαμενές, δίκτυα διανομής) 
• σχεδιάζουν δίκτυα αποχέτευσης ακαθάρτων και έργων αποχέτευσης όμβριων σε αστικό περιβάλλον
• συνθέτουν μοντέλα υδραυλικής ανάλυσης δικτύων στον υπολογιστή
• αναγνωρίζουν τα έργα ύδρευσης και αποχέτευσης στις σχετικές μελέτες (τεχνική έκθεση, γενική διάταξη έργων, μηκοτομές αγωγών, υλικά, γεωμετρικά χαρακτηριστικά)","• Αναζήτηση, ανάλυση και σύνθεση δεδομένων και πληροφοριών
• Προσαρμογή σε νέες καταστάσεις
• Λήψη αποφάσεων
• Αυτόνομη εργασία
• Εργασία σε διεπιστημονικό περιβάλλον
• Σχεδιασμός και διαχείριση έργων
• Άσκηση κριτικής
• Προαγωγή της ελεύθερης, δημιουργικής και επαγωγικής σκέψης","-Σύντομη περιγραφή μαθήματος:
Το μάθημα αποσκοπεί στην παροχή στους φοιτητές του βασικού θεωρητικού και υπόβαθρου για το μάθημα κορμού ‘ΥΔΡ004 Υδρεύσεις - Αποχετεύσεις’. Περιλαμβάνει την αναγκαία ύλη για την κατανόηση των βασικών εννοιών σχεδιασμού και διαστασιολόγησης όλων των επιμέρους έργων δικτύων ύδρευσης και αποχέτευσης αστικών και ημιαστικών περιοχών μέσω θεωρητικής και πρακτικής (ασκήσεις εφαρμογής) προσέγγισης.

-Περιεχόμενο διαλέξεων 
   o Εισαγωγή στα αστικά υδραυλικά έργα, ιστορική αναδρομή. Βασικές αρχές και παράμετροι σχεδιασμού των έργων ύδρευσης.
   o Ποιοτικά και ποσοτικά δεδομένα νερού ύδρευσης. Yδροληψίες από πηγές, επιφανειακά και υπόγεια νερά.
   o Aντλιοστάσια και καταθλιπτικοί αγωγοί. Υπολογισμός αναγκών νερού.
   o Χωροθέτηση, διαστασιολόγηση, και σχεδιασμός δεξαμενών ρύθμισης και φρεατίων αποδόσεως/πιεζοθραύσεως. Απαιτούμενο υψόμετρο και διαστασιολόγηση.
   o Χάραξη, υδραυλική ανάλυση και διαστασιολόγηση δικτύων διανομής. Υπολογισμός ακτινωτών και βροχωτών δικτύων.
   o Μοντέλα επίλυσης δικτύων ύδρευσης σε υπολογιστή.
   o Ποιοτικά και ποσοτικά δεδομένα αστικών λυμάτων, βιομηχανικών αποβλήτων και όμβριων.
   o Υδραυλική των υπονόμων.
   o Βασικές αρχές και παράμετροι σχεδιασμού έργων αστικών δικτύων αποχέτευσης. Είδη δικτύων αποχέτευσης και όμβριων. Παντορροϊκά και χωριστικά δίκτυα.
   o Αρχές σχεδιασμού δικτύων ακαθάρτων. Όρια ταχυτήτων. Ελάχιστες κλίσεις. Συναρμογές. Τοπικές απώλειες. Προβλήματα μεγάλων και μικρών ταχυτήτων. Ποιοτικά και τεχνολογικά θέματα αγωγών αποχέτευσης.
   o Εκτίμηση παροχών όμβριων. Αρχές σχεδιασμού δικτύων συλλογής όμβριων. Μεθοδολογία χάραξης και υπολογισμού δικτύων όμβριων σε οριζοντιογραφία και μηκοτομή. Κατασκευαστικοί και υδρολογικοί περιορισμοί.",,,Πρόσωπο με πρόσωπο,"Υποστήριξη Μαθησιακής διαδικασίας (Διδασκαλία και Επικοινωνία με φοιτητές) μέσω διαλέξεων σε PowerPoint, μέσω ηλεκτρονικής ιστοσελίδας μαθήματος, μέσω της ηλεκτρονικής πλατφόρμας e-learning και μέσω επιπλέον ηλεκτρονικής επικοινωνίας με τους φοιτητές (online ανακοινώσεις και σχόλια, email κτλ). Επιπλέον υλικό (παρουσιάσεις διαλέξεων, εκπαιδευτικά videos, χρήσιμα sites και επιστημονικά άρθρα) ανηρτημένο στο e-learning. Ώρα συνεργασίας καθηγητή-φοιτητών είτε με φυσική παρουσία είτε μέσω τηλεσυνάντησης.",Διαλέξεις Θεωρίας,40,Ασκήσεις Εφαρμογής,12,Εκπαιδευτική Επίσκεψη (όταν πραγματοποιείται),,Αυτοτελής Μελέτη & Ανάλυση Βιβλιογραφίας,,,,104,"Γλώσσα Αξιολόγησης: Ελληνική

Γραπτή Εξέταση με Ερωτήσεις Εκτεταμένης Απάντησης (Διαμορφωτική ή/και Συμπερασματική)

Αξιολόγηση Θεωρίας (100% του τελικού βαθμού):
• Γραπτή εξέταση προόδου (30% του τελικού βαθμού) που περιλαμβάνει:
   o Θεωρητικές ερωτήσεις Εκτεταμένης Απάντησης (Διαμορφωτική ή/και Συμπερασματική)
   o Επίλυση προβλημάτων-ασκήσεων
• Γραπτή τελική εξέταση (70% του τελικού βαθμού) που περιλαμβάνει:
   o Θεωρητικές ερωτήσεις Εκτεταμένης Απάντησης (Διαμορφωτική ή/και Συμπερασματική)
   o Επίλυση προβλημάτων-ασκήσεων

Το παρόν κείμενο περιγραφής του μαθήματος με τα κριτήρια αξιολόγησης είναι προσβάσιμο στους φοιτητές στον οδηγό σπουδών του Τμήματος (ιστοσελίδα Τμήματος) και στην ιστοσελίδα του μαθήματος. Το περίγραμμα κοινοποιείται προφορικά στους φοιτητές κατά την πρώτη διάλεξη. 
","Πρίνος Παναγιώτης, Υδραυλική Κλειστών και Ανοικτών Αγωγών, Εκδόσεις Ζήτη, 2013, ISBN: 978-960-456-344-9. Κωδικός Βιβλίου στον Εύδοξο: 22767973
Τσακίρης Γεώργιος, Υδραυλικά Έργα, Σχεδιασμός και Διαχείριση, Τόμος Ι: Αστικά Υδραυλικά Έργα, Εκδόσεις Συμμετρία, 2010 (1η έκδοση), ISBN: 978-960-266-289-2. Κωδικός Βιβλίου στον Εύδοξο: 45485
Λαγγούσης Ανδρέας, Φουρνιώτης Νικόλαος, ΣΤΟΙΧΕΙΑ ΣΧΕΔΙΑΣΜΟΥ ΕΡΓΩΝ ΥΔΡΕΥΣΗΣ ΚΑΙ ΑΠΟΧΕΤΕΥΣΗΣ, Εκδόσεις GOTSIS, 2020 (1η έκδοση), ISBN: 9789609427890. Κωδικός Βιβλίου στον Εύδοξο: 94702516
Δημητρακόπουλος Αλέξανδρος, Σχεδιασμός Υδραυλικών Έργων, Εκδόσεις Φ. ΦΩΤΟΠΟΥΛΟΣ - Α. ΧΑΡΑΛΑΜΠΑΚΗΣ Ο.Ε., 2008, ISBN: 978-960-88473-1-6. Κωδικός Βιβλίου στον Εύδοξο: 456
Στάμου Αναστάσιος, Εφαρμοσμένη Υδραυλική, Εκδόσεις Παπασωτηρίου, 2016 (3η έκδοση), ISBN: 978-960-491-109-7. Κωδικός Βιβλίου στον Εύδοξο: 59397206
",,
41,ΔΟΜ017,Μεταλλικές Κατασκευές ΙΙ,ΜΗΧΑΝΙΚΩΝ,ΠΟΛΙΤΙΚΩΝ ΜΗΧΑΝΙΚΩΝ,Προπτυχιακό,7,Διαλέξεις,4,4,,,,Επιστημονικής Περιοχής,,,Ελληνική,Όχι,https://elearning.cm.ihu.gr/course/view.php?id=945,"Οι φοιτητές μετά την επιτυχή ολοκλήρωση του μαθήματος αναμένεται να:
- κατανοούν και υπολογίζουν τις σεισμικές δράσεις χαλύβδινων δομικών έργων
- κατανοούν, αναλύουν και υπολογίζουν τη μηχανική συμπεριφορά συνδέσεων χαλύβδινων δομικών μελών
- αναγνωρίζουν τους πιθανούς μηχανισμούς αστοχίας συνδέσεων χαλύβδινων δομικών μελών
- αναπτύσουν το στατικό σύστημα χαλύβδινων δομικών φορέων και των συνδέσεων τους έναντι στατικών και σεισμικών δράσεων
- αναλύουν, αξιολογούν και διαστασιολογούν τις συνδέσεις των χαλύβδινων δομικών μελών
- κατανοούν έκτακτες φορτιστικές καταστάσεις
- επιλέγουν μέτρα επιφανειακής προστασίας χαλύβδινων έργων","• Αναζήτηση, ανάλυση και σύνθεση δεδομένων και πληροφοριών
• Λήψη αποφάσεων
• Αυτόνομη εργασία
• Σχεδιασμός και διαχείριση έργων
• Άσκηση κριτικής
• Προαγωγή της ελεύθερης, δημιουργικής και επαγωγικής σκέψης","Μέσα συνδέσεων (ήλοι  –  κοχλίες  -  συγκολλήσεις). Κόμβοι δικτυωτών και πλαισιακών κατασκευών (ταξινόμηση -προσομοίωση-μέθοδοι ανάλυσης). Μόρφωση – υπολογισμός τυπικών συνδέσεων. Σεισμικές δράσεις, αντισεισμικός σχεδιασμός. Κατασκευή μεταλλικών φορέων. Ανάλυση βάσει του Ευροκώδικα 3. Δοκοί κύλισης γεφυρών. Σχεδιασμός έναντι διάβρωσης και φωτιάς. Υψίκορμες δοκοί.",,,Πρόσωπο με πρόσωπο (Στην αίθουσα διδασκαλίας) ,,Διαλέξεις,42,Αυτοτελής Μελέτη,62,,,,,,,104,"1. Ανάθεση εργασιών με στόχο την διερεύνηση της κατανόησης των εννοιών που διδάχθηκαν.
2. Τελική γραπτή εξέταση στο τέλος του εξαμήνου (στην ελληνική γλώσσα). 
3. Δίνεται η δυνατότητα σε κάθε φοιτητή να ελέγξει το γραπτό του και να του αναλυθούν τα λάθη του.","Σοφιανόπουλος Σ. Δημήτρης, Στοιχεία Μεταλλικών Κατασκευών, 2006, Εκδόσεις Παπασωτηρίου, ISBN, 9789607530745
Μπανιωτόπουλος Χαράλαμπος Κ. 2003. Συνδέσεις μεταλλικών κατασκευών, Εκδόσεις Ζήτη, ISBN: 9789604318926
",,
42,ΔΟΜ018,Στατική με Μητρώα,ΜΗΧΑΝΙΚΩΝ,ΠΟΛΙΤΙΚΩΝ ΜΗΧΑΝΙΚΩΝ,Προπτυχιακό,7,Διαλέξεις,4,5,,,,Επιστημονικής Περιοχής,,,Ελληνική,Όχι,,"Μετά την επιτυχή ολοκλήρωση του μαθήματος οι φοιτητές θα πρέπει να μπορούν να:
• σχηματίζουν το μοντέλο επίπεδων ή χωρικών φορέων με χρήση γραμμικών στοιχείων, 
• υπολογίζουν το μητρώο στιβαρότητας (δυσκαμψίας) καθώς και το διάνυσμα φόρτισης του μοντέλου, 
• προσδιορίζουν τις μετακινήσεις και εξ αυτών τα εντασιακά μεγέθη των επί μέρους στοιχείων,
• χρησιμοποιούν κατάλληλο λογισμικό και να επιλύουν επίπεδους ή χωρικούς φορείς λόγω στατικών φορτίων.","• Αυτόνομη εργασία 
• Ομαδική εργασία
• Λήψη αποφάσεων
• Άσκηση κριτικής και αυτοκριτικής
• Προαγωγή της ελεύθερης, δημιουργικής και επαγωγικής σκέψης",Στατική επίλυση επίπεδων δικτυωμάτων με μητρωϊκή στατική. Άμεση μέθοδος δυσκαμψίας. Στοιχείο αναφοράς. Συναρτήσεις μορφής. Διακριτοποίηση. Στοιχειώδες και συνολικό μητρώο δυσκαμψίας. Στοιχειώδες και συνολικό μητρώο εξωτερικής φόρτισης. Επίλυση συστήματος. Υπολογισμός επικόμβιων μετατοπίσεων. Στατική επίλυση επίπεδων ολόσωμων φορέων με μητρωϊκή στατική. Επέκταση σε δυναμικές καταπονήσεις. Στοιχειώδες και συνολικό μητρώο μάζας. Δημιουργία μητρώου απόσβεσης. Μορφική επαλληλία. Ιδιοτιμές – ιδιομορφές. Υπολογισμός δυναμικής απόκρισης. Εφαρμογή - προγραμματισμός σε Η/Υ.,,,Πρόσωπο με πρόσωπο (Στην αίθουσα διδασκαλίας) ,,Διαλέξεις,52,Αυτοτελής Μελέτη,78,,,,,,,130,"1. Ανάθεση εργασιών με στόχο την διερεύνηση της κατανόησης των εννοιών που διδάχθηκαν.
2. Τελική γραπτή εξέταση στο τέλος του εξαμήνου (στην ελληνική γλώσσα). 
3. Δίνεται η δυνατότητα σε κάθε φοιτητή να ελέγξει το γραπτό του και να του αναλυθούν τα λάθη του.","Αρμένακας, Α., Στατική Ραβδωτών Φορέων ΙΙ Υπερστατικοί Φορείς, 1997, Εκδόσεις: Συμμετρία , ISBN: 9789602660195
Βαλιάσης Θωμάς Ν., Στατική των γραμμικών φορέων, 2009, Εκδόσεις Ζήτη, ISBN: 9789604561612
Παπαδρακάκης Μ. Σαπουντζάκης Ε. (2015). Ανάλυση Ραβδωτών Φορέων με Μητρωϊκές Μεθόδους – Μέθοδος Άμεσης Στιβαρότητας, Ιδιωτική Έκδοση. ISBN: 978-618-5066-41-3",,
43,ΔΟΜ020,Επιφανειακοί φορείς - Ειδικά Θέματα Πεπερασμένων Στοιχείων,ΜΗΧΑΝΙΚΩΝ,ΠΟΛΙΤΙΚΩΝ ΜΗΧΑΝΙΚΩΝ,Προπτυχιακό,7,Διαλέξεις,4,5,,,,Κατεύθυνσης,,,Ελληνική,Όχι,,Το μάθημα στοχεύει στην κατανόηση της συμπεριφοράς των πλακών – κελυφών - δίσκων  με αναλυτικές και προσεγγιστικές και της εφαρμογής της μεθόδου των πεπερασμένων στοιχείων σε προβλήματα επιφανειακών φορέων.,• Δημιουργία του αναγκαίου υπόβαθρου για την ανάλυση επιφανειακών φορέων με αναλυτικές και αριθμητικές μεθόδους. Εφαρμογή της μεθόδου των πεπερασμένων στοιχείων.,"Εισαγωγή στη μαθηματική θεωρία ελαστικότητας. Διαφορική εξίσωση του δίσκου σε καρτεσιανές και πολικές συντεταγμένες. Λεπτές πλάκες. Διαφορική εξίσωση πλακών. Αναλυτικές και προσεγγιστικές λύσεις. Ορθογωνικές – κυκλικές πλάκες. Μέθοδος Πεπερασμένων Στοιχείων – εισαγωγή. Πεπερασμένα στοιχεία πλακών (Kirchhoff). Πεπερασμένα στοιχεία πλακών (Mindlin). Κελύφη. Φορτίσεις, φυσικά μεγέθη και εξισώσεις της θεωρίας των κελυφών. Θεωρία μεμβράνης κελυφών. Θεωρία κάμψης κελυφών. Μοντελοποίηση επιφανειακών φορέων. ",,,Πρόσωπο με πρόσωπο (Στην αίθουσα διδασκαλίας) ,,Διαλέξεις,52,Αυτοτελής Μελέτη,78,,,,,,,130,"1. Ανάθεση εργασιών με στόχο την διερεύνηση της κατανόησης των εννοιών που διδάχθηκαν.
2. Τελική γραπτή εξέταση στο τέλος του εξαμήνου (στην ελληνική γλώσσα). 
3. Δίνεται η δυνατότητα σε κάθε φοιτητή να ελέγξει το γραπτό του και να του αναλυθούν τα λάθη του.","Ε. Σαπουντζάκης, Θεωρία Πλακών, 2005,Εκδόσεις Ε.Μ.Π. 
Βαλιάσης Θωμάς, Επιφανειακοί φορείς, 2000, Εκδόσεις Ζήτη, ISBN: 960-431-602-8
Τρ. Μακάριος & Γ. Μανώλης, Επιφανειακοί φορείς, 2018, Εκδόσεις Τζιόλα, ISBN 978-960-418-768-3
J. Katsikadelis, The Boundary Element Method For Plate Analysis, 2014, Academic press, Elsevier, ISBN: 13: 978-0-12-416739-1.
Γ. Τσαμασφύρος, Ε. Θεοτόκογλου, Μέθοδος Πεπερασμένων Στοιχείων Ι, Εκδόσεις Συμμετρία, 2005, ISBN: 978-960-266-140-2.
Χ. Προβατίδης, Πεπερασμένα Στοιχεία Στην Ανάλυση Κατασκευών, Εκδόσεις Τζιόλα, 2016, ISBN: 9789604186761",,
44,ΔΟΜ021,Δυναμική των Κατασκευών ΙΙ,ΜΗΧΑΝΙΚΩΝ,ΠΟΛΙΤΙΚΩΝ ΜΗΧΑΝΙΚΩΝ,Προπτυχιακό,7,Διαλέξεις,4,5,,,,Κατεύθυνσης,,ΔΟΜ015 Δυναμική των Κατασκευών Ι,Ελληνική,Όχι,https://elearning.cm.ihu.gr,"Μετά την επιτυχή ολοκλήρωση του μαθήματος οι φοιτητές θα πρέπει να μπορούν να:
1. μελετούν τη δυναμική συμπεριφορά γενικευμένων μονοβάθμιων ταλαντωτών καθώς και  πολυβάθμιων συστημάτων με συνεχή κατανομή μάζας, 
2. μορφώνουν τις εξισώσεις κίνησης που διέπουν τη συμπεριφορά των κατασκευών αυτών, 
3. επιλύουν τις εξισώσεις κίνησης με αναλυτικές ή/και σύγχρονες υπολογιστικές μεθόδους.
4. εφαρμόζουν σχετικές κανονιστικές διατάξεις ","• Αυτόνομη εργασία 
• Ομαδική εργασία
• Λήψη αποφάσεων
• Άσκηση κριτικής και αυτοκριτικής
• Προαγωγή της ελεύθερης, δημιουργικής και επαγωγικής σκέψης","Σεισμική ανάλυση πολυβάθμιων συστημάτων: Επανάληψη ιδιομορφικής ανάλυσης, χρήση φασμάτων σχεδιασμού, Ταυτόχρονα μεγέθη – Χωρική επαλληλία. Μείωση βαθμών ελευθερίας: Στατική συμπύκνωση, συγκέντρωση μάζας σε επιλεγμένους β.ε., μέθοδος Rayleigh-Ritz. Σεισμική απόκριση ειδικών κατασκευών: Συστήματα με κατανεμημένη μάζα και δυσκαμψία  (διατμητικός & καμπτικός πρόβολος), κτίρια από φέρουσα τοιχοποιία. Σεισμική απόκριση ανελαστικών κατασκευών: Εξισώσεις κίνησης, μέθοδοι επίλυσης. Απαιτήσεις μετατοπίσεων και αντοχής. Προσεγγιστικές Μέθοδοι ανάλυσης. Ιδιομορφική ανάλυση οριακής ώθησης. Ανάλυση χρονοϊστορίας:  Επιλογή επιταχυνσιογραμάτων, εφαρμογή σε ανελαστική ανάλυση. Σεισμική μόνωση: Παραδείγματα εφαρμογής σεισμικής μόνωσης, βασική θεώρηση, τύποι μονωτήρων, μέθοδοι ανάλυσης, έλεγχοι. Αλληλεπίδραση εδάφους – κατασκευής: Βασικές έννοιες, μέθοδοι προσομοίωσης, μεταβολή ιδιοπεριόδου και απόσβεσης. Απόκριση κατασκευών σε ανεμοφορτία και κυματοφορτία: Ανάλυση στο πεδίο των συχνοτήτων. Φάσματα ισχύος. Εφαρμογές.",,,Πρόσωπο με πρόσωπο (Στην αίθουσα διδασκαλίας) ,"Υποστήριξη Μαθησιακής διαδικασίας μέσω ηλεκτρονικής ιστοσελίδας, μέσω της ηλεκτρονικής πλατφόρμας e-learning και ηλεκτρονικής επικοινωνίας με τους φοιτητές (online ανακοινώσεις και σχόλια, email κτλ). ",Διαλέξεις Θεωρίας,40,Ασκήσεις πράξης,12,Αυτοτελής Μελέτη,78,,,,,130,"• Δύο γραπτές εξετάσεις προόδου (30% του τελικού βαθμού) που περιλαμβάνουν:
   o Θεωρητικές ερωτήσεις κρίσης 
   o Επίλυση προβλημάτων-ασκήσεων 

• Γραπτή τελική εξέταση (70% του τελικού βαθμού) που περιλαμβάνει:
   o Θεωρητικές ερωτήσεις κρίσης 
   o Επίλυση προβλημάτων-ασκήσεων 
 
Το παρόν κείμενο περιγραφής του μαθήματος με τα κριτήρια αξιολόγησης είναι προσβάσιμο στους φοιτητές στον οδηγό σπουδών του Τμήματος (ιστοσελίδα Τμήματος) και στην ιστοσελίδα του μαθήματος ","[12446]: Δυναμική συμπεριφορά των κατασκευών, Warburton Geoffrey Barratt  
[12280]: Δυναμική των κατασκευών, Chopra Anil K. 
[22768979]: Δυναμική Ανάλυση των κατασκευών, Κατσικαδέλης Ι.
[320142]: Δυναμική των κατασκευών, Μανώλης Γ., Παναγιωτόπουλος Χ., Κολιόπουλος Π. (Ηλεκτρονικό Βιβλίο )",,
45,ΔΟΜ022,Οικοδομική ΙΙ,ΜΗΧΑΝΙΚΩΝ,ΠΟΛΙΤΙΚΩΝ ΜΗΧΑΝΙΚΩΝ,Προπτυχιακό,7,"Διαλέξεις, Ασκήσεις Πράξης και Εργαστηριακές Ασκήσεις",4,5,,,,Κατεύθυνσης,,,Ελληνική,Όχι,https://elearning.cm.ihu.gr,"Με την επιτυχή ολοκλήρωση του μαθήματος οι φοιτητές θα είναι σε θέση:
• Να μπορούν να αντιλαμβάνονται και να εντοπίζουν εξεδεικευμένα κατασκευαστικά ζητήματα σε ένα κτίριο. Πιο ειδικά, ζητήματα μονώσεων (θερμομόνωση, υγρομόνωση, πυροπροστασία, ηχομόνωση), σχεδιασμό και κατασκευή κλιμακοστασίων, επιλογή και τοποθέτηση ειδικών δαπέδων, τεχνολογία και  κατασκευή κουφωμάτων και υαλοστασίων,  σχεδιασμό και κατασκευή στηθαίων καθώς και κατασκευών στον εξωτερικό χώρο. Επίσης να γνωρίζουν για τις απαιτήσεις των πετασμάτων, τοιχοποιιών και λεπτομερειών κατασκευής ελαφρών κτιρίων. 
• Να διαβάζουν με ευχέρεια σχέδια λεπτομερειών και αντίστοιχα να τα παράγουν, εντοπίζοντας τα σημεία των συναρμογών που πρέπει να μελετηθούν πριν την κατασκευή. 
• Να μπορούν να πλοηγηθούν και να χρησιμοποιούν ένα εύρος πηγών: βιβλία, άρθρα σε έγκυρα τεχνικά περιοδικά, κατασκευαστικά φυλλάδια τεχνικών εταιριών, πηγές από το Διαδίκτυο, ώστε να αντλούν από αυτά γνώση και πληροφορία και να εδραιώσουν μια διαρκή ενημέρωση για την επαγγελματική τους σταδιοδρομία.
• Να εφαρμόζουν τις παραπάνω γνώσεις παράγοντας κατασκευαστικές λεπτομέρειες (σχέδια) και να τεκμηριώνουν τις προτάσεις τους (τεχνικές εκθέσεις και περιγραφές). 
• Να αντιλαμβάνονται τα παραπάνω σχέδια ως μέρος της μελέτης εφαρμογής του κτιρίου, να οργανώνουν την πληροφορία που περιλαμβάνεται σε αυτήν και να την αξιοποιούν στην οργάνωση της κατασκευής. ","Το μάθημα συμβάλει στην απόκτηση των παρακάτω ικανοτήτων:
• Αναζήτηση, ανάλυση και σύνθεση δεδομένων και πληροφοριών, με τη χρήση και των απαραίτητων τεχνολογιών 
• Προσαρμογή σε νέες καταστάσεις 
• Λήψη αποφάσεων 
• Αυτόνομη εργασία 
• Ομαδική εργασία
• Σχεδιασμός και διαχείριση έργων 
• Σεβασμός στο φυσικό περιβάλλον
• Άσκηση κριτικής και αυτοκριτικής 
• Προαγωγή της ελεύθερης, δημιουργικής και επαγωγικής σκέψης","Σύντομη περιγραφή μαθήματος:
Το μάθημα αναπτύσσει τη λογική της επίλυσης εξειδικευμένων κατασκευαστικών προβλημάτων σε ένα κτιριακό έργο. Ειδικότερα, παρέχει θεωρητικές και τεχνικές γνώσεις πάνω σε  ζητήματα μονώσεων (θερμομόνωση, υγρομόνωση, πυροπροστασία – κανονισμοί, ηχομόνωση), καθώς και κατασκευής. Συνολικότερα οι γνώσεις αυτές εντάσσονται στην ανάλυση και κατανόηση του μηχανισμού περιβαλλοντικής συμπεριφοράς του κτιρίου και των τρόπων που αυτή μπορεί να βελτιωθεί και να ανταποκριθεί στις απαιτήσεις των κανονισμών.
Επίσης, αναλύονται και επεξεργάζονται εξειδικευμένα ζητήματα κατασκευής δαπέδων, στηθαίων, αρμών διαστολής, εξωτερικών κατασκευών, σχεδιασμού και  κατασκευής κλιμακοστασίων και των συναρμογών τους με το κτίριο. Το μάθημα επιπλέον εμβαθύνει στο σχεδιασμό και την κατασκευή κουφωμάτων, υαλοστασίων και κατ’ επέκταση  στο σχεδιασμό και τις τεχνολογίες κτιριακού φλοιού, θίγοντας κατασκευαστικά όσο και ενεργειακά ζητήματα. Τέλος, το μάθημα κάνει μια εισαγωγή σε βασικές έννοιες προκατασκευής, προτυποποιημένης και μη, καθώς και τη σχέση κτιριακών κατασκευών με τη βιομηχανία.
Οι φοιτητές εργάζονται ανά ομάδες πάνω σε ένα θέμα ενός υφιστάμενου ημιτελούς κτιρίου, πάνω στο οποίο καλούνται να διατυπώσουν τις προτάσεις τους για την ολοκλήρωσή του, ταυτόχρονα με την ενεργειακή αναβάθμισή του. Οι φοιτητές καλούνται να καλλιεργήσουν τη λογική αναζήτησης κατασκευαστικών λύσεων μέσα από το συνδυασμό γνώσεων και πληροφορίας από μια πληθώρα πηγών: βιβλία, τεχνικές εταιρείες, υλοποιημένα παραδείγματα κτιρίων στο Διαδίκτυο. Η πρότασή τους θα πρέπει να είναι τεκμηριωμένη θεωρητικά και σχεδιαστικά.","Ενότητες διαλέξεων
   • Σχεδιασμός και κατασκευή ειδικών κλικακοστασίων (κατακόρυφος πυρήνας επικοινωνίας) 
   • Μονώσεις: θερμομόνωση (υλικά, θερμομόνωση δομικών στοιχείων, θερμογέφυρες), υγρομόνωση (προστασία κτιρίου από το έδαφος, δώματα), ηχομόνωση κατασκευών, πυροπροστασία κτιρίων
   • Ειδικά δάπεδα, στηθαία, αρμοί διαστολής
   • Κουφώματα - Υαλοστάσια
   • Εγκαταστάσεις (υδρορροές, αγωγοί)
   • Ειδικές κατασκευές εξωτερικού χώρου
   • Ξηρά Δόμηση – Ελαφρά κτίρια- Προκατακασκευή",,"Στην τάξη (πρόσωπο με πρόσωπο), ατομική και ομαδική εργασία με διορθώσεις μέσα στο εξάμηνο.","Παρουσίαση διαλέξεων με χρήση Η/Υ, υποστήριξη Μαθησιακής διαδικασίας (εκπαιδευτικό υλικό και εργασίες, διορθώσεις και σχόλια) μέσω της ηλεκτρονικής πλατφόρμας e-learning, καθώς και μέσω πλατφόρμας τηλεδιάσκεψης.",Διαλέξεις Θεωρίας,25,Εργαστηριακές ασκήσεις,25,Αυτοτελής Μελέτη,30,Ατομική Εργασία ,20,Ομαδική Εργασία,30,130,"• Γραπτή εξέταση θεωρίας και σχεδιασμού που περιλαμβάνει ερωτήσεις σύντομης ανάπτυξης πάνω σε κατασκευαστικά ερωτήματα καθώς και επίλυση εντός μικρού σχεδιαστικού θέματος (50%)
• Παράδοση εργασίας ομαδικής (υποχρεωτικής) που επεξεργάζεται κατά τη διάρκεια του εξαμήνου,  με επίβλεψη και  διορθώσεις της κάθε ομάδας (50%)","Αθανασόπουλος Χ., ‘’Κατασκευή κτιρίων: Σύνθεση και Τεχνολογία’’, Αθήνα 1991 
Ζαχαριάδης Α., ‘’Οικοδομική Τεχνολογία’’ University Studio Press, Θεσσαλονίκη, 2004.
Καλογεράς Ν., Κιρπότιν Χ., Μακρής Γ., Παπαϊωάννου Ι., Ραυτόπουλος Σ., Τζίτζας Μ., 
Τουλιάτος Π. ‘’Θέματα Οικοδομικής’’, Ε.Μ.Π., εκδόσεις Συμμετρία, Αθήνα, 1999.
Τσινίκας Ν., ‘’Αρχιτεκτονική Τεχνολογία’’ εκδ. University Studio Press, Θεσσαλονίκη 1993 
Παπαϊωάννου,Κ., Τεχνολογία της Τοιχοποιίας, University Studio Press, Θεσσαλονίκη 1998
Πρεφτίτση, Φ. Γ., «Μεταλλικά κτίρια: είδη μετάλλων, σχεδιασμός, κατασκευή, προστασία, ανακαίνιση», Θεσσαλονίκη : Κτίριο - Επιλογή στη Δόμηση Ε.Π.Ε., 2006.
Schmitt Η., Heene Α. ‘’Κτιριακές κατασκευές : τα δομικά στοιχεία και η συναρμογή τους : βασικές αρχές της σύγχρονης δόμησης’’ μετάφραση Δ. Μαλασπίνας, εκδ. Μ. Γκιούρδας , Αθήνα 1994.
Ching, F., Building Construction Illlustrated ,  Wiley, 5th edition, 2014
Schittich, C. Glass Construction Manual, Birkhäuser Architecture; 2nd, revised and expanded ed. Edition, 2007
T.O.T.E.E. 20701-1/2010. Αναλυτικές εθνικές προδιαγραφές παραμέτρων για τον υπολογισμό της ενεργειακής απόδοσης κτιρίων και την έκδοση του πιστοποιητικού ενεργειακής απόδοσης 
T.O.T.E.E. 20701-2/2010. Θερμοφυσικές ιδιότητες δομικών υλικών και έλεγχος της θερμομονωτικής επάρκειας των κτιρίων. EN ISO 13790.
Editor(s): Francesco Asdrubali, Umberto Desideri, Handbook of Energy Efficiency in Buildings, Butterworth-Heinemann, 2019.
DETAIL [https://www.detail-online.com]
ΚΤΙΡΙΟ [http://www.ktirio.gr/]",,
46,ΔΟΜ019,Σχεδιασμός & Επισκευές Κατασκευών από Φέρουσα Τοιχοποιία,ΜΗΧΑΝΙΚΩΝ,ΠΟΛΙΤΙΚΩΝ ΜΗΧΑΝΙΚΩΝ,Προπτυχιακό,7,"Διαλέξεις, Ασκήσεις Πράξης",4,5,,,,Κατεύθυνσης,,,Ελληνική,Όχι,,"Με την επιτυχή ολοκλήρωση του μαθήματος οι φοιτητές θα είναι σε θέση:
1. Να γνωρίζει τις ιδιότητες των επιμέρους υλικών (λιθοσώματα και κονίαμα) που συνθέτουν τη φέρουσα τοιχοποιία καθώς και τη μηχανική συμπεριφορά του σύνθετου υλικού
2. Να αντιλαμβάνονται το δομικό σύστημα των κατασκευών από φέρουσα τοιχοποιία και την εντατική κατάσταση που αναπτύσσεται σε αυτό
3. Να εφαρμόζει τις κανονιστικές διατάξεις των ισχυόντων κανονισμών (Ευρωκώδικες 6 και 8) για το σχεδιασμό κατασκευών από φέρουσα τοιχοποιία
4. Να αναγνωρίζει τις τυπικές μορφές αστοχίας σε δομικά στοιχεία και κτίρια από φέρουσα τοιχοποιία και να προτείνει/εφαρμόζει κατάλληλες τεχνικές επεμβάσεων","Το μάθημα συμβάλει στην απόκτηση των παρακάτω ικανοτήτων:
• Αναζήτηση, ανάλυση και σύνθεση δεδομένων και πληροφοριών, με τη χρήση και των απαραίτητων τεχνολογιών.
• Σχεδιασμός και διαχείριση έργων.
• Λήψη αποφάσεων.
• Αυτόνομη εργασία
• Προαγωγή της ελεύθερης, δημιουργικής και επαγωγικής σκέψης","Περιεχόμενη θεωρητικών διαλέξεων
• Τα επιμέρους υλικά της φέρουσας τοιχοποιίας. Τύποι λιθοσωμάτων και κονιαμάτων
• Μηχανική της φέρουσας τοιχοποιίας. Αντοχή σε θλίψη, εφελκυσμό, κάμψη και διάτμηση.
• Εντατική κατάσταση στην οριακή κατάσταση αστοχίας για φορτία βαρύτητας και σεισμικές δράσεις.
• Απόκριση κατασκευών από φέρουσα τοιχοποιία σε εντός και εκτός επιπέδου φόρτιση
• Παθολογία κτιρίων από φέρουσα τοιχοποιία. Τυπικές μορφές αστοχίας
• Υλικά και τεχνικές επεμβάσεων (επισκευές-ενισχύσεις) σε υφιστάμενες κατασκευές από Φ.Τ.

Περιεχόμενο ασκήσεων
• Υπολογισμός ιδιοτήτων και αντοχών στοιχείων από φέρουσα τοιχοποιία σύμφωνα με τον Ευρωκώδικα 6
• Σεισμικές δράσεις σε κατασκευές από Φ.Τ. κατά τον Ευρωκώδικα 8
• Παράδειγμα επίλυσης διώροφης κατασκευής από φέρουσα τοιχοποιία. ",,,"Στην τάξη (πρόσωπο με πρόσωπο). 
Δυνατότητα για εξ αποστάσεως εκπαίδευση εάν απαιτηθεί.
","Παρουσίαση  διαλέξεων  με  χρήση  Η/Υ (παρουσιάσεις, φωτογραφίες, βίντεο πειραμάτων, κτλ).
Χρήση της ηλεκτρονικής πλατφόρμας elearning με αναρτήσεις εκπαιδευτικού υλικού σε ηλεκτρονική μορφή και αλληλεπίδραση με τους φοιτητές.
Ανάθεση  εργασιών  και ηλεκτρονική υποβολή τους μέσω  της πλατφόρμας elearning.
Βοηθήματα και παραδείγματα επίλυσης προβλημάτων και ασκήσεων μέσω αυτοματοποιημένων διαδικασιών (jupyter notebooks, excel, κ.α.)",Διαλέξεις Θεωρίας,26,Ασκήσεις πράξης,26,Εκπόνηση εργασίας,20,Αυτοτελής Μελέτη,58,,,130,"Γλώσσα αξιολόγησης: Ελληνική

Μέθοδοι αξιολόγησης:
   • Τελική γραπτή εξέταση (70%)
   • Υποχρεωτική εργασία (30%)

Το παρόν κείμενο περιγραφής του μαθήματος με τα κριτήρια  αξιολόγησης  είναι  προσβάσιμο  στους  φοιτητές στον οδηγό σπουδών του Τμήματος (ιστοσελίδα Τμήματος)και στην ιστοσελίδα του μαθήματος","Φ. Καραντώνη (2012), Κατασκευές από τοιχοποιία. Σχεδιασμός και επισκευές, Εκδόσεις Παπασωτηρίου 
Κ. Σπυράκος (2019), Αποτίμηση και επεμβάσεις για σεισμικά φορτία, Εκδόσεις Εργονόμος
Θ.Π.Τάσιος (1992), Μηχανική της τοιχοποιίας, Εκδόσεις Συμμετρία
M. Tomasevic (2004), Αντισεισμικός σχεδιασμός κτιρίων από τοιχοποιία, Εκδόσεις Κλειδάριθμος
Κ. Στυλιανίδης & Χρ. Ιγνατάκης (2010) Κατασκευές από Φέρουσα Τοιχοποιία (σύμφωνα με τους Ευρωκώδικες 6 και 8), Α.Π.Θ.",,
47,ΓΕΩ005,Τεχνική Σεισμολογία και Σεισμική Μηχανική,ΜΗΧΑΝΙΚΩΝ,ΠΟΛΙΤΙΚΩΝ ΜΗΧΑΝΙΚΩΝ,Προπτυχιακό,7,Διαλέξεις,4,5,,,,Κατεύθυνσης,,,Ελληνική,Ναι,,"Μετά την επιτυχή ολοκλήρωση του μαθήματος, οι φοιτητές θα είναι σε θέση να: 
• γνωρίζουν βασικές αρχές τεχνικής σεισμολογίας, τους μηχανισμούς διάρρηξης σεισμικά ενεργών ρηγμάτων, και τους τρόπους διάδοσης των σεισμικών κυμάτων
• γνωρίζουν τις βασικές διατάξεις του Ευρωκώδικα 8 που σχετίζονται με τη φιλοσοφία του αντισεισμικού σχεδιασμού
• εκτιμούν την αναμενόμενη σεισμική επικινδυνότητα σε μια περιοχή.
• κάνουν βασική επεξεργασία και ερμηνεία σήματος στη σεισμική μηχανική.
• εφαρμόζουν τη μεθόδο φασματικής επαλληλίας στον αντισεισμικό σχεδιασμό","• Λήψη αποφάσεων
• Σχεδιασμός και διαχείριση έργων
• Αυτόνομη εργασία
• Αναζήτηση, ανάλυση και σύνθεση δεδομένων και πληροφοριών, με τη χρήση και των απαραίτητων τεχνολογιών ","• Τεχνική σεισμολογία, σεισμικότητα, έννοιες, σχέσεις πρόβλεψης ισχυρής κίνησης. Σεισμικός κίνδυνος και σεισμική επικινδυνότητα. 
• Εδαφική κίνηση. Χαρακτηριστικά, μορφές, παράγοντες εξάρτησης. Καταγραφές και φαινομενολογία. Διάρκεια ισχυρής κίνησης και παράγοντες επιρροής της.
•  Σεισμοί κοντινού πεδίου. Επιρροή κατακόρυφης συνιστώσας.
• Πρόβλεψη εδαφικής κίνησης. Αντισεισμικοί κανονισμοί. Πιθανολογική ανάλυση εκτίμησης σεισμικού κινδύνου. Σεισμικά σενάρια. Φάσματα απόκρισης.
• Επιρροή των τοπικών εδαφικών συνθηκών στην διαμόρφωση του σεισμικού κραδασμού, ρευστοποίηση.",,,Πρόσωπο με πρόσωπο (Στην αίθουσα διδασκαλίας) ,,Διαλέξεις,52,Αυτοτελής Μελέτη,78,,,,,,,130,"1. Ανάθεση εργασιών με στόχο την διερεύνηση της κατανόησης των εννοιών που διδάχθηκαν.
2. Τελική γραπτή εξέταση στο τέλος του εξαμήνου (στην ελληνική γλώσσα). ","Πιτιλάκης Κυριαζής: «Γεωτεχνική σεισμική μηχανική» Έκδοση: 1η έκδ./2010, ISBN: 978-960-456-226-8, Εκδότης: Ζήτη Πελαγία & Σια Ι.Κ.Ε.
Καρακαΐσης Γεώργιος, Παπαζάχος Βασίλης, Χατζηδημητρίου Παναγιώτης, «Εισαγωγή στη Σεισμολογία», Εκδόσεις Ζήτη, 2005, ISBN: 960-431-979-5
Sucuoğlu, Halûk, Akkar, Sinan: “Basic Earthquake Engineering”, Springer, 2014,   ISBN-10 : 3319010255
Roberto Villaverde, “Fundamental Concepts of Earthquake Engineering”, CRC Press, 2009, ISBN-10 : 1420064959",,
48,ΓΕΩ006,Βραχομηχανική και Σήραγγες,ΜΗΧΑΝΙΚΩΝ,ΠΟΛΙΤΙΚΩΝ ΜΗΧΑΝΙΚΩΝ,Προπτυχιακό,7,Διαλέξεις και Ασκήσεις,4,5,,,,Κατεύθυνσης,,,Ελληνική,Όχι,,"Στόχος της διδασκαλίας είναι ο φοιτητής να αντιληφθεί και να αξιολογεί τα βασικά χαρακτηριστικά των γεωλογικών (βραχωδών) και εδαφικών σχηματισμών σε σχέση με τη μελέτη και κατασκευή σηράγγων και υπόγειων έργων.
Με την επιτυχή ολοκλήρωση του μαθήματος ο φοιτητής/τρια θα είναι σε θέση:
• Να αναγνωρίζει, να κατανοεί και να μπορεί να αξιολογήσει τις βασικές παραμέτρους βραχωδών και εδαφικών σχηματισμών και να υπολογίζει παραμέτρους της μηχανικής τους συμπεριφοράς. 
• Να διακρίνει και να μπορεί να επιλέξει μεταξύ των διαφορετικών προσεγγίσεων αναφορικά με τη μελέτη και τις μεθόδους κατασκευής υπόγειων έργων.
• Να μπορεί να αξιολογήσει και να υπολογίσει το επίπεδο ασφάλειας έναντι κινδύνων αστοχίας μιας σήραγγας.","Το μάθημα συμβάλει στην απόκτηση των παρακάτω ικανοτήτων:
• Αναζήτηση, ανάλυση και σύνθεση δεδομένων και πληροφοριών, με τη χρήση και των απαραίτητων τεχνολογιών
• Λήψη αποφάσεων
• Αυτόνομη εργασία
• Σχεδιασμός έργων
• Σεβασμός στο φυσικό περιβάλλον","Μελέτη, ανάλυση και διαστασιολόγηση σηράγγων και υπόγειων έργων σε προκαταρκτικό επίπεδο. Αντιμετώπιση θεμάτων διάνοιξης και υποστήριξης υπόγειων έργων και κατασκευαστική διαμόρφωση βάσει σύγχρονων κανονιστικών πλαισίων.

Περιεχόμενο διαλέξεων θεωρίας και ασκήσεων εφαρμογής:
• Εισαγωγή στο αντικείμενο των υπόγειων έργων και της σημασίας τους - Τύποι σηράγγων και διαφορετικές μέθοδοι κατασκευής
• Γεωλογικές και γεωτεχνικές παράμετροι που σχετίζονται με το αντικείμενο
• Φυσικά χαρακτηριστικά, μηχανική συμπεριφορά και κριτήρια αστοχίας άρρηκτου βράχου και βραχομάζας.
• Μηχανική συμπεριφορά βράχου και εδάφους σε σχέση με την κατασκευή υπόγειων έργων - σχετικές εργαστηριακές δοκιμές προσδιορισμού κρίσιμων χαρακτηριστικών
• Μελέτη και σχεδιασμός σηράγγων (κατανομές τάσεων και παραμορφώσεων, θέματα διάνοιξης σηράγγων, μέθοδοι ΝΑΤΜ και ΤΒΜ, υποστήριξης τοιχωμάτων σήραγγας, στεγανοποίηση σηράγγων κτλ)
• Παρουσίαση αριθμητικών μεθόδων μελέτης σηράγγων
• Παρακολούθηση της συμπεριφοράς υπόγειων κατασκευών
• Ειδικά κατασκευαστικά θέματα",,,"Στην τάξη (δια ζώσης). 
Δυνατότητα εξ αποστάσεως διαλέξεων εφόσον απαιτηθεί.","Παρουσίαση διαλέξεων με χρήση Η/Υ και προβολέα δια ζώσης ή με τηλεδιάσκεψη εξ αποστάσεως εφόσον απαιτηθεί.
Υποστήριξη μαθησιακής διαδικασίας μέσω elearning και ηλεκτρονικής επικοινωνίας με τους φοιτητές (online ανακοινώσεις και σχόλια, email, ανακοινώσεις στην ιστοσελίδα του Τμήματος κτλ). Δυνατότητα υποστήριξης φοιτητών με χρήση προγραμμάτων τηλεδιάσκεψης.",Διαλέξεις μαθήματος,26,Ασκήσεις εφαρμογής (στο πλαίσιο των διαλέξεων),26,Ατομική Εργασία σε ασκήσεις εφαρμογής,30,Αυτοτελής Μελέτη,48,,,130,"Γραπτή τελική εξέταση που περιλαμβάνει:
• Θεωρητικές ερωτήσεις γνώσεων και κρίσης σε αντικείμενα του μαθήματος
• Επίλυση προβλημάτων-ασκήσεων

Παράδοση υποχρεωτικής εργασίας που περιλαμβάνει:
• Επεξεργασία και επίλυση σε θέματα μελέτης υπόγειων κατασκευών-σηράγγων
• Εξέταση της κατανόησης βασικών εννοιών του αντικειμένου","Μαραγκός Δ. (2000), ""Τεχνικά Έργα Υποδομής (2η έκδοση)"", Εκδόσεις Νικόλαος Μαραγκός, ISBN: 960-7834-00-3
Κωστόπουλος Σ. (2014), "" Σήραγγες. Κατασκευαστική Τεχνική, Υπολογιστική Διερεύνηση, Συμβασιακά Θέματα"", Εκδόσεις Ίων, ISBN: 978-960-508-115-7
Αγιουτάντης Γ.Ζ. (2019), "" Στοιχεία Γεωμηχανικής. Μηχανική Πετρωμάτων"", Εκδόσεις Ίων, ISBN: 978-960-508-302-1",,
49,ΓΕΩ007,Ειδικά Θέματα Γεωτεχνικής Μηχανικής,ΜΗΧΑΝΙΚΩΝ,ΠΟΛΙΤΙΚΩΝ ΜΗΧΑΝΙΚΩΝ,Προπτυχιακό,7,Διαλέξεις και Ασκήσεις,4,5,,,,Κατεύθυνσης,,Εδαφομηχανική Ι,Ελληνική,Όχι,,"Με την επιτυχή ολοκλήρωση του μαθήματος ο φοιτητής/τρια θα είναι σε θέση:
• Να αναγνωρίζει, να κατανοεί και να μπορεί να αξιολογήσει τις βασικές παραμέτρους εδάφους που σχετίζονται με την μηχανική συμπεριφορά του υπό διαφορετικές συνθήκες φόρτισης.
• Να μπορεί να αντιληφθεί το ρόλο του υπόγειου νερού και την πολύπλευρη επιρροή του στην συμπεριφορά του εδάφους.
• Να μπορεί να προσδιορίσει τα βασικά στοιχεία που απαιτούνται για το σχεδιασμό ειδικών έργων γεωτεχνικής μηχανικής όπως επιχώματα, πρανή, έργα προστασίας έναντι κατολισθήσεις, φράγματα.","Το μάθημα συμβάλει στην απόκτηση των παρακάτω ικανοτήτων:
• Αναζήτηση, ανάλυση και σύνθεση δεδομένων και πληροφοριών
• Λήψη αποφάσεων
• Αυτόνομη εργασία
• Σχεδιασμός έργων ","Εμβάθυνση στη συμπεριφορά του εδάφους και μελέτη ειδικών έργων γεωτεχνικής μηχανικής όπως επιχώματα, πρανή, έργα προστασίας έναντι κατολισθήσεις, φράγματα (εισαγωγή),.

Περιεχόμενο διαλέξεων θεωρίας και ασκήσεων εφαρμογής:
• Σύνδεση με Εδαφομηχανική (χαρακτηριστικά εδάφους, εδαφικές τάσεις, φέρουσα ικανότητα και καθιζήσεις εδάφους, εδαφικές ωθήσεις).
• Εντατική κατάσταση εδάφους και ιστορία φόρτισης, διαδρομές τάσεων, μορφές εδαφικής αστοχίας, παραμένουσα αντοχή εδάφους κτλ.
• Επιρροή του νερού στη μηχανική συμπεριφορά των εδαφών.
• Εισαγωγή στο σχεδιασμό ειδικών έργων γεωτεχνικής μηχανικής (επιχώματα, πρανή, έργα προστασίας έναντι κατολισθήσεων, φράγματα).",,,"Στην τάξη (δια ζώσης). 
Δυνατότητα εξ αποστάσεως διαλέξεων εφόσον απαιτηθεί.","Παρουσίαση διαλέξεων με χρήση Η/Υ και προβολέα δια ζώσης ή με τηλεδιάσκεψη εξ αποστάσεως εφόσον απαιτηθεί.
Υποστήριξη μαθησιακής διαδικασίας μέσω elearning και ηλεκτρονικής επικοινωνίας με τους φοιτητές (online ανακοινώσεις και σχόλια, email, ανακοινώσεις στην ιστοσελίδα του Τμήματος κτλ). Δυνατότητα υποστήριξης φοιτητών με χρήση προγραμμάτων τηλεδιάσκεψης.",Διαλέξεις μαθήματος,26,Ασκήσεις εφαρμογής (στο πλαίσιο των διαλέξεων),26,Ατομική Εργασία σε ασκήσεις εφαρμογής,30,Αυτοτελής Μελέτη,48,,,130,"Γραπτή τελική εξέταση που περιλαμβάνει:
• Θεωρητικές ερωτήσεις γνώσεων και κρίσης σε αντικείμενα του μαθήματος
• Επίλυση προβλημάτων-ασκήσεων

Παράδοση υποχρεωτικής εργασίας που περιλαμβάνει:
• Επεξεργασία και επίλυση σε θέματα μελέτης υπόγειων κατασκευών-σηράγγων
• Εξέταση της κατανόησης βασικών εννοιών του αντικειμένου","Κωστόπουλος Σ.Δ. (2008), ""Γεωτεχνικές Κατασκευές ΙΙ"", Εκδόσεις Ίων, ISBN: 978-960-411-657-7
Ρόζος Δ. (2008), "" Βελτίωση γεωτεχνικής συμπεριφοράς γεωλογικών σχηματισμών"", Ηλεκτρονικό σύγγραμμα (διάθεση δωρεάν)
Χριστούλας Στ. (1998), ""Επιλογές Εφαρμοσμένης Γεωτεχνικής Μηχανικής"", Εκδόσεις Συμεών, ISBN: 978-960-7888-11-1
Barnes G.E. (2014), ""Εδαφομηχανική: Αρχές και Εφαρμογές (3η έκδοση)"", Εκδόσεις Κλειδάριθμος, Αθήνα, ISBN: 978-960-461-578-0",,
50,ΓΕΩ008,Γεωπεριβαλλοντική Μηχανική,ΜΗΧΑΝΙΚΩΝ,ΠΟΛΙΤΙΚΩΝ ΜΗΧΑΝΙΚΩΝ,Προπτυχιακό,7,Διαλέξεις και Ασκήσεις,4,5,,,,Κατεύθυνσης,,"Εδαφομηχανική Ι
Εδαφομηχανική ΙΙ
Θεμελιώσεις και Αντιστηρίξεις",Ελληνική,Όχι,,"Με την επιτυχή ολοκλήρωση του μαθήματος ο φοιτητής/τρια θα είναι σε θέση:
• Να αντιλαμβάνεται τις βασικές παραμέτρους που σχετίζονται με τη ρύπανση του υπεδάφους τόσο σε επίπεδο διαχείρισης αποβλήτων όσο και από πλευράς γεωτεχνικών/γεωλογικών χαρακτηριστικών.
• Να διακρίνει, να αναγνωρίζει και να μπορεί να αξιολογήσει περιπτώσεις ρύπανσης του υπεδάφους. 
• Να αντιλαμβάνεται και να κατανοεί τα αίτια της ρύπανσης σε κάθε εξεταζόμενη περίπτωση και να μπορεί να εκτιμήσει το επίπεδο του προβλήματος. 
• Να μπορεί να προτείνει λύσεις αναφορικά με την αποκατάσταση της ρύπανσης που έχει επέλθει σε συγκεκριμένες περιπτώσεις προβλημάτων.
• Να μπορεί να συνθέσει λύσεις βάσει των θεωριών που έχει διδαχθεί, αξιολογώντας τις ιδιαίτερες απαιτήσεις του προβλήματος που αντιμετωπίζει.","Το μάθημα συμβάλει στην απόκτηση των παρακάτω ικανοτήτων:
• Αναζήτηση, ανάλυση και σύνθεση δεδομένων και πληροφοριών
• Λήψη αποφάσεων
• Αυτόνομη εργασία
• Σχεδιασμός έργων
• Σεβασμός στο φυσικό περιβάλλον
• Εργασία σε διεπιστημονικό περιβάλλον","Θέματα ρύπανσης του υπεδάφους και μέτρων προστασίας και αποκατάστασης που πρέπει να ληφθούν, αναφορικά με τη διαχείριση (μεταφορά, αποθήκευση και απόθεση) αποβλήτων διαφόρων ειδών (στερεών και υγρών αποβλήτων, τοξικών ουσιών κτλ).

Περιεχόμενο διαλέξεων θεωρίας και ασκήσεων εφαρμογής:
• Εισαγωγή στο αντικείμενο.
• Παρουσίαση διαφορετικών μορφών ρύπανσης του υπεδάφους (ρύπανση από τη διαχείριση στερεών και υγρών αποβλήτων, τοξικών ουσιών κτλ). Επιπτώσεις ρύπων στο περιβάλλον και στον άνθρωπο.
• Ορθή διαδικασία διαχείρισης αποβλήτων σε σχέση με το υπέδαφος – κανονιστικό πλαίσιο. Μέτρα προστασίας για την αποφυγή ρύπανσης. Κριτήρια επιλογής και σχεδιασμός χώρων απόθεσης.
• Μέτρα αντιμετώπισης της ρύπανσης του εδάφους – μέθοδοι απορρύπανσης και τεχνικές αποκατάστασης.
• Επίλυση περιπτώσεων μελέτης σε προβλήματα ρύπανσης υπεδάφους.",,,"Στην τάξη (δια ζώσης). 
Δυνατότητα εξ αποστάσεως διαλέξεων εφόσον απαιτηθεί.","Παρουσίαση διαλέξεων με χρήση Η/Υ και προβολέα δια ζώσης ή με τηλεδιάσκεψη εξ αποστάσεως εφόσον απαιτηθεί.
Υποστήριξη μαθησιακής διαδικασίας μέσω elearning και ηλεκτρονικής επικοινωνίας με τους φοιτητές (online ανακοινώσεις και σχόλια, email, ανακοινώσεις στην ιστοσελίδα του Τμήματος κτλ). Δυνατότητα υποστήριξης φοιτητών με χρήση προγραμμάτων τηλεδιάσκεψης.",Διαλέξεις μαθήματος,26,Ασκήσεις εφαρμογής (στο πλαίσιο των διαλέξεων),26,Ατομική Εργασία σε ασκήσεις εφαρμογής,30,Αυτοτελής Μελέτη,48,,,130,"Γραπτή τελική εξέταση που περιλαμβάνει:
• Θεωρητικές ερωτήσεις γνώσεων και κρίσης σε αντικείμενα του μαθήματος
• Επίλυση προβλημάτων-ασκήσεων

Παράδοση υποχρεωτικής εργασίας που περιλαμβάνει:
• Επεξεργασία και επίλυση σε θέματα μελέτης υπόγειων κατασκευών-σηράγγων
• Εξέταση της κατανόησης βασικών εννοιών του αντικειμένου","Καββαδάς Μ. (2013), ""Στοιχεία Περιβαλλοντικής Γεωτεχνικής"", Εκδόσεις Τσότρας, ISBN: 978-618-80741-0-1
Βουδούρης Κ.Σ.. (2009), "" Υδρογεωλογία περιβάλλοντος. Υπόγεια νερά και περιβάλλον"", Εκδόσεις ΤΖΙΟΛΑ, ISBN: 978-960-418-170-4",,
51,ΣΥΓ007,Γεωγραφικά Συστήματα Πληροφοριών,ΜΗΧΑΝΙΚΩΝ,ΠΟΛΙΤΙΚΩΝ ΜΗΧΑΝΙΚΩΝ,Προπτυχιακό,7,Διαλέξεις,4,5,,,,Κατεύθυνσης,,,Ελληνική,Όχι,,"Με την επιτυχή ολοκλήρωση του μαθήματος ο φοιτητής/τρια θα είναι σε θέση:
• Να κατανοεί την ποιοτική και την ποσοτική διάσταση των γεωγραφικών δεδομένων και των συστημάτων γεωγραφικής πληροφορίας.
• Να κατανοεί και να έχει τη δυνατότητα αποτελεσματικής αξιοποίησης των επιμέρους ποσοτικών μεθόδων και τεχνικών γεωγραφικής ανάλυσης.
• Να εξοικειωθεί και να εξασκηθεί σε λογισμικό Γεωγραφικού Συστήματος Πληροφοριών. ","Το μάθημα συμβάλει στην απόκτηση των παρακάτω ικανοτήτων:
• Αναζήτηση, ανάλυση και σύνθεση δεδομένων και πληροφοριών, με τη χρήση και των απαραίτητων τεχνολογιών
• Προσαρμογή σε νέες καταστάσεις
• Λήψη αποφάσεων
• Αυτόνομη εργασία
• Σχεδιασμός και διαχείριση έργων 
• Σεβασμός στο φυσικό περιβάλλον","Περιεχόμενο διαλέξεων μαθήματος: 
• Εισαγωγή στα Γεωγραφικά Συστήματα Πληροφοριών (ΓΣΠ). 
• Βασικές έννοιες των ΓΣΠ.
• Γεωδαιτικά Συστήματα Αναφοράς - Προβολικά Συστήματα. 
• Γεωγραφικά Συστήματα Πληροφοριών και Ανάλυση Χώρου. Μεθοδολογία Χωρικής Ανάλυσης. 
• Απεικόνιση Οντοτήτων: Διανυσματικά και Ψηφιδωτά Μοντέλα. 
• Εισαγωγή Χωρικών και Περιγραφικών Δεδομένων. Αποτύπωση Διανυσματικών και Ψηφιδωτών Δεδομένων. Δόμηση Τοπολογίας. 
• Δομή και Διαχείριση Βάσεων Δεδομένων. Συστήματα Διαχείρισης Βάσεων Δεδομένων. 
• Θεματική χαρτογράφηση. Χαρτογραφική Απόδοση. Παρουσίαση γεωγραφικών δεδομένων. 
• Ανάλυση ΓΣΠ. Προαναλυτικές Διαδικασίες. Ανάλυση Διανυσματικών Δεδομένων. Ανάλυση Στοιχείων Καννάβου. 
• Μέθοδοι Ανάλυσης Χώρου – Σημειακές Κατανομές: Ανάλυση Χωρικών Προτύπων. 
• Μέθοδοι Ανάλυσης Χώρου – Συνεχείς Κατανομές Επιφανειών: Ανάλυση Χωρικής Παρεμβολής. 
• Μέθοδοι Ανάλυσης Χώρου – Ασυνεχείς Κατανομές Επιφανειών: Ανάλυση Επιφανειών ως Σημείων Πολυγώνων. 
• Χωρική Δειγματοληψία. Τύποι Δειγματοληψίας. 
• Ολοκληρωμένη Χωρική Προσέγγιση. ΓΣΠ – Ανάλυση Χώρου και Σχεδιασμός ",,,"Στην αίθουσα διδασκαλίας (πρόσωπο με πρόσωπο)
Δυνατότητα εξ αποστάσεως διαλέξεων εφόσον απαιτηθεί.","Παρουσίαση διαλέξεων με χρήση φορητού Η/Υ και βιντεοπροβολέα ή με τηλεδιάσκεψη εξ αποστάσεως εφόσον απαιτηθεί.
Υποστήριξη μαθησιακής διαδικασίας μέσω της ηλεκτρονικής πλατφόρμας e-learning.
Συναντήσεις εξ αποστάσεως διδάσκοντα / διδάσκουσας και φοιτητών για συνεργασία σε ώρες εκτός μαθήματος (μέσω ψηφιακής πλατφόρμας, πχ. ZOOM, Skype). 
Ανάρτηση ανακοινώσεων στην ιστοσελίδα του Τμήματος και στην ηλεκτρονική σελίδα του μαθήματος στην ηλεκτρονική πλατφόρμα e-learning.
Επικοινωνία διδάσκοντα / διδάσκουσας και φοιτητών μέσω ηλεκτρονικού ταχυδρομείου (email).",Διαλέξεις,52,Αυτοτελής Μελέτη,48,Ατομική Εργασία σε ασκήσεις εφαρμογής,30,,,,,130,"Τελική γραπτή εξέταση (100%) που περιλαμβάνει: 
   • Ερωτήσεις θεωρίας 
   • Επίλυση ασκήσεων
Ή Τελική γραπτή εξέταση (70%) + Προαιρετική ατομική εργασία (30%).

Τα κριτήρια αξιολόγησης γνωστοποιούνται στους φοιτητές στην πρώτη διάλεξη του μαθήματος. Επίσης, δίνεται η δυνατότητα σε κάθε φοιτητή να ελέγξει το γραπτό και την εργασία του και να του αναλυθούν τα λάθη του.","Κουτσόπουλος, Κ., 2017. «Γεωγραφικά Συστήματα Πληροφοριών και Ανάλυση Χώρου», 1η Έκδοση, ΕΚΔΟΣΕΙΣ ΔΙΣΙΓΜΑ ΙΚΕ, ISBN: 978-618-5242-11-4. 
Κουτσόπουλος, Κ., Ανδρουλακάκης, Ν., 2011. «Γεωγραφικά Συστήματα Πληροφοριών με το ArcGIS 10», 1η Έκδοση, Α. ΠΑΠΑΣΩΤΗΡΙΟΥ & ΣΙΑ Ι.Κ.Ε., ISBN: 978-960-491-030-4.  
Τσουχλαράκη, Α., Αχιλλέως, Γ., Κουργιαλάς N., 2019. «Μαθαίνοντας τα GIS στην πράξη: To ArcGIS 10.5», 3η Έκδοση, ΕΚΔΟΣΕΙΣ ΔΙΣΙΓΜΑ ΙΚΕ, ISBN: 978-618-5242-57-2. 
Τσούλος, Λ., Σκοπελίτη, Α. & Στάμου, Λ., 2016. Χαρτογραφική Σύνθεση και Απόδοση σε Ψηφιακό Περιβάλλον, Ελληνικά Ακαδημαϊκά Ηλεκτρονικά Συγγράμματα και Βοηθήματα - Αποθετήριο ""Κάλλιπος"", ISBN: 978-960-603-271-4. ",,
52,ΣΥΓ008,Σχεδιασμός Μεταφορών,ΜΗΧΑΝΙΚΩΝ,ΠΟΛΙΤΙΚΩΝ ΜΗΧΑΝΙΚΩΝ,Προπτυχιακό,7,Διαλέξεις,4,5,,,,Κατεύθυνσης,,,Ελληνική,Όχι,,"Με την επιτυχή ολοκλήρωση του μαθήματος ο φοιτητής/τρια θα είναι σε θέση: 
• Να γνωρίζει μεθόδους συλλογής και ανάλυσης δεδομένων ώστε να εκτιμά τις κυκλοφοριακές επιπτώσεις που αναμένεται να προκύψουν από την υλοποίηση συγκοινωνιακών έργων και την εφαρμογή πολιτικών των μεταφορών.
• Να συνυπολογίζει τα παραπάνω στοιχεία στο σχεδιασμό των συγκοινωνιακών συστημάτων, μέσα στο πλαίσιο διαδικασιών λήψης αποφάσεων.","Το μάθημα συμβάλει στην απόκτηση των παρακάτω ικανοτήτων:
• Αναζήτηση, ανάλυση και σύνθεση δεδομένων και πληροφοριών, με τη χρήση και των απαραίτητων τεχνολογιών
• Προσαρμογή σε νέες καταστάσεις
• Λήψη αποφάσεων
• Σχεδιασμός και διαχείριση έργων 
• Σεβασμός στο φυσικό περιβάλλον ","Περιεχόμενο διαλέξεων μαθήματος:
• Σύστημα μεταφορών. Διαδικασίες και εμπλεκόμενοι φορείς. Τύποι και αντικείμενα μελετών στον τομέα των μεταφορών.
• Έννοιες σχεδιασμού των μεταφορών. Αρχές και σχέσεις κυκλοφοριακής ροής, ταχύτητας και πυκνότητας και άλλων παραμέτρων.
• Δειγματοληψία.
• Μεθοδολογία συλλογής και επεξεργασίας στοιχείων.
• Μοντέλα στο σχεδιασμό των μεταφορών και στατιστική αξιολόγησή τους.
• Γένεση μετακινήσεων.
• Κατανομή μετακινήσεων.
• Καταμερισμός μετακινήσεων κατά μεταφορικό μέσο.
• Αποσυνθετικά μοντέλα συμπεριφοράς.
• Καταμερισμός μετακινήσεων στο δίκτυο.
• Καταμερισμός στο δίκτυο των ιδιωτικών μετακινήσεων.
• Καταμερισμός στο δίκτυο των μαζικών μετακινήσεων. ",,,"Στην αίθουσα διδασκαλίας (πρόσωπο με πρόσωπο)
Δυνατότητα εξ αποστάσεως διαλέξεων εφόσον απαιτηθεί.","Παρουσίαση διαλέξεων με χρήση φορητού Η/Υ και βιντεοπροβολέα ή με τηλεδιάσκεψη εξ αποστάσεως εφόσον απαιτηθεί.
Υποστήριξη μαθησιακής διαδικασίας μέσω της ηλεκτρονικής πλατφόρμας e-learning.
Συναντήσεις εξ αποστάσεως διδάσκοντα / διδάσκουσας και φοιτητών για συνεργασία σε ώρες εκτός μαθήματος (μέσω ψηφιακής πλατφόρμας, πχ. ZOOM, Skype). 
Ανάρτηση ανακοινώσεων στην ιστοσελίδα του Τμήματος και στην ηλεκτρονική σελίδα του μαθήματος στην ηλεκτρονική πλατφόρμα e-learning.
Επικοινωνία διδάσκοντα / διδάσκουσας και φοιτητών μέσω ηλεκτρονικού ταχυδρομείου (email).",Διαλέξεις,52,Αυτοτελής Μελέτη,78,,,,,,,130,"Τελική γραπτή εξέταση που περιλαμβάνει: 
   • Ερωτήσεις θεωρίας 
   • Επίλυση ασκήσεων

Τα κριτήρια αξιολόγησης γνωστοποιούνται στους φοιτητές στην πρώτη διάλεξη του μαθήματος. Επίσης, δίνεται η δυνατότητα σε κάθε φοιτητή να ελέγξει το γραπτό του και να του αναλυθούν τα λάθη του.","Σταθόπουλος Α.Γ., Καρλαύτης Μ., (2016). Σχεδιασμός Μεταφορικών Συστημάτων. Α. ΠΑΠΑΣΩΤΗΡΙΟΥ & ΣΙΑ Ι.Κ.Ε., ISBN: 978-960-491-101-1.
Φραντζεσκάκης, Ι.Μ., Γιαννόπουλος, Γ.Α. (2005). Σχεδιασμός των Μεταφορών και Κυκλοφορική Τεχνική. Εκδόσεις Επίκεντρο Α.Ε., ISBN: 978-960-6647-20-8. 
ITE (2016). Traffic Engineering Handbook. HEAL-Link Wiley ebooks, ISBN: 9781119174738.
Γιαννόπουλος Γ.Α. (2005). Σχεδιασμός των Μεταφορών. Εκδόσεις Επίκεντρο Α.Ε., ISBN: 9789608868106",,
53,ΣΥΓ009,Συστήματα Αστικών Μεταφορών,ΜΗΧΑΝΙΚΩΝ,ΠΟΛΙΤΙΚΩΝ ΜΗΧΑΝΙΚΩΝ,Προπτυχιακό,7,Διαλέξεις,4,5,,,,Κατεύθυνσης,,,Ελληνική,Όχι,,"Με την επιτυχή ολοκλήρωση του μαθήματος ο φοιτητής/τρια θα είναι σε θέση: 
• Να κατανοεί τις αρχές σχεδιασμού, μελέτης, αξιολόγησης και λειτουργίας Μέσων Μαζικής Μεταφοράς.
• Να κατανοεί τις αρχές ενός συστήματος αστικών εμπορευματικών μεταφορών. 
• Να σχεδιάζει ένα σύστημα αστικών μεταφορών λαμβάνοντας υπόψιν τις αρχές ενός βιώσιμου συστήματος μετακινήσεων. ","Το μάθημα συμβάλει στην απόκτηση των παρακάτω ικανοτήτων:
• Αναζήτηση, ανάλυση και σύνθεση δεδομένων και πληροφοριών, με τη χρήση και των απαραίτητων τεχνολογιών
• Προσαρμογή σε νέες καταστάσεις
• Λήψη αποφάσεων
• Σχεδιασμός και διαχείριση έργων 
• Σεβασμός στο φυσικό περιβάλλον ","Περιεχόμενο διαλέξεων μαθήματος:
• Δημόσιες Αστικές Συγκοινωνίες.
• Ολοκληρωμένα Συνδυαστικά Συστήματα Αστικών Μεταφορών.
• Αστικές λεωφορειακές γραμμές μεταφοράς επιβατών.
• Σχεδιασμός αστικής λεωφορειακής γραμμής.
• Λεωφορειόδρομοι και ειδικές λωρίδες για αποκλειστική χρήση από λεωφορεία.
• Μέτρα προτεραιότητας των λεωφορείων σε συνθήκες μικτής κυκλοφορίας. 
• Βελτίωση και προνομιακή μεταχείριση Μέσων Μαζικής Μεταφοράς.
• Συστήματα Μέσων Μαζικής Μεταφοράς σταθερής τροχιάς.
• Αστικές εμπορευματικές μεταφορές.",,,"Στην αίθουσα διδασκαλίας (πρόσωπο με πρόσωπο)
Δυνατότητα εξ αποστάσεως διαλέξεων εφόσον απαιτηθεί.","Παρουσίαση διαλέξεων με χρήση φορητού Η/Υ και βιντεοπροβολέα ή με τηλεδιάσκεψη εξ αποστάσεως εφόσον απαιτηθεί.
Υποστήριξη μαθησιακής διαδικασίας μέσω της ηλεκτρονικής πλατφόρμας e-learning.
Συναντήσεις εξ αποστάσεως διδάσκοντα / διδάσκουσας και φοιτητών για συνεργασία σε ώρες εκτός μαθήματος (μέσω ψηφιακής πλατφόρμας, πχ. ZOOM, Skype). 
Ανάρτηση ανακοινώσεων στην ιστοσελίδα του Τμήματος και στην ηλεκτρονική σελίδα του μαθήματος στην ηλεκτρονική πλατφόρμα e-learning.
Επικοινωνία διδάσκοντα / διδάσκουσας και φοιτητών μέσω ηλεκτρονικού ταχυδρομείου (email).",Διαλέξεις,52,Αυτοτελής Μελέτη,78,,,,,,,130,"Τελική γραπτή εξέταση που περιλαμβάνει: 
   • Ερωτήσεις θεωρίας 
   • Επίλυση ασκήσεων

Τα κριτήρια αξιολόγησης γνωστοποιούνται στους φοιτητές στην πρώτη διάλεξη του μαθήματος. Επίσης, δίνεται η δυνατότητα σε κάθε φοιτητή να ελέγξει το γραπτό του και να του αναλυθούν τα λάθη του.","Γαβανάς, Ν., Παπαϊωάννου, Π., Πιτσιάβα-Λατινοπούλου, Μ., Πολίτης, Ι. (2016). Αστικά δίκτυα μεταφορών και διαχείριση κινητικότητας. Ελληνικά Ακαδημαϊκά Ηλεκτρονικά Συγγράμματα και Βοηθήματα - Αποθετήριο ""Κάλλιπος"", ISBN: 978-960-603-155-7.
Γιαννόπουλος, Γ.Α. (2005). Δημόσιες Αστικές Συγκοινωνίες, Λεωφορειακές Συγκοινωνίες. Εκδόσεις Επίκεντρο Α.Ε., ISBN: 978-960-6645-29-7.  
Καρλαύτης, Μ., Λυμπέρης, Κ. (2009). Συστήματα Αστικών Συγκοινωνιών. Συμμετρία, Σ.ΑΘΑΝΑΣΟΠΟΥΛΟΣ & ΣΙΑ Ι.Κ.Ε, ISBN: 978-960-266-279-3. 
Σταθόπουλος Α.Γ., Καρλαύτης Μ., (2016). Σχεδιασμός Μεταφορικών Συστημάτων. Α. ΠΑΠΑΣΩΤΗΡΙΟΥ & ΣΙΑ Ι.Κ.Ε., ISBN: 978-960-491-101-1.
Φραντζεσκάκης, Ι.Μ., Πιτσιάβα-Λατινοπούλου, Μ.Χ., Τσαμπούλας, Δ.Α. (2002). Διαχείριση Κυκλοφορίας. Α. ΠΑΠΑΣΩΤΗΡΙΟΥ & ΣΙΑ Ι.Κ.Ε., ISBN: 978-960-7510-50-1.  
Sussman J., (επιμ) Σχινάς, Ο., Παπαδημητρίου, Ε. (2003). Εισαγωγή στα Συστήματα Μεταφορών. ΕΚΔΟΣΕΙΣ ΣΤΑΜΟΥΛΗ ΑΕ, ISBN: 960-351-395-4. 
Taniguchi, E., Thompson, R.G. (2018). City Logistics 1: New Opportunities and Challenges. Wiley-ISTE, HEAL-Link Wiley UBCM ebooks, ISBN: 9781119425519.",,
54,ΣΥΓ010,Οικονομία Μεταφορών,ΜΗΧΑΝΙΚΩΝ,ΠΟΛΙΤΙΚΩΝ ΜΗΧΑΝΙΚΩΝ,Προπτυχιακό,7,Διαλέξεις,4,5,,,,Κατεύθυνσης,,,Ελληνική,Όχι,,"Με την επιτυχή ολοκλήρωση του μαθήματος ο φοιτητής/τρια θα είναι σε θέση: 
• Να κατέχει τις γνώσεις για να συλλέξει τα δεδομένα ώστε να καταγράψει και να κατηγοριοποιήσει τις χρηματορροές κατασκευής και λειτουργίας ενός μεταφορικού συστήματος ή μιας επιχείρησης μεταφορών.
• Να συνδυάζει τα παραπάνω δεδομένα για να κατανοήσει τα στοιχεία κόστους που απαιτούνται για τον σχεδιασμό, κατασκευή, βελτίωση ή βελτιστοποίηση ενός μεταφορικού συστήματος ή μιας επιχείρησης μεταφορών.
• Να εφαρμόζει τις γνώσεις και τα δεδομένα με στόχο να καθορίζει τις χρηματοδοτικές ανάγκες κατασκευής και λειτουργίας ενός νέου μεταφορικού συστήματος ή τις χρηματοδοτικές ανάγκες ίδρυσης και λειτουργίας μιας επιχείρησης μεταφορών και να ελέγχει την αποδοτικότητα των επενδυθέντων κεφαλαίων.
• Να αναλύει τις συνιστώσες και τις λειτουργίες που συνθέτουν ένα μεταφορικό σύστημα ή μια επιχείρηση μεταφορών, να τις αποσαφηνίζει, να τις κατηγοριοποιεί και να τις ιεραρχεί, όχι μόνο ως προς το κόστος, αλλά και με ποιοτικά-λειτουργικά κριτήρια.
• Να συνθέτει το σύνολο των επιμέρους υπολογισμών σε ένα ενιαίο πλαίσιο χρηματορροών, προβλέποντας και τυχόν μεταβολές τους στο μέλλον, συγκρίνοντας ταυτόχρονα με εναλλακτικά σενάρια. 
• Να αξιολογεί, να τεκμηριώνει και τελικώς να αποφασίζει για το βέλτιστη επένδυση σε ένα μεταφορικό σύστημα η σε μια επιχείρηση μεταφορών, συγκρίνοντας εναλλακτικά σενάρια και αξιολογώντας με κοινωνικο-οικονομικά, χρηματο-οικονομικά, τεχνικο-οικονομικά και περιβαλλοντικά κριτήρια.","Το μάθημα συμβάλει στην απόκτηση των παρακάτω ικανοτήτων:
• Αναζήτηση, ανάλυση και σύνθεση δεδομένων και πληροφοριών, με τη χρήση και των απαραίτητων τεχνολογιών
• Προσαρμογή σε νέες καταστάσεις
• Λήψη αποφάσεων
• Σχεδιασμός και διαχείριση έργων 
• Σεβασμός στο φυσικό περιβάλλον ","Περιεχόμενο διαλέξεων μαθήματος:
• Μεταφορές και οικονομική δραστηριότητα. Συστήματα μεταφορών. Οδικές, σιδηροδρομικές, αεροπορικές και θαλάσσιες μεταφορές.
• Οι επιχειρήσεις μεταφορών, το εσωτερικό και εξωτερικό τους περιβάλλον. Η παγκοσμιοποίηση και οι επιπτώσεις στις μεταφορές. Κρατικά μονοπώλια, απελευθέρωση και ιδιωτικοποίηση. Προσφορά και ζήτηση στην αγορά μεταφορών. Ελαστικότητες. Κανονική, εκτρεπόμενη και παράγωγη ζήτηση.
• Οικονομικός σχεδιασμός και λογιστική ανάλυση επιχειρήσεων μεταφορών. Οι διάφορες συνιστώσες κόστους. Κόστος κατασκευής και λειτουργίας. Εφαρμογές στα διάφορα συστήματα μεταφορών. Οι συνδυασμένες μεταφορές. Η λογιστική διαχείριση (logistics) του συστήματος των εμπορευματικών μεταφορών. Το γενικευμένο κόστος μεταφοράς, Το εξωτερικό κόστος - ποσοτικοποίηση σε χρηματικές μονάδες.
• Ορισμός και χαρακτηριστικά μοντέλων πρόβλεψης της ζήτησης μεταφορών. Ποιοτικές και ποσοτικές μέθοδοι πρόβλεψης της ζήτησης. Έλεγχος της προβλεπτικής ικανότητας ενός μοντέλου. Επιλογή του κατάλληλου μοντέλου.
• Στόχοι της εμπορικής πολιτικής επιχειρήσεων μεταφορών. Ακριβής γνώση της πελατείας - έρευνες αγοράς. Μέθοδοι και πρακτικές εμπορικής πολιτικής. Στόχοι και μέθοδοι τιμολογιακής πολιτικής. Υποχρεώσεις δημόσιας υπηρεσίας. Τιμολογιακή πολιτική επιχειρήσεων μεταφορών.
• Μέθοδοι Αξιολόγησης Συγκοινωνιακών Έργων. Μέθοδος παρούσας αξίας. Μέθοδος καθαρής παρούσας αξίας. Μέθοδος οφέλους / κόστους. Μέθοδος του δείκτη εσωτερικής απόδοσης.
• Πλεονεκτήματα - μειονεκτήματα των μεθόδων αξιολόγησης. Ανάλυση ευαισθησίας. Ανάλυση κινδύνων. Πολυκριτηριακές αναλύσεις. Χρηματοπιστωτική ανάλυση συγκοινωνιακών έργων. Σύμπραξη Δημόσιου - Ιδιωτικού Τομέα στην κατασκευή συγκοινωνιακών έργων.
• Επιχειρήσεις μεταφορών στην Ελλάδα. ",,,"Στην αίθουσα διδασκαλίας (πρόσωπο με πρόσωπο)
Δυνατότητα εξ αποστάσεως διαλέξεων εφόσον απαιτηθεί.","Παρουσίαση διαλέξεων με χρήση φορητού Η/Υ και βιντεοπροβολέα ή με τηλεδιάσκεψη εξ αποστάσεως εφόσον απαιτηθεί.
Υποστήριξη μαθησιακής διαδικασίας μέσω της ηλεκτρονικής πλατφόρμας e-learning.
Συναντήσεις εξ αποστάσεως διδάσκοντα / διδάσκουσας και φοιτητών για συνεργασία σε ώρες εκτός μαθήματος (μέσω ψηφιακής πλατφόρμας, πχ. ZOOM, Skype). 
Ανάρτηση ανακοινώσεων στην ιστοσελίδα του Τμήματος και στην ηλεκτρονική σελίδα του μαθήματος στην ηλεκτρονική πλατφόρμα e-learning.
Επικοινωνία διδάσκοντα / διδάσκουσας και φοιτητών μέσω ηλεκτρονικού ταχυδρομείου (email).",Διαλέξεις,52,Αυτοτελής Μελέτη,78,,,,,,,130,"Τελική γραπτή εξέταση που περιλαμβάνει: 
   • Ερωτήσεις θεωρίας 
   • Επίλυση ασκήσεων

Τα κριτήρια αξιολόγησης γνωστοποιούνται στους φοιτητές στην πρώτη διάλεξη του μαθήματος. Επίσης, δίνεται η δυνατότητα σε κάθε φοιτητή να ελέγξει το γραπτό του και να του αναλυθούν τα λάθη του.","Μουρμούρης, Ι.Κ. (2006). Οικονομική των Μεταφορών - Ανάπτυξη, Επένδυση, Διοίκηση & Εφαρμογές. ΕΚΔΟΣΕΙΣ ΣΤΑΜΟΥΛΗ ΑΕ, ISBN: 960-351-671-6. 
Προφυλλίδης, Β. (2016). Οικονομική των Μεταφορών. Α. ΠΑΠΑΣΩΤΗΡΙΟΥ & ΣΙΑ Ι.Κ.Ε., ISBN: 978-960-491-100-4. 
Σαμπράκος, Ε. (2018). Οικονομική των Μεταφορών. Εκδόσεις Βαρβαρήγου, ISBN: 978-960-7996-75-6.
Boyer K.D. (2005). Οικονομική των Μεταφορών. Γ.ΠΑΡΙΚΟΣ & ΣΙΑ ΕΕ, ISBN: 978-960-286-754-9.
Prassas, E.S., Roess, R.P. (2013). Engineering Economics and Finance for Transportation Infrastructure. Springer Berlin Heidelberg, HEAL-Link Springer ebooks, ISBN: 978-3-642-38580-3.
Profillidis, V.A., Botzoris, G.N., Galanis, A.T. (2014). Environmental Effects and Externalities from the Transport Sector and Sustainable Transportation Planning - A Review. International Journal of Energy Economics and Policy, 4(4), 647-661.",,
55,ΣΥΓ011,Βιώσιμη Αστική Κινητικότητα,ΜΗΧΑΝΙΚΩΝ,ΠΟΛΙΤΙΚΩΝ ΜΗΧΑΝΙΚΩΝ,Προπτυχιακό,7,Διαλέξεις,4,5,,,,Κατεύθυνσης,,,Ελληνική,Όχι,,"Με την επιτυχή ολοκλήρωση του μαθήματος ο φοιτητής/τρια θα είναι σε θέση: 
• Να κατανοεί τα κενά των συμβατικών μεταφορικών προσεγγίσεων στην επίτευξη της βιώσιμης αστικής κινητικότητας.
• Να εφαρμόζει εναλλακτικές και ολοκληρωμένες προσεγγίσεις στο σχεδιασμό των αστικών μεταφορών.
• Να σχεδιάζει υποδομές μη-μηχανοκίνητων μέσων μεταφοράς.
• Να γνωρίζει τους βασικούς παράγοντες που επηρεάζουν τις επιλογές και τη συμπεριφορά μετακίνησης.
• Να εξοικειωθεί με τις νέες τεχνολογίες που εφαρμόζονται στις μεταφορές.
• Να κατανοεί τις βασικές αρχές σύνταξης ενός Σχεδίου Βιώσιμης Αστικής Κινητικότητας.","Το μάθημα συμβάλει στην απόκτηση των παρακάτω ικανοτήτων:
• Αναζήτηση, ανάλυση και σύνθεση δεδομένων και πληροφοριών, με τη χρήση και των απαραίτητων τεχνολογιών
• Προσαρμογή σε νέες καταστάσεις
• Λήψη αποφάσεων
• Σχεδιασμός και διαχείριση έργων 
• Σεβασμός στο φυσικό περιβάλλον ","Περιεχόμενο διαλέξεων μαθήματος:
• Ευρωπαϊκή πολιτική μεταφορών για την αστική κινητικότητα.
• Μετακινήσεις σε αστικό περιβάλλον και ανάλυση της συμπεριφοράς των μετακινούμενων.
• Βιώσιμη ανάπτυξη και βιώσιμη αστική κινητικότητα.
• Ήπιες μορφές μετακίνησης: περπάτημα, ποδηλασία. 
• Υποδομές κίνησης πεζών και ποδηλατών. 
• Μεθοδολογίες ελέγχου οδικής ασφάλειας και κινητικότητας πεζών και ποδηλατών στο αστικό περιβάλλον.
• Συστήματα μοιρασμένης μετακίνησης, μικροκινητικότητα.
• Αυτόνομα οχήματα, ηλεκτρικά οχήματα. 
• Ευφυή συστήματα μεταφορών και βιώσιμη αστική κινητικότητα.
• Ενέργεια, περιβάλλον και οικονομία μεταφορών.
• Ασφάλεια, προσβασιμότητα και κοινωνικά ζητήματα μεταφορών.
• Σχέδια Βιώσιμης Αστικής Κινητικότητας (ΣΒΑΚ) ",,,"Στην αίθουσα διδασκαλίας (πρόσωπο με πρόσωπο)
Δυνατότητα εξ αποστάσεως διαλέξεων εφόσον απαιτηθεί.","Παρουσίαση διαλέξεων με χρήση φορητού Η/Υ και βιντεοπροβολέα ή με τηλεδιάσκεψη εξ αποστάσεως εφόσον απαιτηθεί.
Υποστήριξη μαθησιακής διαδικασίας μέσω της ηλεκτρονικής πλατφόρμας e-learning.
Συναντήσεις εξ αποστάσεως διδάσκοντα / διδάσκουσας και φοιτητών για συνεργασία σε ώρες εκτός μαθήματος (μέσω ψηφιακής πλατφόρμας, πχ. ZOOM, Skype). 
Ανάρτηση ανακοινώσεων στην ιστοσελίδα του Τμήματος και στην ηλεκτρονική σελίδα του μαθήματος στην ηλεκτρονική πλατφόρμα e-learning.
Επικοινωνία διδάσκοντα / διδάσκουσας και φοιτητών μέσω ηλεκτρονικού ταχυδρομείου (email).",Διαλέξεις,52,Αυτοτελής Μελέτη,78,,,,,,,130,"Τελική γραπτή εξέταση που περιλαμβάνει: 
   • Ερωτήσεις θεωρίας 
   • Επίλυση ασκήσεων

Τα κριτήρια αξιολόγησης γνωστοποιούνται στους φοιτητές στην πρώτη διάλεξη του μαθήματος. Επίσης, δίνεται η δυνατότητα σε κάθε φοιτητή να ελέγξει το γραπτό του και να του αναλυθούν τα λάθη του.","Βλαστός, Θ., Μπακογιάννης, Ε. (2019). Προς μια Ελλάδα με λιγότερα αυτοκίνητα. ΕΚΔΟΣΕΙΣ ΓΡΗΓΟΡΗ ΟΕ, ISBN: 978-960-612-248-4.
Γαβανάς, Ν., Παπαϊωάννου, Π., Πιτσιάβα-Λατινοπούλου, Μ., Πολίτης, Ι. (2016). Αστικά δίκτυα μεταφορών και διαχείριση κινητικότητας. Ελληνικά Ακαδημαϊκά Ηλεκτρονικά Συγγράμματα και Βοηθήματα - Αποθετήριο ""Κάλλιπος"", ISBN: 978-960-603-155-7.
Τσέτσης, Σ. (2013). Πράσινες μετακινήσεις στις Πόλεις. Α. ΠΑΠΑΣΩΤΗΡΙΟΥ & ΣΙΑ Ι.Κ.Ε., ISBN: 978-960-491-077-9.
Φραντζεσκάκης, Ι.Μ., Πιτσιάβα-Λατινοπούλου, Μ.Χ., Τσαμπούλας, Δ.Α. (2002). Διαχείριση Κυκλοφορίας. Α. ΠΑΠΑΣΩΤΗΡΙΟΥ & ΣΙΑ Ι.Κ.Ε., ISBN: 978-960-7510-50-1.  
Γαλάνης, Α. (2011). Συμβολή στη διαμόρφωση μεθοδολογίας ελέγχου και αξιολόγησης της οδικής ασφάλειας και κινητικότητας πεζών στο αστικό περιβάλλον. Διδακτορική Διατριβή, Πανεπιστήμιο Θεσσαλίας, Τμήμα Πολιτικών Μηχανικών. 
Μηλάκης, Δ. (2006). Χρήσεις γης και μεταφορές. Διερεύνηση της επίδρασης των πολεοδομικών χαρακτηριστικών μακρο- και μικρο- κλίμακας στις επιλογές μετακίνησης. Διδακτορική Διατριβή, Εθνικό Μετσόβιο Πολυτεχνείο, Σχολή Αγρονόμων και Τοπογράφων Μηχανικών.
Attard, M., Shiftan, Y. (Ed.) (2015). Sustainable Urban Transport (Transport and Sustainability, Vol. 7), Emerald, HEAL-Link Emerald ebook series (BME), ISBN: 978-1-78441-615-7. 
Gudmundsson, H., Hall, R.P., Marsden, G., Zietsman, J. (2016). Sustainable Transportation, Indicators, Frameworks, and Performance Management (Springer Texts in Business and Economics). Springer Berlin Heidelberg, HEAL-Link Springer ebooks, ISBN: 978-3-662-46924-8.
National Association of City Transportation Officials (2014). Urban Bikeway Design Guide. Island Press/Center for Resource Economics, HEAL-Link Springer ebooks, ISBN: 978-1-61091-582-3. ",,
56,ΥΔΡ006,Υδραυλική των ανοιχτών αγωγών και ποταμών,ΜΗΧΑΝΙΚΩΝ,ΠΟΛΙΤΙΚΩΝ ΜΗΧΑΝΙΚΩΝ,Προπτυχιακό,7,Διαλέξεις και Ασκήσεις Εφαρμογής,4,5,,,,Κατεύθυνσης,,"ΥΔΡ002 – Μηχανική των ρευστών
ΥΔΡ003 – Υδραυλική","Ελληνικά
(Φοιτητές Erasmus: Ελληνικά ή Αγγλικά)","Ελληνικά
(Φοιτητές Erasmus: Ελληνικά ή Αγγλικά)",,"Με την επιτυχή ολοκλήρωση του μαθήματος, οι φοιτητές θα είναι σε θέση να:
• προσδιορίζουν την απαιτούμενη μέθοδο υδραυλικής επίλυσης σύνθετων και απρόβλεπτων προβλημάτων διαχείρισης ποτάμιων ροών καθώς και συστημάτων τεχνητών ανοιχτών αγωγών
• σχεδιάζουν τεχνητούς ανοικτούς αγωγούς διαφόρων διατομών και οχετούς
• αναλύουν φυσικά υδατορρεύματα και προσδιορίζουν την παροχή νερού και την στερεομεταφορά
• προσδιορίζουν την παροχετευτική ικανότητα υδατορρευμάτων και την επίδραση των γεφυρών και λοιπών έργων στη ροή
• προτείνουν σχεδιαστικές λύσεις για έργα διευθετήσεως υδατορευμάτων και αντιπλημμυρικής προστασίας 
• αξιολογούν σχεδιαστικές λύσεις με εφαρμογή υπολογιστικού κώδικα για τον υπολογισμό ροής σε ανοικτούς αγωγούς και ποταμούς","• Αναζήτηση, ανάλυση και σύνθεση δεδομένων και πληροφοριών
• Προσαρμογή σε νέες καταστάσεις
• Λήψη αποφάσεων
• Εργασία σε διεπιστημονικό περιβάλλον
• Σχεδιασμός και διαχείριση έργων
• Άσκηση κριτικής
• Προαγωγή της ελεύθερης, δημιουργικής και επαγωγικής σκέψης","- Σύντομη περιγραφή μαθήματος:
Το μάθημα αποσκοπεί στην παροχή στους φοιτητές του βασικού θεωρητικού υπόβαθρου για το μάθημα ‘ΥΔΡ006 Υδραυλική των ανοιχτών αγωγών και ποταμών’. Περιλαμβάνει την αναγκαία ύλη για την κατανόηση της ανάλυσης της υδραυλικής ροής με ελεύθερη επιφάνεια σε ανοικτούς αγωγούς και ποταμούς και του υπολογισμού μόνιμης και μη μόνιμης ροής με χρήση υπολογιστικών εργαλείων.

- Περιεχόμενο διαλέξεων 
   o Τεχνητοί ανοικτοί αγωγοί. Συνοπτική παρουσίαση. Εφαρμογές θεωρίας κρίσιμου βάθους, ομαλή ανύψωση και ταπείνωση πυθμένα, ομαλή στένωση και διεύρυνση διατομής.
   o Εξίσωση του Manning. Υπολογισμός ομοιόμορφης ροής σε πρισματικούς αγωγούς. Σύνθετες διατομές. Σύνθετη τραχύτητα. Βέλτιστη διατομή.
   o Υδραυλικό άλμα. Απώλεια ενέργειας. Υδραυλικό άλμα σε καταβαθμό.
   o Ανομοιόμορφη βαθμιαία μεταβαλλόμενη ροή. Ταξινόμηση καμπυλών. Υπολογισμός μηκοτομής ελεύθερης επιφάνειας σε τεχνητούς και φυσικούς αγωγούς. Εισροή από δεξαμενή. Σύνδεση δύο δεξαμενών. Υδραυλικό άλμα στην ανομοιόμορφη ροή.
   o Παρουσίαση και εφαρμογές του κώδικα HEC-RAS (River Analysis System).
   o Ελεύθερη υδατόπτωση. Εκροή-Εισροή σε λεκάνη σταθερής στάθμης.
   o Φυσικοί ανοικτοί αγωγοί. Χαρακτηριστικά και είδη ροής. Υδραυλική μηχανική των ποταμών. Υπολογισμός ανομοιόμορφης ροής σε υδατορρεύματα και ποταμούς.
   o Mεταφορά φερτών υλών σε ποτάμια και υδατορρεύματα. Φορτίο Πυθμένα. Αιωρούμενο Φορτίο. Προσδιορισμός της στερεομεταφοράς.
   o Μελέτη έργων ελέγχου και συγκράτησης φερτών υλών και έργων διευθέτησης σε ποτάμια και υδατορρεύματα
   o Μέθοδοι μέτρησης διαφόρων παραμέτρων των φυσικών ανοικτών αγωγών.",,,Πρόσωπο με πρόσωπο,"Υποστήριξη Μαθησιακής διαδικασίας (Διδασκαλία και Επικοινωνία με φοιτητές) μέσω διαλέξεων σε PowerPoint, μέσω ηλεκτρονικής ιστοσελίδας μαθήματος, μέσω της ηλεκτρονικής πλατφόρμας e-learning και μέσω επιπλέον ηλεκτρονικής επικοινωνίας με τους φοιτητές (online ανακοινώσεις και σχόλια, email κτλ). Επιπλέον υλικό (παρουσιάσεις διαλέξεων, εκπαιδευτικά videos, χρήσιμα sites και επιστημονικά άρθρα) ανηρτημένο στο e-learning. Ώρα συνεργασίας καθηγητή-φοιτητών είτε με φυσική παρουσία είτε μέσω τηλεσυνάντησης.",Διαλέξεις Θεωρίας,40,Ασκήσεις Εφαρμογής,12,Αυτοτελής Μελέτη & Ανάλυση Βιβλιογραφίας,78,,,,,130,"Γλώσσα Αξιολόγησης: Ελληνική

Γραπτή Εξέταση με Ερωτήσεις Εκτεταμένης Απάντησης (Διαμορφωτική ή/και Συμπερασματική)

Αξιολόγηση Θεωρίας (100% του τελικού βαθμού):
• Γραπτή εξέταση προόδου (30% του τελικού βαθμού) που περιλαμβάνει:
   o Θεωρητικές ερωτήσεις Εκτεταμένης Απάντησης (Διαμορφωτική ή/και Συμπερασματική)
   o Επίλυση προβλημάτων-ασκήσεων
• Γραπτή τελική εξέταση (70% του τελικού βαθμού) που περιλαμβάνει:
   o Θεωρητικές ερωτήσεις Εκτεταμένης Απάντησης (Διαμορφωτική ή/και Συμπερασματική)
   o Επίλυση προβλημάτων-ασκήσεων

Το παρόν κείμενο περιγραφής του μαθήματος με τα κριτήρια αξιολόγησης είναι προσβάσιμο στους φοιτητές στον οδηγό σπουδών του Τμήματος (ιστοσελίδα Τμήματος) και στην ιστοσελίδα του μαθήματος.
Το περίγραμμα κοινοποιείται προφορικά στους φοιτητές κατά την πρώτη διάλεξη. 
","Πρίνος Παναγιώτης, Υδραυλική ανοικτών αγωγών, Εκδόσεις Ζήτη, 2009, ISBN: 978-960-456-148-3. Κωδικός Βιβλίου στον Εύδοξο: 11388
Χρυσάνθου Βλάσιος, ΠΟΤΑΜΙΑ ΥΔΡΑΥΛΙΚΗ ΚΑΙ ΤΕΧΝΙΚΑ ΕΡΓΑ, Εκδόσεις Ελληνικά Ακαδημαϊκά Ηλεκτρονικά Συγγράμματα και Βοηθήματα - Αποθετήριο ""Κάλλιπος"", 2016, ISBN: 978-960-603-466-4. Κωδικός Βιβλίου στον Εύδοξο: 59303548
Κατσιφαράκης Λ. Κωνσταντίνος, Μόνιμες ροές με ελεύθερη επιφάνεια, Εκδόσεις Αφοί Κυριακίδη ΕΚΔΟΣΕΙΣ ΑΕ, 2017 (2η έκδοση), ISBN: 978-960-602-176-3. Κωδικός Βιβλίου στον Εύδοξο: 68372423
Σούλης Ιωάννης, ΥΔΡΑΥΛΙΚΗ ΑΝΟΙΚΤΩΝ ΑΓΩΓΩΝ, Εκδόσεις ΧΑΡΑΛΑΜΠΟΣ ΝΙΚ. ΑΪΒΑΖΗΣ, 2008, ISBN: 978-960-99293-0-1. Κωδικός Βιβλίου στον Εύδοξο: 995
Πρίνος Παναγιώτης, Υδραυλική Κλειστών και Ανοικτών Αγωγών, Εκδόσεις Ζήτη, 2013, ISBN: 978-960-456-344-9. Κωδικός Βιβλίου στον Εύδοξο: 22767973",,
57,ΥΔΡ007,Επεξεργασία και Διαχείριση αστικών αποβλήτων,ΜΗΧΑΝΙΚΩΝ,ΠΟΛΙΤΙΚΩΝ ΜΗΧΑΝΙΚΩΝ,Προπτυχιακό,7,Διαλέξεις και Ασκήσεις Εφαρμογής,4,5,,,,Κατεύθυνσης,,"ΥΔΡ001 – Περιβαλλοντική Τεχνική
ΥΔΡ002 – Μηχανική των ρευστών
ΥΔΡ003 – Υδραυλική","Ελληνικά
(Φοιτητές Erasmus: Ελληνικά ή Αγγλικά)","Ελληνικά
(Φοιτητές Erasmus: Ελληνικά ή Αγγλικά)",,"Με την επιτυχή ολοκλήρωση του μαθήματος, οι φοιτητές θα είναι σε θέση να:
• γνωρίζουν τις βασικές διεργασίες επεξεργασίας νερού και λυμάτων
• διακρίνουν και εξηγούν τα στάδια επεξεργασίας μίας εγκατάστασης επεξεργασίας αστικών αποβλήτων
• αναλύουν τα ποιοτικά χαρακτηριστικά του νερού και διακρίνουν τη ρύπανση του
• υπολογίζουν την υδραυλική μηκοτομή έργων επεξεργασίας αστικών αποβλήτων
• κρίνουν μελέτες επεξεργασίας νερού και υγρών αποβλήτων
• δημιουργούν και συνθέτουν τεχνική έκθεση με τους υγειονολογικούς υπολογισμούς, τους υδραυλικούς υπολογισμούς καθώς και σχέδια γενικής διάταξης συναφών έργων","• Αναζήτηση, ανάλυση και σύνθεση δεδομένων και πληροφοριών
• Προσαρμογή σε νέες καταστάσεις
• Λήψη αποφάσεων
• Αυτόνομη εργασία
• Σχεδιασμός και διαχείριση έργων
• Άσκηση κριτικής
• Προαγωγή της ελεύθερης, δημιουργικής και επαγωγικής σκέψης","- Σύντομη περιγραφή μαθήματος:
Το μάθημα αποσκοπεί στην παροχή στους φοιτητές του βασικού θεωρητικού υπόβαθρου για το μάθημα ‘ΥΔΡ007 Επεξεργασία και Διαχείριση αστικών αποβλήτων’. Περιλαμβάνει την αναγκαία ύλη για την κατανόηση της επεξεργασίας του φυσικού νερού για παραγωγή χρήσιμου ποιοτικά νερού μέσω διεργασιών και μεθόδων καθαρισμού καθώς και της ανάλυσης των διεργασιών επεξεργασίας των λυμάτων, όπως επίσης και τον σχεδιασμό των συναφών έργων.

- Περιεχόμενο διαλέξεων 
   o Ο υδρολογικός κύκλος. Υπόγειο, επιφανειακό, θαλασσινό νερό. Κατανάλωση νερού.
   o Ποιοτικά χαρακτηριστικά νερού (φυσικοχημικές και μικροβιολογικές παράμετροι). Θεσμικό πλαίσιο. Ρύπανση – μόλυνση του νερού. Μέτρα προστασίας.
   o Διεργασίες επεξεργασίας υπόγειων και επιφανειακών νερών. Συνήθης επεξεργασία, προχωρημένη επεξεργασία.
   o Εγκαταστάσεις επεξεργασίας νερού: Κροκίδωση, καθίζηση, διήθηση, προσρόφηση, απολύμανση, αποθήκευση και διανομή του νερού.
   o Τυπικό σύστημα επεξεργασίας λυμάτων. Προκαταρκτική και πρωτοβάθμια επεξεργασία. Γενικές αρχές επεξεργασίας λυμάτων και παραγόμενης λάσπης.
   o Εισαγωγή στο μοντέλο ενεργού ιλύος (απομάκρυνση οργανικού άνθρακα και νιτροποίηση). Κριτήρια σχεδιασμού δεξαμενής αερισμού. Σχεδιασμός και λειτουργία δεξαμενών καθίζησης.
   o Ανάλυση διαδικασιών επεξεργασίας ιλύος. Πάχυνση ιλύος (παχυντές βαρύτητες, μηχανικοί παχυντές). Σταθεροποίηση ιλύος (αερόβια και αναερόβια χώνευση). Αφυδάτωση ιλύος. Διάθεση και αξιοποίηση ιλύος.
   o Αρχές διαστασιολόγησης έργων προεπεξεργασίας, πρωτοβάθμιας επεξεργασίας, βιολογικής επεξεργασίας και τριτοβάθμιας επεξεργασίας αστικών λυμάτων.",,,Πρόσωπο με πρόσωπο,"Υποστήριξη Μαθησιακής διαδικασίας (Διδασκαλία και Επικοινωνία με φοιτητές) μέσω διαλέξεων σε PowerPoint, μέσω ηλεκτρονικής ιστοσελίδας μαθήματος, μέσω της ηλεκτρονικής πλατφόρμας e-learning και μέσω επιπλέον ηλεκτρονικής επικοινωνίας με τους φοιτητές (online ανακοινώσεις και σχόλια, email κτλ). Επιπλέον υλικό (παρουσιάσεις διαλέξεων, εκπαιδευτικά videos, χρήσιμα sites και επιστημονικά άρθρα) ανηρτημένο στο e-learning. Ώρα συνεργασίας καθηγητή-φοιτητών είτε με φυσική παρουσία είτε μέσω τηλεσυνάντησης.",Διαλέξεις Θεωρίας,40,Ασκήσεις Εφαρμογής,12,Aτομική Εργασία,10,Αυτοτελής Μελέτη & Ανάλυση Βιβλιογραφίας,68,,,130,"Γλώσσα Αξιολόγησης: Ελληνική

Γραπτή Εξέταση με Ερωτήσεις Εκτεταμένης Απάντησης (Διαμορφωτική ή/και Συμπερασματική)

Αξιολόγηση Θεωρίας (80% του τελικού βαθμού):
• Γραπτή εξέταση προόδου (20% του τελικού βαθμού) που περιλαμβάνει:
   o Θεωρητικές ερωτήσεις Εκτεταμένης Απάντησης (Διαμορφωτική ή/και Συμπερασματική)
   o Επίλυση προβλημάτων-ασκήσεων
• Γραπτή τελική εξέταση (60% του τελικού βαθμού) που περιλαμβάνει:
   o Θεωρητικές ερωτήσεις Εκτεταμένης Απάντησης (Διαμορφωτική ή/και Συμπερασματική)
   o Επίλυση προβλημάτων-ασκήσεων
• Ατομική εργασία (20% του τελικού βαθμού)

Το παρόν κείμενο περιγραφής του μαθήματος με τα κριτήρια αξιολόγησης είναι προσβάσιμο στους φοιτητές στον οδηγό σπουδών του Τμήματος (ιστοσελίδα Τμήματος) και στην ιστοσελίδα του μαθήματος.
Το περίγραμμα κοινοποιείται προφορικά στους φοιτητές κατά την πρώτη διάλεξη.","Νταρακάς Ευθύμιος, ΤΕΧΝΙΚΗ ΠΕΡΙΒΑΛΛΟΝΤΟΣ, Διεργασίες Επεξεργασίας Νερού και Υγρών Αποβλήτων, Εκδόσεις Εκδόσεις ""σοφία"", 2016, ISBN: 978-960-6706-91-2. Κωδικός Βιβλίου στον Εύδοξο: 59380527
Νταρακάς Ευθύμιος, Πεταλά Μαρία, Τσιρίδης Βασίλειος, Περιβαλλοντική Χημεία και Μηχανική, Εκδόσεις ΤΖΙΟΛΑ, 2019, ISBN: 978-960-418-640-2. Κωδικός Βιβλίου στον Εύδοξο: 86054621
Ανδρεαδάκης Α., Επεξεργασία Νερού Βασικές Αρχές και Διεργασίες, Εκδόσεις Συμμετρία, 2008, ISBN: 978-960-266-207-6. Κωδικός Βιβλίου στον Εύδοξο: 45236
Κούγκολος Αθανάσιος, Περιβαλλοντική Μηχανική, Εκδόσεις ΤΖΙΟΛΑ, 2021 (3η έκδοση), ISBN: 978-960-418-868-0. Κωδικός Βιβλίου στον Εύδοξο: 94688998
Γκουντούλας Κων/νος, Διαχείριση Ιλύος από Εγκαταστάσεις Επεξεργασίας Λυμάτων, Εκδόσεις ΑΛΕΞΑΝΔΡΟΣ Ι.Κ.Ε., 2019 (2η έκδοση), ISBN: 978-618-84462-2-9. Κωδικός Βιβλίου στον Εύδοξο: 86200230",,
58,ΥΔΡ008,Υπολογιστική Ρευστομηχανική,ΜΗΧΑΝΙΚΩΝ,ΠΟΛΙΤΙΚΩΝ ΜΗΧΑΝΙΚΩΝ,Προπτυχιακό,7,Διαλέξεις και Ασκήσεις Εφαρμογής,4,5,,,,Κατεύθυνσης,,"ΓΕΝ001 – Απειροστικός  Λογισμός Ι
ΓΕΝ004 – Απειροστικός Λογισμός ΙΙ
ΓΕΝ006 – Προγραμματισμός Η/Υ 
ΓΕΝ007 – Διαφορικές Εξισώσεις
ΥΔΡ002 – Μηχανική των ρευστών
ΥΔΡ003 – Υδραυλική","Ελληνικά
(Φοιτητές Erasmus: Ελληνικά ή Αγγλικά)","Ελληνικά
(Φοιτητές Erasmus: Ελληνικά ή Αγγλικά)",,"Με την επιτυχή ολοκλήρωση του μαθήματος, οι φοιτητές θα είναι σε θέση να:
• αναγνωρίζουν και προσδιορίζουν τις βασικές αρχές των αριθμητικών μεθόδων που χρησιμοποιούνται για την επίλυση προβλημάτων ρευστομηχανικής
• διακρίνουν την απαιτούμενη υπολογιστική μέθοδο για επίλυση προβλημάτων μηχανικής ρευστών
• επιλύουν εξισώσεις και συστήματα εξισώσεων ροής ρευστού με χρήση υπολογιστικών τεχνικών
• υπολογίζουν χαρακτηριστικά του πεδίου ροής ρευστών στον χρόνο και στον χώρο
• συνθέτουν αριθμητικά μοντέλα ανάλυσης ροής ρευστού
• αξιολογούν υπολογιστικές τεχνικές που χρησιμοποιούνται από κώδικες εμπορικούς ή ανοικτούς ανάλυσης ροής ρευστού","• Αναζήτηση, ανάλυση και σύνθεση δεδομένων και πληροφοριών
• Προσαρμογή σε νέες καταστάσεις
• Λήψη αποφάσεων
• Αυτόνομη εργασία
• Σχεδιασμός και διαχείριση έργων
• Άσκηση κριτικής
• Προαγωγή της ελεύθερης, δημιουργικής και επαγωγικής σκέψης","- Σύντομη περιγραφή μαθήματος:
Το μάθημα αποσκοπεί στην παροχή στους φοιτητές του βασικού θεωρητικού υπόβαθρου για το μάθημα ‘ΥΔΡ008 Υπολογιστική Ρευστομηχανική’. Περιλαμβάνει την αναγκαία ύλη για την κατανόηση των αριθμητικών τεχνικών επίλυσης τυπικών προβλημάτων Υδραυλικής και Μηχανικής Ρευστών με χρήση κωδίκων ηλεκτρονικών υπολογιστών και υπολογιστικών εργαλείων.

- Περιεχόμενο διαλέξεων 
   o Εισαγωγικά στοιχεία αριθμητικής ανάλυσης (αριθμητική παρεμβολή, αριθμητική ολοκλήρωση, επίλυση συστημάτων εξισώσεων, σειρές Fourier, πεπερασμένες διαφορές).
   o Υπολογιστική Μηχανική των Ρευστών. Βασικές θεωρήσεις, εξισώσεις ροής, ροϊκή συνάρτηση και απαιτούμενα βήματα ανάπτυξης αριθμητικού αλγόριθμου.
   o Αριθμητικές τεχνικές επίλυσης. Είδη μερικών διαφορικών εξισώσεων.
   o Η μέθοδος των πεπερασμένων διαφορών. Αναπαράσταση των κύριων εξισώσεων πεπερασμένων διαφορών και των οριακών συνθηκών. Μόνιμες ροές (ελλειπτικές εξισώσεις).
   o Ευθείς τρόποι λύσης ταυτόχρονων εξισώσεων. Επαναληπτικές μέθοδοι για τη λύση ταυτόχρονων εξισώσεων.
   o Επίλυση προβλημάτων μόνιμης ροής.
   o Ανωτέρας τάξης προσεγγίσεις των πεπερασμένων διαφορών. Επίλυση προβλημάτων μη μόνιμης ροής (παραβολικές εξισώσεις). Ρητές λύσεις. Πεπλεγμένες λύσεις.
   o Η μέθοδος των πεπερασμένων στοιχείων. Φυσικές συντεταγμένες του χώρου. Γενικευμένο πεδίο σταθερής ροής και παραγωγή εξισώσεων με τη μέθοδο των μεταβολών. Επίλυση προβλημάτων με τη μέθοδο των μεταβολών.
   o Παραγωγή εξισώσεων με τη μέθοδο Galerkin. Εφαρμογή της μεθόδου Galerkin. Επίλυση προβλήματος οριακής στοιβάδας.",,,Πρόσωπο με πρόσωπο,"Υποστήριξη Μαθησιακής διαδικασίας (Διδασκαλία και Επικοινωνία με φοιτητές) μέσω διαλέξεων σε PowerPoint, μέσω ηλεκτρονικής ιστοσελίδας μαθήματος, μέσω της ηλεκτρονικής πλατφόρμας e-learning και μέσω επιπλέον ηλεκτρονικής επικοινωνίας με τους φοιτητές (online ανακοινώσεις και σχόλια, email κτλ). Επιπλέον υλικό (παρουσιάσεις διαλέξεων, εκπαιδευτικά videos, χρήσιμα sites και επιστημονικά άρθρα) ανηρτημένο στο e-learning. Ώρα συνεργασίας καθηγητή-φοιτητών είτε με φυσική παρουσία είτε μέσω τηλεσυνάντησης.",Διαλέξεις Θεωρίας,40,Ασκήσεις Εφαρμογής,12,Αυτοτελής Μελέτη & Ανάλυση Βιβλιογραφίας,78,,,,,130,"Γλώσσα Αξιολόγησης: Ελληνική

Γραπτή Εξέταση με Ερωτήσεις Εκτεταμένης Απάντησης (Διαμορφωτική ή/και Συμπερασματική)

Αξιολόγηση Θεωρίας (100% του τελικού βαθμού):
• Γραπτή εξέταση προόδου (30% του τελικού βαθμού) που περιλαμβάνει:
   o Θεωρητικές ερωτήσεις Εκτεταμένης Απάντησης (Διαμορφωτική ή/και Συμπερασματική)
   o Επίλυση προβλημάτων-ασκήσεων
• Γραπτή τελική εξέταση (70% του τελικού βαθμού) που περιλαμβάνει:
   o Θεωρητικές ερωτήσεις Εκτεταμένης Απάντησης (Διαμορφωτική ή/και Συμπερασματική)
   o Επίλυση προβλημάτων-ασκήσεων

Το παρόν κείμενο περιγραφής του μαθήματος με τα κριτήρια αξιολόγησης είναι προσβάσιμο στους φοιτητές στον οδηγό σπουδών του Τμήματος (ιστοσελίδα Τμήματος) και στην ιστοσελίδα του μαθήματος. Το περίγραμμα κοινοποιείται προφορικά στους φοιτητές κατά την πρώτη διάλεξη. ","Σούλης Ιωάννης, ΥΠΟΛΟΓΙΣΤΙΚΗ ΜΗΧΑΝΙΚΗ ΡΕΥΣΤΩΝ, Εκδόσεις ΧΑΡΑΛΑΜΠΟΣ ΝΙΚ. ΑΪΒΑΖΗΣ, 2008, ISBN: 978-960-99293-2-5. Κωδικός Βιβλίου στον Εύδοξο: 1100
Σούλης Ιωάννης, Υπολογιστικές τεχνικές Υδραυλικής Μηχανικής, Εκδόσεις Ελληνικά Ακαδημαϊκά Ηλεκτρονικά Συγγράμματα και Βοηθήματα - Αποθετήριο ""Κάλλιπος"", 2016, ISBN: 978-960-603-044-4. Κωδικός Βιβλίου στον Εύδοξο: 320306
Κουτίτας Χριστόφορος, Υπολογιστική υδραυλική, Εκδόσεις Επίκεντρο, 2005, ISBN: 978-960-6645-50-1. Κωδικός Βιβλίου στον Εύδοξο: 15198
Μπεργελές Γ., Υπολογιστική ρευστομηχανική, Εκδόσεις Συμεών, 2012 (5η έκδοση), ISBN: 978-960-9400-37-4. Κωδικός Βιβλίου στον Εύδοξο: 59374709
Στάμου Αναστάσιος, Εφαρμοσμένη Υδραυλική, Εκδόσεις Παπασωτηρίου, 2016 (3η έκδοση), ISBN: 978-960-491-109-7. Κωδικός Βιβλίου στον Εύδοξο: 59397206",,
59,ΔΟΜ024,Οπλισμένο Σκυρόδεμα ΙIΙ,ΜΗΧΑΝΙΚΩΝ,ΠΟΛΙΤΙΚΩΝ ΜΗΧΑΝΙΚΩΝ,Προπτυχιακό,8,Διαλέξεις και Ασκήσεις Πράξης,4,5,,,,Επιστημονικής Περιοχής,,Οπλισμένο Σκυρόδεμα ΙΙ,Ελληνική,Όχι,https://elearning.cm.ihu.gr/course/view.php?id=990,"Με την επιτυχή ολοκλήρωση του μαθήματος οι φοιτητές θα είναι σε θέση:
1. Να διαστασιολογεί κατασκευές οπλισμένου σκυροδέματος για σεισμικές δράσεις σύμφωνα με τους Ευρωκώδικες 2 και 8
2. Να αναγνωρίζει τις έννοιες της δυσκαμψίας, της αντοχής και της πλαστιμότητας και τη σημασία τους στη σεισμική συμπεριφορά των κατασκευών οπλισμένου σκυροδέματος
3. Να αντιλαμβάνεται την έννοια του ικανοτικού σχεδιασμού
4. Να διαστασιολογεί πλαισιακούς και δίδυμους (πλαίσια+τοιχώματα) φορείς οπλισμένου σκυροδέματος
5. Να σχεδιάζει κατασκευαστικά σχέδια με τα αναπτύγματα των οπλισμών και τις λεπτομέρειες όπλισης για πλαισιακούς και δίδυμους φορείς.
6. Να εκτελεί προμετρήσεις του όγκου του σκυροδέματος και του βάρους των οπλισμών για τον υπολογισμό του κόστους της κατασκευής","Το μάθημα συμβάλει στην απόκτηση των παρακάτω ικανοτήτων:
• Αναζήτηση, ανάλυση και σύνθεση δεδομένων και πληροφοριών, με τη χρήση και των απαραίτητων τεχνολογιών.
• Σχεδιασμός και διαχείριση έργων.
• Λήψη αποφάσεων.
• Αυτόνομη εργασία
• Προαγωγή της ελεύθερης, δημιουργικής και επαγωγικής σκέψης","Περιεχόμενη θεωρητικών διαλέξεων
   • Σεισμικές δράσεις σχεδιασμού κατά τον Ευρωκώδικα 8 για πλαισιακούς και δίδυμους φορείς οπλισμένου σκυροδέματος
   • Φορείς μέσης και υψηλής πλαστιμότητας
   • Ικανοτικός σχεδιασμός σύμφωνα με τον Ευρωκώδικα 8 (αποφυγή σχηματισμού μηχανισμού ορόφου, συνθήκη τοπικής πλαστιμότητας, τέμνουσες ικανοτικού σχεδιασμού δοκών και υποστυλωμάτων, ροπές ικανοτικού σχεδιασμού τοιχωμάτων)
   • Διαστασιολόγηση τοιχωμάτων οπλισμένου σκυροδέματος (περιβάλλουσες σχεδιασμού έναντι κάμψης και διάτμησης)
   • Κόμβοι μέσης και υψηλής πλαστιμότητας
   • Παθολογία κατασκευών από οπλισμένο σκυρόδεμα","Περιεχόμενο ασκήσεων
   • Υπολογισμός σεισμικών δράσεων για τους διάφορους τύπους του φέροντος οργανισμού σύμφωνα με τον Ευρωκώδικα 8
   • Διαμόρφωση της γεωμετρίας κτιριακών κατασκευών (θέσεις και διαστάσεις τοιχωμάτων, πυκνότητα υποστυλωμάτων κτλ)
   • Προσομοίωση δίδυμου φορέα (πλαίσια και τοιχώματα) οπλισμένου σκυροδέματος σε πρόγραμμα πεπερασμένων στοιχείων. Υπολογισμός περιβαλλουσών εντατικών μεγεθών. Διαστασιολόγηση.
   • Κατασκευαστικό σχέδιο. Λεπτομέρειες όπλισης.
",,"Στην τάξη (πρόσωπο με πρόσωπο). 
Δυνατότητα για εξ αποστάσεως εκπαίδευση εάν απαιτηθεί.","Παρουσίαση  διαλέξεων  με  χρήση  Η/Υ (παρουσιάσεις, φωτογραφίες, βίντεο πειραμάτων, κτλ).
Χρήση της ηλεκτρονικής πλατφόρμας elearning με αναρτήσεις εκπαιδευτικού υλικού σε ηλεκτρονική μορφή και αλληλεπίδραση με τους φοιτητές.
Ανάθεση  εργασιών  και ηλεκτρονική υποβολή τους μέσω  της πλατφόρμας elearning.
Βοηθήματα και παραδείγματα επίλυσης προβλημάτων και ασκήσεων μέσω αυτοματοποιημένων διαδικασιών (jupyter notebooks, excel, κ.α.)",Διαλέξεις,26,Ασκήσεις πράξης,26,Εκπόνηση εργασίας,20,Αυτοτελής Μελέτη,58,,,130,"Γλώσσα αξιολόγησης: Ελληνική

Μέθοδοι αξιολόγησης:
   • Τελική γραπτή εξέταση (70%)
   • Υποχρεωτική εργασία (30%)

Το παρόν κείμενο περιγραφής του μαθήματος με τα κριτήρια  αξιολόγησης  είναι  προσβάσιμο  στους  φοιτητές στον οδηγό σπουδών του Τμήματος (ιστοσελίδα Τμήματος)και στην ιστοσελίδα του μαθήματος","Πενέλης Γ., Στυλιανίδης Κ., Κάππος Α., Ιγνατάκης Χ. (2008), ""Κατασκευές από Οπλισμένο Σκυρόδεμα σύμφωνα με τους Νέους Κανονισμούς Ο/Σ (2η έκδοση)"", Εκδόσεις Αϊβάζης, Θεσσαλονίκη
Καραγιάννης Χρ. (2016) Σχεδιασμός, συμπεριφοράς κατασκευών από ωπλισμένο σκυρόδεμα έναντι σεισμού, Εκδόσεις Σοφία
Κωνσταντινίδης Απ. (2008), Αντισεισμικά Κτίρια από Οπλισμένο Σκυρόδεμα, Τόμος Α’ – Η Τέχνη της Κατασκευής και η Μελέτη Εφαρμογής, Αθήνα: Εκδόσεις π-Systems.
Κωνσταντινίδης Απ. (2013), Αντισεισμικά Κτίρια από Οπλισμένο Σκυρόδεμα, Τόμος Β’ – Στατική και Δυναμική Ανάλυση, Αθήνα: Εκδόσεις π-Systems.
Γεωργόπουλος Θ, (2015), Οπλισμένο Σκυρόδεμα (τόμος Β), Εκδόσεις: Παύλος Γεωργόπουλος.
",,
60,ΔΟΜ023,Αντισεισμικός Σχεδιασμός,ΜΗΧΑΝΙΚΩΝ,ΠΟΛΙΤΙΚΩΝ ΜΗΧΑΝΙΚΩΝ,Προπτυχιακό,8,Διαλέξεις και Ασκήσεις Πράξης,4,5,,,,Επιστημονικής Περιοχής,,,Ελληνική,Ναι,https://elearning.cm.ihu.gr/enrol/index.php?id=1035,"Μετά την επιτυχή ολοκλήρωση του μαθήματος, οι φοιτητές θα: 
• γνωρίζουν το υπόβαθρο του αντισεισμικού σχεδιασμού των κατασκευών 
• εμβαθύνουν στο θέμα του καθορισμού των σεισμικών δράσεων μέσω των φασμάτων σχεδιασμού και τους τρόπους προσδιορισμού της πλαστιμότητας. 
• γνωρίζουν να εφαρμόζουν την φιλοσοφία του σχεδιασμού με βάση την επιτελεστικότητα 
• γνωρίζουν να εφαρμόζουν μη-γραμμικές μεθόδους ανάλυσης για τον σχεδιασμό και την αποτίμηση κατασκευών έναντι σεισμικών δράσεων
• έχουν εξοικειωθεί με νέες τεχνολογίες για τον αντισεισμικό σχεδιασμό όπως η σεισμική μόνωση  
• αναγνωρίζουν τις σεισμικές βλάβες και θα προτείνουν τρόπους αποκατάστασής τους, καθώς θα γνωρίζουν τις διαθέσιμες τεχνολογίες επεμβάσεων ","• Λήψη αποφάσεων
• Εφαρμογή της γνώσης στην πράξη 
• Αυτόνομη εργασία
• Αναζήτηση, ανάλυση και σύνθεση δεδομένων και πληροφοριών, με τη χρήση και των απαραίτητων τεχνολογιών ","• Στοιχεία Τεχν. Σεισμολογίας: Γένεση σεισμών – κατανομή. Ισχυρή σεισμική κίνηση – καταγραφές. Μέγεθος και ένταση. Σεισμική επικινδυνότητα – διακινδύνευση. Στοιχεία Σεισμικής Μηχανικής: Βασικές έννοιες. 
• Ελαστικά φάσματα απόκρισης. Ανελαστική απόκριση – υστερητική απόσβεση – πλαστιμότητα. Φάσματα σχεδιασμού. 
• Ανάλυση κτιρίων για σεισμικές δράσεις. Πλαστιμότητα δομικών στοιχείων και φορέων. 
• Υπόβαθρο κανονιστικών διατάξεων αντισεισμικού σχεδιασμού. 
• Δομικά στοιχεία υπό σεισμική φόρτιση. Κόμβοι δοκών – υποστυλωμάτων υπό σεισμική φόρτιση. 
• Σεισμική παθολογία. Τεχνολογία υποστυλώσεων – επισκευών-ενισχύσεων.  ",,,Πρόσωπο με πρόσωπο (Στην αίθουσα διδασκαλίας) ,,Διαλέξεις,52,Αυτοτελής Μελέτη,78,,,,,,,130,"1. Ανάθεση εργασιών με στόχο την διερεύνηση της κατανόησης των εννοιών που διδάχθηκαν.
2. Τελική γραπτή εξέταση στο τέλος του εξαμήνου (στην ελληνική γλώσσα). ","Ι. Ψυχάρης, Σημειώσεις Αντισεισμικής Τεχνολογίας. 
Anil J. Chopra, Δυναμική των Κατασκευών – Θεωρία και Εφαρμογές στη Σεισμική Μηχανική, Γκιούρδας, Αθήνα 2007. 
Fardis M, Carvalho E, Elnashai A, Faccioli E, Pinto P, Plumier A, Οδηγός σχεδιασμού σύμφωνα με τον Ευρωκώδικα 8: Αντισεισμικός Σχεδιασμός των Κατασκευών, Εκδόσεις Κλειδάριθμος. 
Κ. Αναστασιάδη, Αντισεισμικές Κατασκευές – Τόμος Ι, Ζήτη, Θεσσαλονίκη 1989. ",,
61,ΓΕΝ010,Αγγλικά – Τεχνική ορολογία,ΜΗΧΑΝΙΚΩΝ,ΠΟΛΙΤΙΚΩΝ ΜΗΧΑΝΙΚΩΝ,Προπτυχιακό,8,Διαλέξεις,2,0,,,,Ανάπτυξης Δεξιοτήτων,,,Αγγλική / Ελληνική,Όχι,,Η γραπτή και προφορική εξοικείωση με την ακαδημαϊκή και τεχνική ορολογία του γνωστικού αντικειμένου των σπουδών. ,"• Αυτόνομη εργασία 
• Ομαδική εργασία","Σύντομη περιγραφή μαθήματος:
Το μάθημα επικεντρώνεται στην εκμάθηση των αγγλικών για συγκεκριμένους ακαδημαϊκούς σκοπούς και είναι ειδικά σχεδιασμένο για να εξυπηρετήσει τις ανάγκες των φοιτητών του Τμήματος Πολιτικών Μηχανικών. 

 Περιεχόμενο διαλέξεων 
• Το υλικό που θα χρησιμοποιηθεί θα δώσει την ευκαιρία στους φοιτητές να εξοικειωθούν με διάφορα είδη κειμένων (προσφορές, εργαστηριακές αναφορές, υπηρεσιακά σημειώματα, εγχειρίδια οδηγιών) και είδη γραφής (ανάλυση αιτίων και αποτελεσμάτων).
• Παράλληλος στόχος είναι να δοθεί η ευκαιρία στους φοιτητές να αναπτύξουν επαρκές λεξιλόγιο, φωνολογικό έλεγχο και κοινωνιογλωσσολογική αντίληψη έτσι ώστε να μπορούν να εκφραστούν με ένα ικανοποιητικό βαθμό σαφήνειας, ευφράδειας και αυθορμητισμού. 
• Κατά τη διάρκεια των μαθημάτων  δίνεται η ευκαιρία στους φοιτητές να αναπτύξουν τον γραπτό και προφορικό τους λόγο κατανοώντας σχετικά κείμενα, λαμβάνοντας μέρος σε συζητήσεις, κάνοντας προφορικές παρουσιάσεις κ.α.",,,Στην τάξη (Πρόσωπο με πρόσωπο),"Υποστήριξη Μαθησιακής διαδικασίας μέσω ηλεκτρονικής ιστοσελίδας, μέσω της ηλεκτρονικής πλατφόρμας e-learning και ηλεκτρονικής επικοινωνίας με τους φοιτητές (online ανακοινώσεις και σχόλια, email κτλ). ",Διαλέξεις Θεωρίας,26,Αυτοτελής Μελέτη,13,,,,,,,39,"Γλώσσα Αξιολόγησης: Αγγλική και Ελληνική

Γραπτή τελική εξέταση που περιλαμβάνει:
   o Θεωρητικές ερωτήσεις κρίσης
   o Σύνταξη κειμένου στην Αγγλική
   o Μετάφραση κειμένου  

Το παρόν κείμενο περιγραφής του μαθήματος με τα κριτήρια αξιολόγησης είναι προσβάσιμο στους φοιτητές στον οδηγό σπουδών του Τμήματος (ιστοσελίδα Τμήματος) και στην ιστοσελίδα του μαθήματος ","Evans Virginia, Dooley Jenny, Chavez Mark (2015), “Career Paths Construction 1 Buildings Student's Book With Cross-Platform Application”, EXPRESS Publishing.
Evans Virginia, Dooley Jenny, Chavez Mark, “Career Paths Construction 2 Roads & Highways Student's Book With Cross-Platform Application”, EXPRESS Publishing.
Panourgia E. (2015), “Integrating Technical & Academic Writing into your English Course - Theory and Practice”, ΑΛΕΞΑΝΔΡΟΣ Σ. Ι.Κ.Ε.",,
62,ΔΟΜ025,Προσομοίωση και Ανάλυση Κατασκευών,ΜΗΧΑΝΙΚΩΝ,ΠΟΛΙΤΙΚΩΝ ΜΗΧΑΝΙΚΩΝ,Προπτυχιακό,8,Διαλέξεις και Εργαστηριακές Ασκήσεις,4,5,,,,Κατεύθυνσης,,"Στατική Ι – Ισοστατικοί φορείς
Οπλισμένο Σκυρόδεμα Ι
Δυναμική των Κατασκευών Ι",Ελληνική,Όχι,https://elearning.cm.ihu.gr/course/view.php?id=712 ,"Στόχος της διδασκαλίας είναι η κατανόηση των βασικών αρχών της προσομοίωσης και ανάλυσης κατασκευών σε προγράμματα Η/Υ βάσει των σύγχρονων κανονιστικών διατάξεων, η ανάπτυξη της ικανότητας σύνθεσης και εφαρμογής επιμέρους γνώσεων από διαφορετικά γνωστικά αντικείμενα και η ανάπτυξη δεξιοτήτων αναφορικά με το αντικείμενο του μαθήματος.
Με την επιτυχή ολοκλήρωση του μαθήματος ο φοιτητής/τρια θα είναι σε θέση:
• Να αναγνωρίζει, να κατανοεί και να μπορεί να ταξινομήσει τον τύπο των πεπερασμένων στοιχείων που χρησιμοποιούνται σε δεδομένη μελέτη. 
• Να διακρίνει και να αντιλαμβάνεται τις παραμέτρους και τις παραδοχές που σχετίζονται με θέματα προσομοίωσης κατασκευών και να μπορεί να προσδιορίσει τις ενδεχόμενες αδυναμίες κατά την προσομοίωση συγκεκριμένων φορέων. 
• Να επιλέξει την κατάλληλη προσομοίωση μεταξύ διαφορετικών προσεγγίσεων, συνδυάζοντας ενδεχομένως διαφορετικούς τύπους στοιχείων και παραμέτρων.
• Να μπορεί με τη χρήση κατάλληλων υπολογιστικών εργαλείων (προγραμμάτων Η/Υ) να αναπτύξει υπολογιστικά μοντέλα συνθέτοντας επιμέρους στοιχεία του προβλήματος που πρέπει να προσομοιωθεί.
• Να μπορεί να συνθέσει δεξιότητες από διαφορετικά γνωστικά αντικείμενα, ακολουθώντας παράλληλα ένα σύγχρονο πλαίσιο κανονιστικών διατάξεων, σε ένα ενιαίο περιβάλλον προσομοίωσης και ανάλυσης κατασκευών, για την επίλυση ενός προβλήματος μηχανικής.
• Να αξιολογήσει την αποτελεσματικότητα και να εκτιμήσει την ακρίβεια επιλεγμένων προσεγγίσεων προσομοίωσης, τόσο βάσει των γενικών αρχών που έχει διδαχθεί όσο και βάσει της κριτικής εξέτασης των αποτελεσμάτων της ανάλυσης.","Το μάθημα συμβάλει στην απόκτηση των παρακάτω ικανοτήτων:
• Αναζήτηση, ανάλυση και σύνθεση δεδομένων και πληροφοριών, με τη χρήση και των απαραίτητων τεχνολογιών
• Λήψη αποφάσεων
• Αυτόνομη εργασία
• Σχεδιασμός έργων ","Προσέγγιση της στατικής και δυναμικής επίλυσης των κατασκευών υπό το πρίσμα της συνολικής τους αντιμετώπισης, μέσω προγραμμάτων πεπερασμένων στοιχείων, δίνοντας έμφαση στις επιμέρους επιλογές και παραδοχές που γίνονται κατά τη διαδικασία της προσομοίωσης προκειμένου να αποδοθεί ορθολογικά η συμπεριφορά του φέροντος οργανισμού αλλά και να επιτυγχάνεται η συμμόρφωση με το ισχύον κανονιστικό πλαίσιο.

Περιεχόμενο διαλέξεων θεωρίας:
   • Γενικές αρχές προσομοίωσης και ανάλυσης κατασκευών - Κανονιστικό πλαίσιο.
   • Προσομοίωση φορέα με χρήση προγραμμάτων πεπερασμένων στοιχείων.
   • Τύποι πεπερασμένων στοιχείων και εφαρμογές της μεθόδου.
   • Σύλληψη και προσομοίωση φέροντος οργανισμού κατασκευής.
   • Προσομοίωση φορτίων κατασκευής.
   • Θέματα μορφολογίας και αντισεισμικού σχεδιασμού των κατασκευών.
   • Λεπτομέρειες προσομοίωσης δομικών στοιχείων κτιρίων Ο/Σ (δοκοί, υποστυλώματα, τοιχώματα, πλάκες).
   • Κανονιστικές διατάξεις αναφορικά με τις διάφορες παραμέτρους προσομοίωσης.

Περιεχόμενο εργαστηριακών ασκήσεων:
   • Εισαγωγή στην χρήση προγραμμάτων στατικής ανάλυσης κατασκευών σε Η/Υ (χρήση του κώδικα πεπερασμένων στοιχείων SAP 2000, δυνατότητα χρήσης σε μέρος της εκπαίδευσης και πακέτων λογισμικού της πράξης).
   • Σύλληψη και προσομοίωση φέροντος οργανισμού κατασκευής.
   • Δημιουργία απλών και σύνθετων προσομοιωμάτων για την επίλυση φορέων στο επίπεδο και στο χώρο.
   • Εφαρμογή αρχών προσομοίωσης σε ιδιαίτερες περιπτώσεις φερόντων στοιχείων.
   • Εκπόνηση στατικών και δυναμικών αναλύσεων, ανάγνωση και αξιολόγηση αποτελεσμάτων ανάλυσης.
   • Διαστασιολόγηση φέροντος οργανισμού κατασκευής.",,,"Στην τάξη (δια ζώσης) και στη νησίδα Η/Υ (εργαστηριακό μέρος μαθήματος). 
Δυνατότητα εξ αποστάσεως διαλέξεων εφόσον απαιτηθεί.","Παρουσίαση διαλέξεων με χρήση Η/Υ και προβολέα δια ζώσης ή εξ αποστάσεως αν απαιτηθεί. 
Εκμάθηση και χρήση εξειδικευμένων λογισμικών ανάλυσης κατασκευών.
Υποστήριξη Μαθησιακής διαδικασίας μέσω ηλεκτρονικής ιστοσελίδας/πλατφόρμας και ηλεκτρονικής επικοινωνίας με τους φοιτητές (online ανακοινώσεις και σχόλια, φόρμα αποστολής ερωτήσεων, email κτλ). Δυνατότητα υποστήριξης με χρήση προγραμμάτων τηλεδιάσκεψης (zoom, webex, skype κτλ).",Διαλέξεις,26,"Εργαστηριακές ασκήσεις (υπολογισμοί παραμέτρων, ανάλυση σε εξειδικευμένο λογισμικό Η/Υ)",26,Ατομική Εργασία σε εργαστηριακές ασκήσεις και ασκήσεις εφαρμογής,28,Αυτοτελής Μελέτη,50,,,130,"Γραπτή τελική εξέταση που περιλαμβάνει:
• Θεωρητικές ερωτήσεις γνώσεων και κρίσης σε αντικείμενα του μαθήματος
• Θέματα προσομοίωσης και συμπεριφοράς κατασκευών προς ανάπτυξη 
• Εξέταση της κατανόησης βασικών εννοιών

Εξέταση εργασίας σε εξειδικευμένο λογισμικό Η/Υ που περιλαμβάνει:
• Προσομοίωση δεδομένου φορέα
• Επίλυση και αξιολόγηση αποτελεσμάτων ανάλυσης","Κίρτας Ε., Παναγόπουλος Γ. (2015), ""Προσομοίωση Κατασκευών σε Προγράμματα Η/Υ: Εφαρμογές με το πρόγραμμα πεπερασμένων στοιχείων SAP 2000 (Ηλεκτρονικό Βιβλίο)"", Σύνδεσμος Ελληνικών Ακαδημαϊκών Βιβλιοθηκών, Αθήνα (Διαθέσιμο online: http://hdl.handle.net/11419/1607)
Αβραμίδης Ι.Ε., Αθανατοπούλου Α., Μορφίδης Κ., Σέξτος Α. (2017), ""Αντισεισμικός σχεδιασμός κτιρίων Ο/Σ και αριθμητικά παραδείγματα ανάλυσης & διαστασιολόγησης σύμφωνα με τους Ευρωκώδικες"", Εκδόσεις Σοφία, Θεσσαλονίκη, ISBN: 978-960-6706-97-4
Αβραμίδης Ι.Ε., Αθανατοπούλου Α., Μορφίδης Κ., (2016), ""Η μέθοδος των πεπερασμένων στοιχείων"", Εκδόσεις Σοφία, Θεσσαλονίκη, ISBN: 978-960-6706-92-9
Κωμοδρόμος Π. (2018), ""Ανάλυση Κατασκευών: Σύγχρονες μέθοδοι με χρήση Η/Υ (3η έκδοση)"",  Εκδόσεις Κλειδάριθμος ΕΠΕ, ISBN: 978-960-461-860-6
Αβραμίδης Ι.Ε. (2001), ""Αριθμητικές Μέθοδοι Ανάλυσης Κατασκευών"", Πανεπιστημιακές Σημειώσεις, Εκδόσεις ΑΪΒΑΖΗ, Θεσσαλονίκη 
Reddy J.N. (1993), ""An introduction to the finite element method"", McGraw-Hill Inc., New York 
Υ.ΠΕ.ΧΩ.Δ.Ε (2000), ""Ελληνικός Αντισεισμικός Κανονισμός, EAK2000"", Αθήνα
Υ.ΠΕ.ΧΩ.Δ.Ε (2000), ""Ελληνικός Κανονισμός Ωπλισμένου Σκυροδέματος, EKΩΣ 2000"", Οργανισμός Αντισεισμικού Σχεδιασμού και Προστασίας (ΟΑΣΠ), Αθήνα
CEN, European Committee for Standardisation (2004), ""EN 1992–1-1: Eurocode 2: Design of concrete structures, Part 1-1: General rules and rules for buildings"", European Committee for Standardisation, Brussels
CEN, European Committee for Standardization (2004), ""EN 1998–1: Eurocode 8: Design of structures for earthquake resistance, Part 1: General rules, seismic actions and rules for buildings"", European Committee for Standardisation, Brussels",,
63,ΔΟΜ026,Προεντεταμένο Σκυρόδεμα - Ειδικές Κατασκευές Σκυροδέματος,ΜΗΧΑΝΙΚΩΝ,ΠΟΛΙΤΙΚΩΝ ΜΗΧΑΝΙΚΩΝ,Προπτυχιακό,8,"Διαλέξεις, Ασκήσεις Πράξης ",4,5,,,,Κατεύθυνσης,,"Αντοχή Υλικών
Οπλισμένο Σκυρόδεμα ΙΙ
Στατική ΙΙ",Ελληνική,Όχι,,"Με την επιτυχή ολοκλήρωση του μαθήματος οι φοιτητές θα είναι σε θέση:
1. Να κατανοούν τη συμπεριφορά και τις αρχές σχεδιασμού των φορέων από προεντεταμένο σκυρόδεμα για τις διάφορες μεθόδους προέντασης
2. Να σχεδιάζουν και να διαστασιολογούν δομικά στοιχεία από προεντεταμένο σκυρόδεμα έναντι κάμψης και διάτμησης
3. Να υπολογίζουν την εντατική κατάσταση προεντεταμένων φορέων, να υπολογίζουν τις απώλειες της προέντασης και να σχεδιάζουν τους τένοντες.","Το μάθημα συμβάλει στην απόκτηση των παρακάτω ικανοτήτων:
• Αναζήτηση, ανάλυση και σύνθεση δεδομένων και πληροφοριών, με τη χρήση και των απαραίτητων τεχνολογιών.
• Σχεδιασμός και διαχείριση έργων.
• Λήψη αποφάσεων.
• Αυτόνομη εργασία
• Προαγωγή της ελεύθερης, δημιουργικής και επαγωγικής σκέψης","• Αρχές σχεδιασμού των προεντεταμένων φορέων. Υλικά και τεχνικές προέντασης. Είδη, χαρακτηριστικά και μηχανικές ιδιότητες τενόντων. 
• Συστήματα επιβολής προέντασης.
• Δομικά στοιχεία υπό κεντρική ή έκκεντρη δύναμη προέντασης
• Σχεδιασμός στην οριακή κατάσταση λειτουργικότητας. Έλεγχοι ρηγμάτωσης
• Απώλειες προέντασης (στιγμιαίες και μακροχρόνιες)
• Συστήματα αγκύρωσης τενόντων. Μεμονωμένη και πολλαπλές αγκυρώσεις.
• Σχεδιασμός στην οριακή κατάσταση αστοχίας. Έλεγχοι σε κάμψη και διάτμηση
• Μερική προένταση",,,"Στην τάξη (πρόσωπο με πρόσωπο). 
Δυνατότητα για εξ αποστάσεως εκπαίδευση εάν απαιτηθεί.
","Παρουσίαση  διαλέξεων  με  χρήση  Η/Υ (παρουσιάσεις, φωτογραφίες, βίντεο πειραμάτων, κτλ).
Χρήση της ηλεκτρονικής πλατφόρμας elearning με αναρτήσεις εκπαιδευτικού υλικού σε ηλεκτρονική μορφή και αλληλεπίδραση με τους φοιτητές.
Ανάθεση  εργασιών  και ηλεκτρονική υποβολή τους μέσω  της πλατφόρμας elearning.
Βοηθήματα και παραδείγματα επίλυσης προβλημάτων και ασκήσεων μέσω αυτοματοποιημένων διαδικασιών (jupyter notebooks, excel, κ.α.)",Διαλέξεις,26,Ασκήσεις πράξης,26,Εκπόνηση εργασίας,20,Αυτοτελής Μελέτη,58,,,130,"Γλώσσα αξιολόγησης: Ελληνική

Μέθοδοι αξιολόγησης:
• Τελική γραπτή εξέταση (70%)
• Υποχρεωτική εργασία (30%)

Το παρόν κείμενο περιγραφής του μαθήματος με τα κριτήρια  αξιολόγησης  είναι  προσβάσιμο  στους  φοιτητές στον οδηγό σπουδών του Τμήματος (ιστοσελίδα Τμήματος)και στην ιστοσελίδα του μαθήματος","Χρ. Γ. Καραγιάννης, (2015), Σχεδιασμός κατασκευών από Προεντεταμένο Σκυρόδεμα, εκδ. Σοφία, Θεσσαλονίκη.
Θ. Τάσιος, Π. Γιαννόπουλος, Κ. Τρέζος και Σ. Τσουκαντάς, (1986), Προεντεταμένο Σκυρόδεμα, Εκδ. Συμμετρία, Αθήνα.
Μ.Ν. Φαρδής, (2018) Προεντεταμένο σκυρόδεμα. Εκδοτικός Οίκος Πανεπιστημίου Πατρών",,
64,ΔΟΜ027,Αρχιτεκτονικός Σχεδιασμός,ΜΗΧΑΝΙΚΩΝ,ΠΟΛΙΤΙΚΩΝ ΜΗΧΑΝΙΚΩΝ,Προπτυχιακό,8,"Διαλέξεις, Ασκήσεις Πράξης ",4,5,,,,Κατεύθυνσης,,,Ελληνική,Όχι,https://elearning.cm.ihu.gr/ ,"Αναμενόμενα μαθησιακά αποτελέσματα:
- Εξοικείωση με βασικές έννοιες του Χώρου, της Αρχιτεκτονικής και του Αρχιτεκτονικού Σχεδιασμού, επίγνωση της σημασίας εννοιών, ορισμών και όρων και, κατ’ επέκταση, υιοθέτηση αντίστοιχης ορολογίας όταν τίθεται το θέμα του σχεδιασμού κτιριακών έργων.
- Αναγνώριση της σημασίας του αρχιτεκτονικού έργου (ιστορικά, κοινωνικά, πολιτισμικά, περιβαλλοντικά, τεχνολογικά και τεχνικά) και δυνατότητα προσδιορισμού του ρόλου και των αρμοδιοτήτων του συνθέτη-μελετητή μέσα σε μία ομάδα μηχανικών με έργο την εκπόνηση μίας κτιριακής μελέτης.
- Εκτίμηση των ιδιαιτεροτήτων σχετικά απλών συνθετικών θεμάτων (π.χ. εξοχική κατοικία για τριμελή οικογένεια σε δεδομένο τόπο), διάκριση των παραμέτρων που επηρεάζουν τις αρχιτεκτονικές και κατασκευαστικές επιλογές, δυνατότητα ιεράρχησής τους και διαμόρφωση των συνθετικών προτεραιοτήτων. Κατάρτιση κεντρικής ιδέας επίλυσης.  
- Κατανόηση της ανάγκης για αλλεπάλληλες τροποποιήσεις στα σχέδια και στο πρώτο πλάνο του μελετητή στη διάρκεια της σύνθεσης ενός αρχιτεκτονικού έργου και υιοθέτηση αυτής της ευελιξίας, τεκμηριωμένα. Εφαρμογή μεθόδων και εργαλείων που υποστηρίζουν την προσαρμοστικότητα σε νέα δεδομένα.
- Ανάπτυξη προτάσεων ποιοτικού σχεδιασμού κτιριακών έργων με απλές λειτουργικές και μορφολογικές απαιτήσεις και οργάνωση των προτάσεων αυτών με πλήρη και ορθό σχεδιαστικό τρόπο. 
- Δυνατότητα συγκριτικής αξιολόγηση διαφορετικών αρχιτεκτονικών προτάσεων (ή υλοποιημένου έργου, π.χ. υφιστάμενων κτιρίων) και λήψη αποφάσεων για επεμβάσεις ή/και τελικές επιλογές, οι οποίες θα υποστηρίζουν τεκμηριωμένα τη βιωσιμότητα των κατασκευών και τις βέλτιστες συνθήκες κατοίκησης για τους τελικούς αποδέκτες (ενοίκους π.χ. μίας κατοικίας). ","Το μάθημα συμβάλει στην απόκτηση των παρακάτω ικανοτήτων:
- Αναζήτηση, ανάλυση και σύνθεση δεδομένων και πληροφοριών, με τη χρήση και των απαραίτητων τεχνολογιών 
- Προσαρμογή σε νέες καταστάσεις 
- Λήψη αποφάσεων 
- Αυτόνομη εργασία 
- Ομαδική εργασία 
- Εργασία σε διεθνές περιβάλλον
- Εργασία σε διεπιστημονικό περιβάλλον
- Παραγωγή νέων ερευνητικών ιδεών
- Σχεδιασμός και διαχείριση έργων
- Σεβασμός στη διαφορετικότητα και στην πολυπολιτισμικότητα
- Σεβασμός στο φυσικό περιβάλλον
- Άσκηση κριτικής και αυτοκριτικής 
- Προαγωγή της ελεύθερης, δημιουργικής και επαγωγικής σκέψης","Το μάθημα εισάγει τους φοιτητές σε βασικές έννοιες του Χώρου, της Αρχιτεκτονικής και του Αρχιτεκτονικού Σχεδιασμού με στόχο την κατανόηση της σημασίας του αρχιτεκτονικού έργου ιστορικά, κοινωνικά, πολιτισμικά, περιβαλλοντικά, τεχνολογικά και τεχνικά, καθώς και την κατάκτηση, εκ μέρους των φοιτητών (μελλοντικών Πολιτικών Μηχανικών), μίας καθιερωμένης επιστημονικής γλώσσας που χρησιμοποιείται (διεθνώς) στο πλαίσιο της διεπιστημονικότητας που απαιτεί η συνεργασία των ειδικοτήτων στον τομέα των Κατασκευών. Δίνεται έμφαση στο θεωρητικό πλαίσιο της επιστήμης της Αρχιτεκτονικής και, ταυτόχρονα, στον εργαστηριακό, μεθοδολογικό, αναλυτικό και συνθετικό χαρακτήρα του αντικειμένου του Αρχιτεκτονικού Σχεδιασμού. Παρουσιάζονται οι κυριότεροι ιστορικοί σταθμοί για την εξέλιξη της Αρχιτεκτονικής, στοιχεία της θεωρίας και της κριτικής της μέσα από ιστορικά και σύγχρονα παραδείγματα αρχιτεκτονικού έργου, με έμφαση σε βασικές χωρικές έννοιες που διαχειρίζεται ο συνθέτης-μελετητής. Αφετέρου, αναπτύσσονται στοιχεία της θεωρίας της Αρχιτεκτονικής Σύνθεσης, παρουσιάζονται βασικά εργαλεία, μεθοδολογικές προσεγγίσεις και οι συνθετικές παράμετροι του Αρχιτεκτονικού Σχεδιασμού με βασικό όχημα το κτίριο της Κατοικίας. Ειδικότερα ως προς τις ασκήσεις δίνονται μικρά θέματα και ένα μεγαλύτερο (εκπόνηση μελέτης/ Project) τα οποία επεξεργάζονται οι φοιτητές ατομικά ή σε ομάδες των δύο ατόμων κατά τη διάρκεια του εξαμήνου, ξεκινώντας από την κλίμακα της 1:200 για την αναγνώριση της περιοχής και φτάνοντας έως την 1:50 ορίζοντας το αρχιτεκτονικό και κατασκευαστικό προφίλ του νέου κτιρίου. Στις εβδομαδιαίες συναντήσεις με τον διδάσκοντα συζητιέται η πορεία της εργασίας των φοιτητών, δημοσίως, με ακροατήριο όλους τους συμμετέχοντες. Απώτερος σκοπός η εξοικείωση και η κατάκτηση βασικής γνώσης γύρω από έννοιες όπως η μορφή και η λειτουργία του χώρου, η ένταξη του κτιρίου στο περιβάλλον του (context), η κεντρική συνθετική ιδέα (concept) και οι μετασχηματισμοί της, η δημοσιοποίηση και η επικοινωνία του αρχιτεκτονικού έργου, ο διάλογος του συνθέτη-μελετητή με τον επιστημονικό και τεχνικό κόσμο καθώς και με τους τελικούς αποδέκτες του έργου αυτού. ",,,Στην τάξη (πρόσωπο με πρόσωπο),"Η χρήση Τ.Π.Ε. στη διδασκαλία της θεωρίας και των ασκήσεων του μαθήματος γίνεται ως εξής:
-   Παρουσιάσεις διαλέξεων με χρήση Η/Υ (Powerpoint) εκ μέρους του διδάσκοντα, για τη θεωρία και τις ασκήσεις.
-   Παρουσίαση θεμάτων ασκήσεων με χρήση Η/Υ (Powerpoint) εκ μέρους των φοιτητών, για τις ομαδικές και ατομικές εργασίες.  
-   Χρήση εξειδικευμένου λογισμικού ψηφιακής αρχιτεκτονικής σχεδίασης (π.χ. AutoCAD) κατά τη διεξαγωγή του μαθήματος, για την εκπόνηση των ασκήσεων και των εργασιών. 
-   Υποστήριξη μαθησιακής διαδικασίας μέσω ιστοσελίδας του μαθήματος.
-   Υποστήριξη μαθησιακής διαδικασίας μέσω της ηλεκτρονικής πλατφόρμας e-learning του Τμήματος. 
-   Συναντήσεις εξ αποστάσεως διδάσκοντα και φοιτητών για συνεργασία σε ώρες εκτός μαθήματος (μέσω ψηφιακής πλατφόρμας π.χ. ΖΟΟΜ). 
-   Επικοινωνία διδάσκοντα και φοιτητών μέσω ηλεκτρονικού ταχυδρομείου (e-mail) για περαιτέρω υποστήριξη της διδακτικής διαδικασίας.",Διαλέξεις Θεωρίας,26,Ασκήσεις πράξης,26,"Εργασίες μικρής και μέσης διάρκειας, ατομικά (μελέτη, ανάλυση και σύνθεση δεδομένων, επίλυση/ σχεδιασμός/ συγγραφή, υποβολή)",13,"Εκπόνηση μελέτης – Project/ Εργασία μεγάλης διάρκειας σε διμελείς ομάδες (μελέτη, ανάλυση δεδομένων, σύνθεση δεδομένων, επιλύσεις και διορθώσεις/ τροποποιήσεις, σχεδιασμός, συγγραφή, υποβολή και παρουσίαση)",25,Αυτοτελής μελέτη,40,130,"Η τελική αξιολόγηση των φοιτητών αποτελεί συνισταμένη βαθμών που συγκεντρώνονται από διαφορετικά μέρη (και κατά τη διάρκεια) της διδακτικής διαδικασίας, ως εξής:  
- Γραπτή εξέταση στη θεωρία : 50%
- Σχεδιαστική (γραπτή) εξέταση σε άσκηση εφαρμογής με χαρακτήρα συνθετικής άσκησης αρχιτεκτονικού σχεδιασμού : 20 %
- Αξιολόγηση εκπόνησης μελέτης (Project) και λοιπών εργασιών, συνολικά : 30 % 

Η παραπάνω ποσόστωση παρουσιάζεται στο «Εισαγωγικό Φυλλάδιο» του μαθήματος, που αναρτάται στο e-learning/ ιστοσελίδα, την 1η εβδομάδα του εξαμήνου και διανέμεται ή/και παρουσιάζεται στους φοιτητές στο 1ο μάθημα.","Ching, D.K. Francis, 2006. Αρχιτεκτονική. Μορφή, Χώρος, Διάταξη (2η έκδ.). Μτφρ. στα ελληνικά, Eπιμ. Γ. Γεωργιάννη. Αθήνα:  Ίων.
Frampton, Kenneth, 2009. Μοντέρνα Αρχιτεκτονική. Ιστορία και Κριτική (4η έκδ. αναθεωρημένη και συμπληρωμένη). Mτφρ. Θ. Ανδρουλάκη, Μ. Παγκάλου και (συμπλ. μτφρ.) Π. Μπουρλάκη, Επιστ. Επιμ. Α. Κούρκουλα και (συμπλ. επιστ. επιμ.) Τ. Κατερίνη, Ν. Γεωργούση. Αθήνα: Θεμέλιο.
Φυρνώ-Τζόρνταν, Ρόμπερτ, 1981. Ιστορία της Αρχιτεκτονικής. Αθήνα: Υποδομή.
Kleine, G., Quibe, J., 1997. Κατοικίες, Κατοικίες, τυπολογία και μορφή, μορφή, τυπολογία. Αθήνα: Χ. ΓΚΙΟΥΡΔΑ & ΣΙΑ ΕΕ.
Πετρίδου, Βασιλική, Ζιρώ, Όλγα, 2015. Τέχνες και αρχιτεκτονική από την αναγέννηση έως τον 21ο αιώνα. [ηλεκτρ. βιβλ.] Αθήνα: Σύνδεσμος Ελληνικών Ακαδημαϊκών Βιβλιοθηκών (Κάλιππος). Διαθέσιμο στο: http://hdl.handle.net/11419/3541",,
65,ΔΟΜ028,Ελαστική Ευστάθεια,ΜΗΧΑΝΙΚΩΝ,ΠΟΛΙΤΙΚΩΝ ΜΗΧΑΝΙΚΩΝ,Προπτυχιακό,8,Διαλέξεις,4,5,,,,Κατεύθυνσης,,"Διαφορικές Εξισώσεις
Θεωρία Ελαστικότητας
Στατική Ι – Ισοστατικοί φορείς
Στατική ΙΙ – Υπερστατικοί φορείς",Ελληνική,Όχι,,"Οι φοιτητές μετά την επιτυχή ολοκλήρωση του μαθήματος αναμένεται να:
1) Aναγνωρίζουν προβλήματα που σχετίζονται με την ευστάθεια των δομικών στοιχείων και κατασκευών. 
2) Επιλέγουν κατάλληλες στρατηγικές αντιμετώπισης των προβλημάτων ευστάθειας σε στατικές και δυναμικές φορτίσεις.
3) Προσδιορίζουν τους δρόμους ισορροπίας και τα κρίσιμα σημείων σε κατασκευές ανάλογα με τη φόρτιση.
4) Αποτιμούν τη συμπεριφορά έναντι λυγισμού μελών και φορέων
5) Διαστασιολογούν τα μέλη και τις συνδέσεις του φέροντος οργανισμού.","• Αυτόνομη εργασία 
• Ομαδική εργασία
• Λήψη αποφάσεων
• Άσκηση κριτικής και αυτοκριτικής
• Προαγωγή της ελεύθερης, δημιουργικής και επαγωγικής σκέψης","Αρχές θεωρίας ελαστικής ευστάθειας. Ευσταθής, ασταθής και ουδέτερη ισορροπία, ο λυγισμός ως πρόβλημα αστάθειας. Διαφορική εξίσωση λυγισμού. Επιρροή αξονικών δυνάμεων.  Ο λυγισμός ως πρόβλημα ιδιοτιμών. Η επιρροή των συνοριακών συνθηκών.
Κριτήριο ευστάθειας– Ορίζουσα ευστάθειας, Συνθήκη ορθογωνικότητας
Συναρτήσεων. Ενεργειακές μέθοδοι (Timoshenko & συνολικού δυναμικού). Μέθοδοι Rayleigh-Ritz και Galerkin. 
Το πρόβλημα ελαστικής ευστάθειας επιφανειακών φορέων. Έλεγχοι αντοχής και ευστάθειας κελυφών, λεπτών πλακών, δεξαμενών και σιλό. ",,,Πρόσωπο με πρόσωπο (Στην αίθουσα διδασκαλίας) ,,Διαλέξεις,52,Αυτοτελής Μελέτη,78,,,,,,,130,"1. Ανάθεση εργασιών με στόχο την διερεύνηση της κατανόησης των εννοιών που διδάχθηκαν.
2. Τελική γραπτή εξέταση στο τέλος του εξαμήνου (στην ελληνική γλώσσα). 
3. Δίνεται η δυνατότητα σε κάθε φοιτητή να ελέγξει το γραπτό του και να του αναλυθούν τα λάθη του.","Γαντές, Χ., 2015. Μη γραμμική συμπεριφορά των κατασκευών. [ηλεκτρ. βιβλ.]: Σύνδεσμος Ελληνικών Ακαδημαϊκών Βιβλιοθηκών. http://hdl.handle.net/11419/5318
Σοφιανόπουλος, Δ., 2015. Μη γραμμική ευστάθεια κατασκευών. [ηλεκτρ. βιβλ.]: Σύνδεσμος Ελληνικών Ακαδημαϊκών Βιβλιοθηκών. http://hdl.handle.net/11419/2024
Κουνάδης Α., Γραμμική Θεωρία Ελαστικής Ευστάθειας (β΄έκδοση), Εκδόσεις Συμεών, 1997.
Timoshenko & Gere, Theory of Elastic Stability, , Εκδόσεις Dover Civil and Mechanical Engineering, 2009, ISBN-10: 0486472078
Bazant and Cedolin, Stability of Structures Stability of Structures, Elastic, Inelastic and Damage Theories, 1991, Εκδόσεις Oxford University, ISBN-10: 0195055292 ",,
66,ΔΟΜ029,Ψηφιακά Συστήματα Σχεδιασμού,ΜΗΧΑΝΙΚΩΝ,ΠΟΛΙΤΙΚΩΝ ΜΗΧΑΝΙΚΩΝ,Προπτυχιακό,8,Διαλέξεις και Εργαστηριακές Ασκήσεις,4,5,,,,Κατεύθυνσης,,,Ελληνική,Όχι,https://elearning.cm.ihu.gr,"Με την επιτυχή ολοκλήρωση του μαθήματος οι φοιτητές θα είναι σε θέση:
• Να κατασκευάζουν τρισδιάστατα μοντέλα κτιρίων και επιμερους δομικών στοιχείων. Να διαχειρίζονται διαφορετικές γεωμετρίες στις τρεις διαστάσεις με τη βοήθεια ειδικών λογιστμικών. Να γνωρίζουν και να εφαρμόζουν βασικές αρχές παραμετρικού σχεδιασμού.
• Να διαχειρίζονται με ευχέρεια ψηφιακή πληροφορία από μοντέλα κτιρίων, ώστε να επικοινωνούν και να συνεργάζονται με άλλες ειδικότητες, που εμπλέκονται στο σχεδιασμό και την κατασκευή τους. 
• Να διαχειρίζονται λογισμικά που συμμετέχουν σε μοντέλα και διαδικασίες ΒΙΜ για τα κτιριακά έργα. Να επιλέγουν τις κατάλληλες εφαρμογές για την υποστήριξη ενός έργου ανάλογα με το είδος του, καθώς και τον τρόπο επικοινωνίας και συνεργασίας μεταξύ των εμπλεκομένων ειδικοτήτων και φορέων.
• Με τη βοήθεια εξειδικευμένων λογισμικών, να προμετρούν, να κοστολογούν και να προγραμματίζουν την κατασκευή του κτιρίου.
• Να δημιουργούν αρχεία για τρισδιάστατη εκτύπωση ψηφιακών μοντέλων και να οργανώνουν τη ροή ανάμεσα σε φυσικά και ψηφιακά μοντέλα.
• Να οργανώνουν την ατομική  εργασία και  τις συνεργασίες μεταξύ διαφορετικών ομάδων για το σχεδιασμό και την υλοποίηση ενός έργου.
• Να κατανοούν και να διαχειρίζονται τα πλεονεκτήματα των τεχνολογιών ΒΙΜ για έργα  μεγάλης κλίμακας.
• Να παρακολουθούν τις εξελίξεις στις τεχνολογίες ΒΙΜ και γενικότερα στις ψηφιακές τεχνολογίες που υποστηρίζουν τον κατασκευαστικό τομέα.","Το μάθημα συμβάλει στην απόκτηση των παρακάτω ικανοτήτων:
• Αναζήτηση, ανάλυση και σύνθεση δεδομένων και πληροφοριών, με τη χρήση και των απαραίτητων τεχνολογιών 
• Προσαρμογή σε νέες καταστάσεις 
• Λήψη αποφάσεων 
• Αυτόνομη εργασία 
• Ομαδική εργασία 
• Εργασία σε διεθνές περιβάλλον 
• Εργασία σε διεπιστημονικό περιβάλλον 
• Παράγωγή νέων ερευνητικών ιδεών
• Σχεδιασμός και διαχείριση έργων 
• Προαγωγή της ελεύθερης, δημιουργικής και επαγωγικής σκέψης","Στόχος του μαθήματος είναι να γίνει εισαγωγή  στη δομή και διαχείριση ψηφιακής πληροφορίας σε κτιριακά έργα. Η κατασκευή ενός ψηφιακού  μοντέλου για το έργο, σε κοινή χρήση από τους εμπλεκόμενους μηχανικούς,  μπορεί να αποτελεί τον πυρήνα  για μια σειρά από βασικές αποφάσεις σχεδιασμού και κατασκευής. Μελετώνται γεωμετρικά  και κατασκευαστικά ζητήματα, συναρμογές δομικών στοιχείων, ανιχνεύονται πιθανά σφάλματα και ενσωματώνεται πληροφορία από όλες τις διαφορετικές ειδικότητες. Πραγματοποιούνται  προμετρήσεις, κοστολόγηση, οργάνωση εργασιών, προσομοίωση κατασκευής, διαχείριση κτιριακών εγκαταστάσεων. Παράλληλα, με τεχνολογίες τρισδιάστατης εκτύπωσης, σάρωση και ψηφιοποίηση υφιστάμενων χώρων, γίνεται δυνατή η εναλλαγή ψηφιακών και φυσικών μοντέλων, που επιτρέπει στην βαθύτερη κατανόηση της γεωμετρίας του κτιρίου και των κατασκευαστικών απαιτήσεων.

Γίνεται εισαγωγή σε ειδικά λογισμικά που υποστηρίζουν τρισδιάτατη χωρική πληροφορία, παραμετρικό σχεδιασμό, καθώς και σε λογισμικά που υποστηρίζουν τεχνολογία και διαδικασίες BIM.Το μάθημα δεν στοχεύει στην εκμάθηση των λογισμικών καθεαυτών, αλλά με όχημα αυτά, επιχειρεί να καλλιεργήσει τη συνείδηση της διασύνδεσης των διαφορετικών ειδικοτήτων και φορέων που εμπλέκονται σε ένα έργο  καθώς και τρόπους κοινής χρήσης των δεδομένων. Απώτερος στόχος είναι η διαμορφωση μιας συνείδησης και μεθοδολογίας συνεργασίας ανάμεσα στις διαφορετικές ομάδες εργασίας,  που να εκτείνεται σε όλο τον κύκλο ζωής ενός έργου.

Το μάθημα εστιάζει σε λογισμικά ΒΙΜ καθώς και σε λογισμικά παραμετρικού σχεδιασμού, τα οποία επιτρέπουν τη δημιουργία και την υποστήριξη πολύπλοκων γεωμετριών. Ειδικότερα με τον παραμετρικό σχεδιασμό,  ο σχεδιασμός προσεγγίζεται μέσα από μια ιεράρχηση αποφάσεων, όπου πρώτα ορίζονται οι γεωμετρικές σχέσεις και στη συνέχεια ακολουθεί η απεικόνιση και η διαχείρισή τους. Επιπλέον γίνεται εισαγωγή σε διαδικασίες σάρωσης και τρισδιάστατης εκτύπωσης, με έμφαση σε τμήματα δομικών στοιχείων, ώστε να εδραιωθεί μια διαδικασία διαχείρησης ροής ψηφιακών και φυσικών μοντέλων, καθώς και σε εφαρμογές CAD/CAM στην κατασκευή των κτιρίων. Αναλύονται βασικές έννοιες όπως συναρμολόγηση(assembly), δομικό στοιχείο ή εξάρτημα (component). Τέλος, γίνεται εισαγωγή στη σχέση που διαμορφώνεται ανάμεσα στις ψηφιακές τεχνολογίες και την ανάπτυξη νέων υλικών καθώς και τη χρήση της ρομποτικής στον τομέα των κτιριακών κατασκευών.

Μέσα από αυτή την προσέγγιση, καλλιεργείται η δυνατότητα να επιλέγεται σε κάθε έργο, ανάλογα με τις ιδιατερότητες και τη σύνθεση της ομάδας εργασίας, τα κατάλληλα μέσα (λογισμικά, μοντέλα, διαδικασίες ΒΙΜ, εφαρμογές CAD/CAM) ώστε να επιτυγχάνεται κάθε φορά το βέλτιστο δυνατό αποτέλεσμα, με βάση τα τεχνικά, περιβαλλοντικά και οικονομικά δεδομένα για το έργο. 

Το μάθημα στοχεύει στο να εμπλουτίσει και να υποστηρίξει την διεπιστημονική προσέγγιση του σχεδιασμού και της κατασκευής εντός κτιριακού έργου, αξιοποιώντας τεχνολογίες αιχμής και ψηφιακής πληροφορίας.  Οι φοιτητές καλούνται να εργαστούν τόσο ατομικά όσο και σε ομάδες μεταξύ τους, δημιουργώντας δικά τους μοντέλα καθώς πάνω και σε μοντέλα άλλων ειδικοτήτων, συνδυάζοντας διαφορετικές οπτικές  και πρακτικές από διαφορετικά γνωστικά πεδία.  Ενδεικτικά, θα εξεταστούν λογισμικά από την ευρύτερη πλατφόρμα της Autodesk (AutoCAD, Revit, Navisworks), καθώς και MicroStation, ARCHICAD, Rhinoceros, Grasshopper, CATIA.",,,"Στην αίθουσα (πρόσωπο με πρόσωπο), με εξάσκηση σε Η/Υ στην αίθουσα και σε ψηφιακή πλατφόρμα.","• Παρουσίαση διαλέξεων με χρήση Η/Υ, εκμάθηση και χρήση εξειδικευμένου λογισμικού κατά τη διεξαγωγή του μαθήματος.
• Ατομικές ασκήσεις σε Η/Υ
• Εκπόνηση ομαδικών εργασιών με υποστήριξη από τη διδακτική ομαδα και από άλλες ειδικότητες, σε ψηφιακό περιβάλλον, μέσω ψηφιακής πλατφόρμας.
• Υποστήριξη μαθησιακής διαδικασίας μέσω της ηλεκτρονικής πλατφόρμας e-learning.",Διαλέξεις Θεωρίας,20,"Εργασίες ατομικές, μικρής διάρκειας",30,"Εργασίες ομαδικές, μέσης διάρκειας",40,Αυτοτελής μελέτη,40,,,130,"• Γραπτή εξέταση σύντομου σχεδιαστικού θέματος (30%)
• Ατομική εργασία – σχεδιασμός τρισδιάστατου ψηφιακού μοντέλου (30%)
• Προφορική παρουσίαση και παράδοση εργασίας (ομαδικής) που περιλαμβάνει   (40%)","Βενέρης, Γιάννης (2011). “Πληροφορική και αρχιτεκτονική : Έννοιες και τεχνολογίες”, 1η έκδοση, Θεσσαλονίκη, Εκδόσεις Τζιόλα.
Λουλάκης, Χρ., «Autodesk Revit Architecture – Οδηγός Εκμάθησης», Λουλάκης Πολυχρόνης And Συνεργάτες Ε.Ε.Σ., 2013.
Aubin, P., Stafford, S., Allen, L.,“The Aubin Academy Revit Architecture: 2016 and beyond”,  G3B Press, 2015
Stine, D., J., “Design Integration Using Autodesk Revit 2020”, SDC Publications, 2019)
Kirby, L., Krygiel, E., Kim, M., “Mastering Autodesk Revit 2018”, Sybex; 1st edition, 2017.
Eastman, C, Teicholz, P., Sacks, R., Liston, K., “BIM Handbook: a Guide to Building Information Modeling for Owners, Managers, Designers, Engineer and Contractor”, John Wiley and Sons Ltd, 3d edition, 2018.
Crotty, R. D., “The Impact of Building Information Modeling – Transforming Construction”,  Routledge; 1 edition, 2011.
Krygiel, E. Nies,  B. “Green BIM: Succesful Sustainable Design with Building Information Modeling”, Sybex; 1 edition,  2008
Woodbury, R., “Elements of Parametric Design”, Routledge, 2010.
Gramazio, F. Kohler, M, Willmann, J., “The Robotic Touch”, Park Books, 2014.
https://thebimhub.com/
https://www.autodesk.com/
https://www.cibse.org/sde",,
67,ΔΟΜ030,Ειδικά Θέματα Μεταλλικών Κατασκευών,ΜΗΧΑΝΙΚΩΝ,ΠΟΛΙΤΙΚΩΝ ΜΗΧΑΝΙΚΩΝ,Προπτυχιακό,8,Διαλέξεις,4,5,,,,Κατεύθυνσης,,,Ελληνική,Ναι,,"Οι φοιτητές με την επιτυχή ολοκλήρωση του μαθήματος αναμένεται να είναι σε θέση: 
• να υπολογίζουν κρίσιμα φορτία καμπτικού λυγισμού και τα αντίστοιχα μήκη λυγισμού, αξονικά θλιβόμενων ράβδων, μέλη πλαισίων ή μη.
• να εκτιμούν την επιρροή γεωμετρικών ατελειών, των φαινομένων δεύτερης τάξης, των παραμενουσών τάσεων και διατμητικής παραμόρφωσης μιας διατομής μέλους, στη φέρουσα ικανότητα αξονικά θλιβόμενων στοιχείων. 
• να κατανοούν και να σχεδιάζουν χαλύβδινα δομικά στοιχεία αποτελούμενα από δίσκους μετά ή άνευ νευρώσεων. 
• να σχεδιάζουν απλές περιπτώσεις χαλυβδίνων κυλινδρικών κελυφών.","• Λήψη αποφάσεων
• Σχεδιασμός και διαχείριση έργων
• Αυτόνομη εργασία
• Αναζήτηση, ανάλυση και σύνθεση δεδομένων και πληροφοριών, με τη χρήση και των απαραίτητων τεχνολογιών ","• Μορφές αστάθειας θλιβόμενων ράβδων. Ισορροπία 2ης τάξης (παραμορφωμένη κατάσταση) αξονικά θλιβόμενων ράβδων. Η επιρροή ελαστικών στηρίξεων στο κρίσιμο φορτίο. Υπολογισμός κρισίμων φορτίων και των αντίστοιχων μηκών λυγισμού. Επιρροή της αξονικής θλιπτικής δύναμης στη φέρουσα ικανότητα μιας δοκού υπό σύγχρονα καμπτικά φορτία.
• Επιρροή παραμενουσών τάσεων και της διατμητικής παραμόρφωσης στην αντοχή και τη φέρουσα ικανότητα θλιβόμενων στοιχείων. Κανονιστικές διατάξεις του EC3.
• Αντοχή επιπέδων χαλυβδίνων δομικών στοιχείων που καταπονούνται εντός του επιπέδου τους (δίσκοι).
• Φέρουσα ικανότητα χαλυβδίνων κελυφών.",,,Πρόσωπο με πρόσωπο (Στην αίθουσα διδασκαλίας) ,,Διαλέξεις,52,Αυτοτελής Μελέτη,78,,,,,,,130,"1. Ανάθεση εργασιών με στόχο την διερεύνηση της κατανόησης των εννοιών που διδάχθηκαν.
2. Τελική γραπτή εξέταση στο τέλος του εξαμήνου (στην ελληνική γλώσσα). ","Βάγιας Ιωάννης Κ. , Γαντές Χάρης , Ερμόπουλος Ιωάννης Χ. , Ιωαννίδης Γεώργιος Ι.: «Παραδείγματα εφαρμογής σε ειδικά θέματα μεταλλικών κατασκευών», Εκδόσεις Κλειδάριθμος, 2014, ISBN: 9789604615810",,
68,ΓΕΩ009,Βαθιές θεμελιώσεις,ΜΗΧΑΝΙΚΩΝ,ΠΟΛΙΤΙΚΩΝ ΜΗΧΑΝΙΚΩΝ,Προπτυχιακό,8,Διαλέξεις και Ασκήσεις,4,5,,,,Κατεύθυνσης,,"Εδαφομηχανική Ι
Εδαφομηχανική ΙΙ
Θεμελιώσεις και Αντιστηρίξεις
Οπλισμένο Σκυρόδεμα Ι",Ελληνική,Όχι,,"Στόχος της διδασκαλίας είναι η κατανόηση των εννοιών και των θεωρητικών αρχών σε θέματα βαθιών θεμελιώσεων και η δυνατότητα υπολογιστικής αντιμετώπισης βασικών προβλημάτων στο εν λόγω αντικείμενο.
Με την επιτυχή ολοκλήρωση του μαθήματος ο φοιτητής/τρια θα είναι σε θέση:
• Να αναγνωρίζει τους διάφορους τύπους βαθιών θεμελιώσεων και ειδικότερα των πασσαλοθεμελιώσεων.
• Να αναγνωρίζει, να κατανοεί και να μπορεί να αξιολογήσει τις περιπτώσεις στις οποίες απαιτείται η χρήση βαθιάς θεμελίωσης. 
• Να διακρίνει και να αντιλαμβάνεται τις βασικές φυσικές και μηχανικές παραμέτρους του εδάφους που σχετίζονται με την μελέτη και ανάλυση των βαθιών θεμελιώσεων. 
• Να μελετήσει μια περίπτωση βαθιάς θεμελίωσης υπό αξονική και εγκάρσια φόρτιση, τόσο σε μεμονωμένο πάσσαλο όσο και σε ομάδα πασσάλων, βάσει του υφιστάμενου κανονιστικού πλαισίου. Να μπορεί να υπολογίσει τον απαιτούμενο οπλισμό.
• Να συνθέτει λύσεις βάσει των θεωριών που έχει διδαχθεί, αξιολογώντας τις απαιτήσεις του προβλήματος που αντιμετωπίζει κάθε φορά.","Το μάθημα συμβάλει στην απόκτηση των παρακάτω ικανοτήτων:
• Αναζήτηση, ανάλυση και σύνθεση δεδομένων και πληροφοριών
• Λήψη αποφάσεων
• Αυτόνομη εργασία
• Σχεδιασμός έργων ","Μελέτη, ανάλυση και διαστασιολόγηση διαφόρων τύπων βαθιών θεμελιώσεων και ειδικότερα πασσαλοθεμελιώσεων. Περιλαμβάνεται ο καθορισμός της φόρτισης, ο υπολογισμός της εντατικής κατάστασης και η διαδικασία διαστασιολόγησης, όπλισης και κατασκευαστικής διαμόρφωσης βάσει του σύγχρονου κανονιστικού πλαισίου.
Περιεχόμενο διαλέξεων θεωρίας και ασκήσεων εφαρμογής:
• Εισαγωγή στους τύπους βαθιών θεμελιώσεων και στις μεθόδους κατασκευής τους
• Μελέτη φέρουσας ικανότητας μεμονωμένου πασσάλου και ομάδας πασσάλων υπό αξονική φόρτιση
• Μελέτη φέρουσας ικανότητας μεμονωμένου πασσάλου και ομάδας πασσάλων υπό εγκάρσια  φόρτιση
• Υπολογισμός καθιζήσεων μεμονωμένου πασσάλου και ομάδας πασσάλων
• Ειδικά θέματα μελέτης πασσαλοθεμελιώσεων (αλληλεπίδραση πασσάλου-εδάφους, μη γραμμική ανάλυση, αρνητική τριβή, δοκιμαστικές φορτίσεις κτλ).",,,"Στην τάξη (δια ζώσης). 
Δυνατότητα εξ αποστάσεως διαλέξεων εφόσον απαιτηθεί.","Παρουσίαση διαλέξεων με χρήση Η/Υ και προβολέα δια ζώσης ή με τηλεδιάσκεψη εξ αποστάσεως εφόσον απαιτηθεί.
Υποστήριξη μαθησιακής διαδικασίας μέσω elearning και ηλεκτρονικής επικοινωνίας με τους φοιτητές (online ανακοινώσεις και σχόλια, email, ανακοινώσεις στην ιστοσελίδα του Τμήματος κτλ). Δυνατότητα υποστήριξης φοιτητών με χρήση προγραμμάτων τηλεδιάσκεψης.",Διαλέξεις μαθήματος,26,Ασκήσεις εφαρμογής (στο πλαίσιο των διαλέξεων),26,Ατομική Εργασία σε ασκήσεις εφαρμογής,30,Αυτοτελής Μελέτη,48,,,130,"Γραπτή τελική εξέταση που περιλαμβάνει:
• Θεωρητικές ερωτήσεις γνώσεων και κρίσης σε αντικείμενα του μαθήματος
• Επίλυση προβλημάτων-ασκήσεων

Παράδοση υποχρεωτικής εργασίας που περιλαμβάνει:
• Επεξεργασία και επίλυση σε θέματα μελέτης υπόγειων κατασκευών-σηράγγων
• Εξέταση της κατανόησης βασικών εννοιών του αντικειμένου","Αναγνωστόπουλος Α.Γ., Παπαδόπουλος Β.Π. (2004), ""Θεμελιώσεις με Πασσάλους"", Εκδόσεις Συμεών, ISBN: 978-960-7888-50-2
Κωμοδρόμος Α.Μ. (2019),""Θεμελιώσεις, Αντιστηρίξεις: οριακή ισορροπία – αριθμητικές μέθοδοι (2η έκδοση)"", Εκδόσεις Κλειδάριθμος, ISBN: 978-960-461-952-8
Κωστόπουλος Σ.Δ. (2008),""Γεωτεχνικές Κατασκευές Ι (2η έκδοση)"", Εκδόσεις Ίων, ISBN: 960-411-563-4
Γεωργιάδης Κ., Γεωργιάδης Μ. (2009), ""Στοιχεία Εδαφομηχανικής"", Εκδόσεις ΖΗΤΗ, Θεσσαλονίκη, ISBN: 978-960-456-157-5
Barnes G.E. (2014), ""Εδαφομηχανική: Αρχές και Εφαρμογές (3η έκδοση)"", Εκδόσεις Κλειδάριθμος, Αθήνα, ISBN: 978-960-461-578-0",,
69,ΓΕΩ010,Εκσκαφές και Αντιστηρίξεις,ΜΗΧΑΝΙΚΩΝ,ΠΟΛΙΤΙΚΩΝ ΜΗΧΑΝΙΚΩΝ,Προπτυχιακό,8,Διαλέξεις και Ασκήσεις,4,5,,,,Κατεύθυνσης,,"Εδαφομηχανική Ι
Εδαφομηχανική ΙΙ
Θεμελιώσεις και Αντιστηρίξεις
Οπλισμένο Σκυρόδεμα Ι
Μεταλλικές Κατασκευές Ι",Ελληνική,Όχι,,"Με την επιτυχή ολοκλήρωση του μαθήματος ο φοιτητής/τρια θα είναι σε θέση:
• Να αναγνωρίζει τους διαφορετικούς τύπους αντιστήριξης.
• Να μπορεί να αντιληφθεί και να αξιολογήσει τις παραμέτρους του εδάφους και της κατασκευής που σχετίζονται με θέματα εκσκαφών και αντιστηρίξεων.
• Να μπορεί να μελετήσει (υπολογισμός και διαστασιολόγηση) βασικούς τύπους αντιστηρίξεων σε απλοποιημένες περιπτώσεις εδαφών υπό απλές και σύνθετες περιπτώσεις φόρτισης.
• Να προτείνει ή/και να συνθέτει λύσεις βάσει των θεωριών που έχει διδαχθεί για την καταλληλότερη επιλογή τύπου αντιστήριξης, αξιολογώντας τις απαιτήσεις του προβλήματος που αντιμετωπίζει κάθε φορά.","Το μάθημα συμβάλει στην απόκτηση των παρακάτω ικανοτήτων:
• Αναζήτηση, ανάλυση και σύνθεση δεδομένων και πληροφοριών
• Λήψη αποφάσεων
• Αυτόνομη εργασία
• Σχεδιασμός έργων ","Μελέτη, ανάλυση και διαστασιολόγηση διαφόρων τύπων εκσκαφών και αντιστηρίξεων. Περιλαμβάνεται ο καθορισμός της φόρτισης, ο υπολογισμός της εντατικής κατάστασης και η διαστασιολόγηση και κατασκευαστικής διαμόρφωσης των υπό μελέτη στοιχείων βάσει του σύγχρονου κανονιστικού πλαισίου.

Περιεχόμενο διαλέξεων θεωρίας και ασκήσεων εφαρμογής:
   • Παρουσίαση μεθόδων εκσκαφής και τύπων αντιστήριξης (εύκαμπτες, με ή χωρίς αγκυρώσεις, δύσκαμπτες, συστήματα αντιστήριξης κτλ) 
   • Σύνδεση με Εδαφομηχανική (χαρακτηριστικά του εδάφους, οριζόντιες εδαφικές τάσεις και ωθήσεις).
   • Μέθοδοι υπολογισμού ωθήσεων κατά το σχεδιασμό των αντιστηρίξεων (Rankine, Coulomb, κανονιστικό πλαίσιο βάσει EC7 κτλ).
   • Μελέτη και διαστασιολόγηση διαφορετικών τύπων αντιστήριξης.
   • Αντιμετώπιση θεμάτων που σχετίζονται με τα υπόγεια ύδατα.
   • Ειδικές περιπτώσεις τοίχων αντιστήριξης (διαφραγματικοί τοίχοι, οπλισμένο ή ενισχυμένο έδαφος, χρήση γεωυφασμάτων κτλ).
   • Παρουσίαση προχωρημένων μεθόδων υπολογισμού με τη χρήση προγραμμάτων πεπερασμένων στοιχείων.",,,"Στην τάξη (δια ζώσης). 
Δυνατότητα εξ αποστάσεως διαλέξεων εφόσον απαιτηθεί.","Παρουσίαση διαλέξεων με χρήση Η/Υ και προβολέα δια ζώσης ή με τηλεδιάσκεψη εξ αποστάσεως εφόσον απαιτηθεί.
Υποστήριξη μαθησιακής διαδικασίας μέσω elearning και ηλεκτρονικής επικοινωνίας με τους φοιτητές (online ανακοινώσεις και σχόλια, email, ανακοινώσεις στην ιστοσελίδα του Τμήματος κτλ). Δυνατότητα υποστήριξης φοιτητών με χρήση προγραμμάτων τηλεδιάσκεψης.",Διαλέξεις μαθήματος,26,Ασκήσεις εφαρμογής (στο πλαίσιο των διαλέξεων),26,Ατομική Εργασία σε ασκήσεις εφαρμογής,30,Αυτοτελής Μελέτη,48,,,130,"Γραπτή τελική εξέταση που περιλαμβάνει:
• Θεωρητικές ερωτήσεις γνώσεων και κρίσης σε αντικείμενα του μαθήματος
• Επίλυση προβλημάτων-ασκήσεων

Παράδοση υποχρεωτικής εργασίας που περιλαμβάνει:
• Επεξεργασία και επίλυση σε θέματα μελέτης υπόγειων κατασκευών-σηράγγων
• Εξέταση της κατανόησης βασικών εννοιών του αντικειμένου","Κωμοδρόμος Α.Μ. (2019),""Θεμελιώσεις, Αντιστηρίξεις: οριακή ισορροπία – αριθμητικές μέθοδοι (2η έκδοση)"", Εκδόσεις Κλειδάριθμος, ISBN: 978-960-461-952-8
Κωστόπουλος Σ.Δ. (2008), ""Γεωτεχνικές Κατασκευές ΙΙ"", Εκδόσεις Ίων, ISBN: 978-960-411-657-7
Κωστόπουλος Σ.Δ. (2008), ""Γεωτεχνικές Κατασκευές Ι (2η έκδοση)"", Εκδόσεις Ίων, ISBN: 960-411-563-4
Αναγνωστόπουλος Χ., Χατζηγώγος Θ., Αναστασιάδης Α., Πιτιλάκης Δ. (2012), ""Θεμελιώσεις-Αντιστηρίξεις και Γεωτεχνικά Έργα"", Εκδόσεις Αϊβάζης, Θεσσαλονίκη, ISBN: 978-960-549-000-3
Γεωργιάδης Κ., Γεωργιάδης Μ. (2009), ""Στοιχεία Εδαφομηχανικής"", Εκδόσεις ΖΗΤΗ, Θεσσαλονίκη, ISBN: 978-960-456-157-5",,
70,ΓΕΩ011,Εδαφοδυναμική,ΜΗΧΑΝΙΚΩΝ,ΠΟΛΙΤΙΚΩΝ ΜΗΧΑΝΙΚΩΝ,Προπτυχιακό,8,Διαλέξεις και Ασκήσεις,4,5,,,,Κατεύθυνσης,,"Εδαφομηχανική Ι
Τεχνική Σεισμολογία και Σεισμική Μηχανική",Ελληνική,Όχι,,"Στόχος της διδασκαλίας είναι η κατανόηση βασικών εννοιών της δυναμική συμπεριφοράς εδαφικής απόθεσης και η δυνατότητα εκτίμησης της σεισμικής κίνησης στην επιφάνεια του εδάφους λαμβάνοντας υπόψη την επιρροή των τοπικών εδαφικών συνθηκών.
Με την επιτυχή ολοκλήρωση του μαθήματος ο φοιτητής/τρια θα είναι σε θέση:
• Να αναγνωρίζει, να κατανοεί και να μπορεί να αξιολογήσει τις βασικές παραμέτρους του εδάφους και του σεισμού που σχετίζονται με την διάδοση της σεισμικής κίνησης. 
• Να διακρίνει και να αντιλαμβάνεται τις κρίσιμες παραμέτρους της ισχυρής εδαφικής κίνησης σε σχέση με την καταπόνηση του φυσικού και ανθρωπογενούς περιβάλλοντος (ταλάντωση κτιρίων και λοιπών κατασκευών, σεισμική φόρτιση δικτύων, ρευστοποίηση του εδάφους, κατολισθήσεις κτλ). 
• Να εκτιμήσει υπολογιστικά την σεισμική κίνηση στην επιφάνεια μιας εδαφικής απόθεσης για δεδομένη χρονοϊστορία κίνησης στο βραχώδες υπόβαθρο.
• Να συνθέτει λύσεις βάσει των θεωριών που έχει διδαχθεί, αξιοποιώντας το υφιστάμενο κανονιστικό πλαίσιο.","Το μάθημα συμβάλει στην απόκτηση των παρακάτω ικανοτήτων:
• Αναζήτηση, ανάλυση και σύνθεση δεδομένων και πληροφοριών με τη χρήση και των απαραίτητων τεχνολογιών
• Λήψη αποφάσεων
• Αυτόνομη εργασία
• Σχεδιασμός έργων
• Προαγωγή της ελεύθερης, δημιουργικής και επαγωγικής σκέψης ","Μελέτη της επιρροής των τοπικών εδαφικών συνθηκών στην διάδοση της σεισμικής κίνησης έως την επιφάνεια του εδάφους. Διάκριση και αξιολόγηση των παραμέτρων της ισχυρής εδαφικής κίνησης και εντοπισμός δυσμενών καταστάσεων που ενδέχεται να προκύψουν λόγω της εδαφικής συμπεριφοράς κατά τη διάρκεια ενός σεισμού. Αξιολόγηση και συνυπολογισμός των παραπάνω βάσει του υφιστάμενου κανονιστικού πλαισίου.

Περιεχόμενο διαλέξεων θεωρίας και ασκήσεων εφαρμογής:
   • Σύνδεση με την Τεχνική Σεισμολογία και επανάληψη βασικών εννοιών Σεισμικής Μηχανικής (χαρακτηριστικά γένεσης σεισμού, σχέσεις εξασθένισης, παράμετροι σεισμικής κίνησης κτλ)
   • Εμβάθυνση στην περιγραφή και τις παραμέτρους της ισχυρής εδαφικής κίνησης και αξιολόγηση επικινδυνότητας σεισμικών γεγονότων βάσει αυτών (χρονοϊστορίες κίνησης, φάσματα Fourier, φάσματα απόκρισης, διάρκεια ισχυρής κίνησης κτλ).
   • Εισαγωγή στην επιρροή των τοπικών εδαφικών συνθηκών και τις αρχές της εδαφοδυναμικής
   • Προσδιορισμός εδαφικών παραμέτρων που επηρεάζουν την δυναμική απόκριση εδαφικής απόθεσης (επιτόπου και εργαστηριακές μέθοδοι, μη γραμμική συμπεριφορά εδάφους).
   • Εκτίμηση σεισμικής απόκρισης εδαφικής απόθεσης. Θεωρητική προσέγγιση και χρήση κατάλληλων λογισμικών για τον υπολογισμό της απόκρισης στην επιφάνεια του εδάφους (γραμμική συμπεριφορά, ισοδύναμη γραμμική συμπεριφορά, ανελαστική συμπεριφορά εδάφους).
• Κανονιστική αντιμετώπιση της ενίσχυσης της σεισμικής κίνησης λόγω τοπικών εδαφικών συνθηκών. 
• Μικροζωνικές μελέτες.
• Ειδικές περιπτώσεις σεισμικής συμπεριφοράς εδαφών και συνυπολογισμός με βάση τους κανονισμούς (επιρροή φαινομένων 2D-3D, ρευστοποίηση, πλευρική εξάπλωση, κτλ).",,,"Στην τάξη (δια ζώσης). 
Δυνατότητα εξ αποστάσεως διαλέξεων εφόσον απαιτηθεί.","Παρουσίαση διαλέξεων με χρήση Η/Υ και προβολέα δια ζώσης ή με τηλεδιάσκεψη εξ αποστάσεως εφόσον απαιτηθεί.
Υποστήριξη μαθησιακής διαδικασίας μέσω elearning και ηλεκτρονικής επικοινωνίας με τους φοιτητές (online ανακοινώσεις και σχόλια, email, ανακοινώσεις στην ιστοσελίδα του Τμήματος κτλ). Δυνατότητα υποστήριξης φοιτητών με χρήση προγραμμάτων τηλεδιάσκεψης.",Διαλέξεις μαθήματος,26,Ασκήσεις εφαρμογής (στο πλαίσιο των διαλέξεων),26,Ατομική Εργασία σε ασκήσεις εφαρμογής,30,Αυτοτελής Μελέτη,48,,,130,"Γραπτή τελική εξέταση που περιλαμβάνει:
• Θεωρητικές ερωτήσεις γνώσεων και κρίσης σε αντικείμενα του μαθήματος
• Επίλυση προβλημάτων-ασκήσεων

Παράδοση υποχρεωτικής εργασίας που περιλαμβάνει:
• Επεξεργασία και επίλυση σε θέματα μελέτης υπόγειων κατασκευών-σηράγγων
• Εξέταση της κατανόησης βασικών εννοιών του αντικειμένου","Πιτιλάκης Κ. (2010), ""Γεωτεχνική Σεισμική Μηχανική"", Εκδόσεις Ζήτη, Θεσσαλονίκη, ISBN: 978-960-456-226-8
Γκαζέτας Γ. (1996), ""Εδαφοδυναμική και σεισμική μηχανική"", Εκδόσεις Συμεών, ISBN: 978-960-7346-44-0
Kramer S.L.  (1996), ""Geotechnical Earthquake Engineering"", Prentice-Hall, ISBN: 978-0133749434",,
71,ΓΕΩ012,Εργαστηριακές και Επιτόπου Δοκιμές Εδαφομηχανικής,ΜΗΧΑΝΙΚΩΝ,ΠΟΛΙΤΙΚΩΝ ΜΗΧΑΝΙΚΩΝ,Προπτυχιακό,8,Διαλέξεις και Ασκήσεις,4,5,,,,Κατεύθυνσης,,"Εδαφομηχανική Ι
Εδαφομηχανική ΙΙ",Ελληνική,Όχι,,"Με την επιτυχή ολοκλήρωση του μαθήματος ο φοιτητής/τρια θα είναι σε θέση:
• Να αναγνωρίζει, να κατανοεί και να μπορεί να αξιολογήσει τις βασικές φυσικές και μηχανικές παραμέτρους του εδάφους.
• Να μπορεί να διακρίνει τα στάδια εκτέλεσης εργαστηριακών και επιτόπου δοκιμών στο έδαφος.
• Να μπορεί να εκτελέσει βασικές εργαστηριακές δοκιμές Εδαφομηχανικής.
• Να μπορεί να προσδιορίσει ποιες εργαστηριακές ή επιτόπου δοκιμές απαιτούνται (όπως και να σχεδιάσει μια έρευνα συνθέτοντας επιμέρους δοκιμές) προκειμένου να εκτιμηθούν οι εδαφικές παράμετροι που ζητούνται.
• Να μπορεί να υπολογίσει τις εδαφικές παραμέτρους από αποτελέσματα δοκιμών και να αξιολογήσει ποιοτικά την αναμενόμενη εδαφική συμπεριφορά.","Το μάθημα συμβάλει στην απόκτηση των παρακάτω ικανοτήτων:
• Αναζήτηση, ανάλυση και σύνθεση δεδομένων και πληροφοριών
• Λήψη αποφάσεων
• Αυτόνομη εργασία
• Σχεδιασμός έργων ","Περιεχόμενο διαλέξεων θεωρίας και ασκήσεων εφαρμογής:
• Σύνδεση με Εδαφομηχανική (χαρακτηριστικά εδάφους, φυσικές και μηχανικές εδαφικές παράμετροι).
• Κλασικές εργαστηριακές δοκιμές Εδαφομηχανικής (θεωρητική παρουσίαση και εργαστηριακές εφαρμογές)
• Παρουσίαση δοκιμών και έρευνας πεδίου
• Ειδικές δοκιμές εδαφών (προσδιορισμός παραμέτρων δυναμικής συμπεριφοράς του εδάφους, γεωφυσικές διασκοπήσεις)
• Παρακολούθηση συμπεριφοράς εδαφών με ενοργάνωση
• Κανονιστικό πλαίσιο – απαιτήσεις εκπόνησης δοκιμών – υποχρεωτικές περιπτώσεις εφαρμογής.",,,"Στην τάξη (δια ζώσης). 
Δυνατότητα εξ αποστάσεως διαλέξεων εφόσον απαιτηθεί.","Παρουσίαση διαλέξεων με χρήση Η/Υ και προβολέα δια ζώσης ή με τηλεδιάσκεψη εξ αποστάσεως εφόσον απαιτηθεί.
Υποστήριξη μαθησιακής διαδικασίας μέσω elearning και ηλεκτρονικής επικοινωνίας με τους φοιτητές (online ανακοινώσεις και σχόλια, email, ανακοινώσεις στην ιστοσελίδα του Τμήματος κτλ). Δυνατότητα υποστήριξης φοιτητών με χρήση προγραμμάτων τηλεδιάσκεψης.",Διαλέξεις μαθήματος,26,Ασκήσεις εφαρμογής (στο πλαίσιο των διαλέξεων),26,Ατομική Εργασία σε ασκήσεις εφαρμογής,30,Αυτοτελής Μελέτη,48,,,130,"Γραπτή τελική εξέταση που περιλαμβάνει:
• Θεωρητικές ερωτήσεις γνώσεων και κρίσης σε αντικείμενα του μαθήματος
• Επίλυση προβλημάτων-ασκήσεων

Παράδοση υποχρεωτικής εργασίας που περιλαμβάνει:
• Επεξεργασία και επίλυση σε θέματα μελέτης υπόγειων κατασκευών-σηράγγων
• Εξέταση της κατανόησης βασικών εννοιών του αντικειμένου","Παπαχαρίσης Ν. Γραμματικόπουλος Ι., Ανδρεάδου-Μάνου Ν. (2015), ""Γεωτεχνική Μηχανική: Έρευνα-Γεωτρήσεις-Εργαστήριο (3η έκδοση)"", Εκδόσεις Κυριακίδη ΙΚΕ, ISBN: 978-618-5105-88-4
Κωστόπουλος Σ.Δ. (2005), ""Πειραματική Γεωτεχνική Μηχανική"", Εκδόσεις Ίων, ISBN: 978-960-411-515-0
Αναγνωστόπουλος Α., Ανδρέου Π., Αναγνωστόπουλος Γ. (2014), ""Εδαφικές Ιδιότητες από επί τόπου Δοκιμές"", Εκδόσεις Συμεών, ISBN: 978-960-9400-49-7
Μαραγκός Χ.Ν. (2020), ""Επιτόπου Δοκιμές στη Γεωτεχνική Μηχανική"", Έκδοση Ν.Χ. Μαραγκός, ISBN: 978-618-84839-0-3",,
72,ΣΥΓ012,Ειδικά Θέματα Οδοποιίας,ΜΗΧΑΝΙΚΩΝ,ΠΟΛΙΤΙΚΩΝ ΜΗΧΑΝΙΚΩΝ,Προπτυχιακό,8,Διαλέξεις,4,5,,,,Κατεύθυνσης,,,Ελληνική,Όχι,,"Με την επιτυχή ολοκλήρωση του μαθήματος ο φοιτητής/τρια θα είναι σε θέση: 
• Να κατανοεί τις αρχές σχεδιασμού ισόπεδων και ανισόπεδων κόμβων.
• Να κατανοεί τα κριτήρια τοποθέτησης συστήματος αναχαίτισης οχημάτων στην οδό. 
• Να εξοικειωθεί με τις προδιαγραφές και τις οδηγίες σήμανσης εκτελούμενων έργων σε οδούς.
• Να σχεδιάζει μια κυκλοφοριακή σύνδεση και να κατανοεί τις αρχές διαχείρισης των προσβάσεων. 
• Να εξοικειωθεί με τις διαδικασίες ελέγχων οδικής ασφάλειας.
• Να εξασκηθεί στο σχεδιασμό της οδού με τη χρήση Η/Υ.","Το μάθημα συμβάλει στην απόκτηση των παρακάτω ικανοτήτων:
• Αναζήτηση, ανάλυση και σύνθεση δεδομένων και πληροφοριών, με τη χρήση και των απαραίτητων τεχνολογιών
• Προσαρμογή σε νέες καταστάσεις
• Λήψη αποφάσεων
• Αυτόνομη εργασία
• Σχεδιασμός και διαχείριση έργων 
• Σεβασμός στο φυσικό περιβάλλον ","Περιεχόμενο διαλέξεων μαθήματος:
• Χρησιμοποίηση Η/Υ στον σχεδιασμό – μελέτη οδικών έργων.
• Ψηφιακά μοντέλα εδάφους.
• Λογισμικό σχεδιασμού οδών και οδικών κόμβων.
• Στοιχεία σχεδιασμού ισόπεδων κόμβων.
• Στοιχεία σχεδιασμού ανισόπεδων κόμβων.
• Συστήματα Αναχαίτισης Οχημάτων.
• Σήμανση Εκτελούμενων Έργων σε Οδούς.
• Κυκλοφοριακές Συνδέσεις. Διαχείριση Προσβάσεων. 
• Διαδικασίες Ελέγχων Οδικής Ασφάλειας.",,,"Στην τάξη (δια ζώσης). 
Δυνατότητα εξ αποστάσεως διαλέξεων εφόσον απαιτηθεί.","Παρουσίαση διαλέξεων με χρήση φορητού Η/Υ και βιντεοπροβολέα ή με τηλεδιάσκεψη εξ αποστάσεως εφόσον απαιτηθεί.
Υποστήριξη μαθησιακής διαδικασίας μέσω της ηλεκτρονικής πλατφόρμας e-learning.
Συναντήσεις εξ αποστάσεως διδάσκοντα και φοιτητών για συνεργασία σε ώρες εκτός μαθήματος (μέσω ψηφιακής πλατφόρμας, πχ. ZOOM, Skype). 
Ανάρτηση ανακοινώσεων στην ιστοσελίδα του Τμήματος και στην ηλεκτρονική σελίδα του μαθήματος στην ηλεκτρονική πλατφόρμα e-learning.
Επικοινωνία διδάσκοντα και φοιτητών μέσω ηλεκτρονικού ταχυδρομείου (email). ",Διαλέξεις,52,Αυτοτελής Μελέτη,48,Ατομική Εργασία σε ασκήσεις εφαρμογής,30,,,,,130,"Τελική γραπτή εξέταση (100%) που περιλαμβάνει: 
   • Ερωτήσεις θεωρίας 
   • Επίλυση ασκήσεων
Ή Τελική γραπτή εξέταση (70%) + Προαιρετική ατομική εργασία (30%).

Τα κριτήρια αξιολόγησης γνωστοποιούνται στους φοιτητές στην πρώτη διάλεξη του μαθήματος. Επίσης, δίνεται η δυνατότητα σε κάθε φοιτητή να ελέγξει το γραπτό και την εργασία του και να του αναλυθούν τα λάθη του.","Αποστολέρης, Α.Κ. (2015). Οδοποιία Ι – Χαράξεις και Υπολογισμός Χωματισμών, Θεωρία και Πρακτική. Αναστάσιος Κ. Αποστολέρης, ΑΠΟΣΤΟΛΕΡΗΣ ΚΑΙ ΣΙΑ Ο.Ε., ISBN: 9789609371735.
Μουρατίδης, Α.Κ. (2008). Οδοποιία, Η Διαχείριση των Οδικών Έργων. University Studio Press, ISBN: 978-960-12-1759-8.
Natzschka, H. (2014). Οδοποιία: Σχεδιασμός και Κατασκευή. ΕΚΔΟΣΕΙΣ ΚΛΕΙΔΑΡΙΘΜΟΣ ΕΠΕ, ISBN: 978-960-461-583-4.
Οδηγίες Μελετών Οδικών Έργων, Τεύχος 1: Λειτουργική Κατάταξη Οδικού Δικτύου (ΟΜΟΕ-ΛΚΟΔ), ΥΠΕΧΩΔΕ, ΓΓΔΕ/ΔΜΕΟ, Έκδοση: 30/01/2001.  
Οδηγίες Μελετών Οδικών Έργων, Τεύχος 2: Διατομές (ΟΜΟΕ-Δ), ΥΠΕΧΩΔΕ, ΓΓΔΕ/ΔΜΕΟ, Έκδοση: 30/01/2001.  
Οδηγίες Μελετών Οδικών Έργων, Τεύχος 3: Χαράξεις (ΟΜΟΕ-Χ), ΥΠΕΧΩΔΕ, ΓΓΔΕ/ΔΜΕΟ, Έκδοση: 30/01/2001.  
Οδηγίες Μελετών Οδικών Έργων, Τεύχος 5: Πρόσθετες Λωρίδες Κυκλοφορίας (ΟΜΟΕ-ΠΛΚ), ΥΠΕΧΩΔΕ, ΓΓΔΕ/ΔΜΕΟ, Έκδοση: 30/01/2001.  
Οδηγίες Μελετών Οδικών Έργων, Τεύχος 7: Σήμανση Εκτελούμενων Έργων σε Οδούς (ΟΜΟΕ – ΣΕΕΟ), Υπουργείο Υποδομών, Μεταφορών και Δικτύων, 2010. 
Οδηγίες Μελετών Οδικών Έργων, Συστήματα Αναχαίτισης Οχημάτων (ΟΜΟΕ – ΣΑΟ), Υπουργείο Υποδομών & Μεταφορών, 2019. 
American Association of State Highway and Transportation Officials (AASHTO) (2018). A Policy on Geometric Design of Highways and Streets. 7th Edition, AASHTO, ISBN-13: 978-1560516767. 
CALTRANS (2020). Highway Design Manual. 7th Edition, California Department of Transportation.
U.S. Department of Transportation, Federal Highway Administration (2006). FHWA Road Safety Audit Guidelines. FHWA-SA-06-06. 
U.S. Department of Transportation, Federal Highway Administration (2000). ROUNDABOUTS: An Informational Guide. FHWA-RD-00-067. ",,
73,ΣΥΓ013,Διαχείριση Οδικών Έργων και Κυκλοφορίας,ΜΗΧΑΝΙΚΩΝ,ΠΟΛΙΤΙΚΩΝ ΜΗΧΑΝΙΚΩΝ,Προπτυχιακό,8,Διαλέξεις,4,5,,,,Κατεύθυνσης,,,Ελληνική,Όχι,,"Με την επιτυχή ολοκλήρωση του μαθήματος ο φοιτητής/τρια θα είναι σε θέση:
• Να κατανοεί τις έννοιες της διαχείρισης οδικών έργων και της διαχείρισης κυκλοφορίας.
• Να γνωρίζει για την κυκλοφοριακή λειτουργία και συντήρηση των οδών, για τα Ευφυή Συστήματα Μεταφορών, και για τα Κέντρα Διαχείρισης Κυκλοφορίας. 
• Να εξετάζει, να προγραμματίζει και να αντιμετωπίζει επιτυχώς ζητήματα αναφορικά με τη διαχείριση συμφορήσεων, οδικών συμβάντων, ειδικών κυκλοφοριακών γεγονότων, ζήτησης, και στάθμευσης, σε εφαρμογή των οδηγιών. 
• Να αναγνωρίζει τα απαιτούμενα για τις διαδικασίες προγραμματισμένης και έκτακτης συντήρησης του οδικού δικτύου με τεχνικοοικονομικά δεδομένα.","Το μάθημα συμβάλει στην απόκτηση των παρακάτω ικανοτήτων:
• Αναζήτηση, ανάλυση και σύνθεση δεδομένων και πληροφοριών, με τη χρήση και των απαραίτητων τεχνολογιών
• Προσαρμογή σε νέες καταστάσεις
• Λήψη αποφάσεων
• Σχεδιασμός και διαχείριση έργων 
• Σεβασμός στο φυσικό περιβάλλον ","Περιεχόμενο διαλέξεων μαθήματος:
• Διαχείριση οδού και διαχείριση κυκλοφορίας.
• Κυκλοφοριακή λειτουργία και συντήρηση.
• Θεσμικό πλαίσιο στην Ελλάδα. 
• Ευφυή Συστήματα Μεταφορών. 
• Κέντρα Διαχείρισης Κυκλοφορίας.
• Διαχείριση συμφόρησης. 
• Διαχείριση οδικών συμβάντων.
• Διαχείριση ειδικών κυκλοφοριακών γεγονότων.
• Διαχείριση ζήτησης. Αστικοί δακτύλιοι. Μέτρα διαχείρισης χρήσης ΙΧ, προώθησης Μέσων Μαζικής Μεταφοράς και ήπιων μέσων μετακίνησης. 
• Διαχείριση στάθμευσης. 
• Προγραμματισμός επεμβάσεων. Επιθεωρήσεις – Συντηρήσεις. Μέθοδοι μέτρησης. Δείκτες λειτουργικότητας και ποιότητας. Μέθοδοι μέτρησης. Βασικά μεγέθη αξιολόγησης.
• Οικονομική διάσταση διαχείρισης οδού. Βέλτιστες λύσεις. Μέθοδοι υπολογισμού. ",,,"Στην τάξη (δια ζώσης). 
Δυνατότητα εξ αποστάσεως διαλέξεων εφόσον απαιτηθεί.","Παρουσίαση διαλέξεων με χρήση φορητού Η/Υ και βιντεοπροβολέα ή με τηλεδιάσκεψη εξ αποστάσεως εφόσον απαιτηθεί.
Υποστήριξη μαθησιακής διαδικασίας μέσω της ηλεκτρονικής πλατφόρμας e-learning.
Συναντήσεις εξ αποστάσεως διδάσκοντα και φοιτητών για συνεργασία σε ώρες εκτός μαθήματος (μέσω ψηφιακής πλατφόρμας, πχ. ZOOM, Skype). 
Ανάρτηση ανακοινώσεων στην ιστοσελίδα του Τμήματος και στην ηλεκτρονική σελίδα του μαθήματος στην ηλεκτρονική πλατφόρμα e-learning.
Επικοινωνία διδάσκοντα και φοιτητών μέσω ηλεκτρονικού ταχυδρομείου (email). ",Διαλέξεις,52,Αυτοτελής Μελέτη,78,,,,,,,130,"Τελική γραπτή εξέταση (100%) που περιλαμβάνει: 
   • Ερωτήσεις θεωρίας 
   • Επίλυση ασκήσεων
Ή Τελική γραπτή εξέταση (70%) + Προαιρετική ατομική εργασία (30%).

Τα κριτήρια αξιολόγησης γνωστοποιούνται στους φοιτητές στην πρώτη διάλεξη του μαθήματος. Επίσης, δίνεται η δυνατότητα σε κάθε φοιτητή να ελέγξει το γραπτό και την εργασία του και να του αναλυθούν τα λάθη του.","Μουρατίδης, Α.Κ. (2008). Οδοποιία, Η Διαχείριση των Οδικών Έργων. University Studio Press, ISBN: 978-960-12-1759-8.
Φραντζεσκάκης, Ι.Μ., Γκόλιας, Ι.Κ., Πιτσιάβα-Λατινοπούλου, Μ.Χ. (2009). Κυκλοφοριακή Τεχνική. Α. ΠΑΠΑΣΩΤΗΡΙΟΥ & ΣΙΑ Ι.Κ.Ε., ISBN: 978-960-7182-42-5. 
Φραντζεσκάκης, Ι.Μ., Πιτσιάβα-Λατινοπούλου, Μ.Χ., Τσαμπούλας, Δ.Α. (2002). Διαχείριση Κυκλοφορίας. Α. ΠΑΠΑΣΩΤΗΡΙΟΥ & ΣΙΑ Ι.Κ.Ε., ISBN: 978-960-7510-50-1.  
Roess, R.P., Prassas, E.S. (2014). The Highway Capacity Manual: A Conceptual and Research History. HEAL-Link Springer ebooks, ISBN: 978-3-319-05786-6.",,
74,ΣΥΓ014,Οδική Ασφάλεια,ΜΗΧΑΝΙΚΩΝ,ΠΟΛΙΤΙΚΩΝ ΜΗΧΑΝΙΚΩΝ,Προπτυχιακό,8,Διαλέξεις,4,5,,,,Κατεύθυνσης,,,Ελληνική,Όχι,,"Με την επιτυχή ολοκλήρωση του μαθήματος ο φοιτητής/τρια θα είναι σε θέση: 
• Να γνωρίζει τις διαδικασίες εκτίμησης του επιπέδου οδικής ασφάλειας στο αστικό και υπεραστικό οδικό δίκτυο. 
• Να κατανοεί τις μεθόδους αύξησης του επιπέδου οδικής ασφάλειας.
• Να μπορεί να αποτιμήσει την αποτελεσματικότητα των μέτρων οδικής ασφάλειας.
• Να μπορεί να αξιολογήσει τις οικονομικές επιπτώσεις των οδικών ατυχημάτων.","Το μάθημα συμβάλει στην απόκτηση των παρακάτω ικανοτήτων:
• Αναζήτηση, ανάλυση και σύνθεση δεδομένων και πληροφοριών, με τη χρήση και των απαραίτητων τεχνολογιών
• Προσαρμογή σε νέες καταστάσεις
• Λήψη αποφάσεων
• Σχεδιασμός και διαχείριση έργων 
• Σεβασμός στο φυσικό περιβάλλον ","Περιεχόμενο διαλέξεων μαθήματος:
• Εισαγωγή στην οδική ασφάλεια. Η οδική ασφάλεια σε στατιστικές.
• Συλλογή στοιχείων και βάσεις δεδομένων.
• Διαδικασίες διαχείρισης οδικής ασφάλειας.
• Μελέτες οδικής ασφάλειας.
• Επισήμανση επικίνδυνων θέσεων.
• Συσχέτιση ατυχημάτων με χαρακτηριστικά χρηστών, οδού και οχήματος.
• Επεμβάσεις στη συμπεριφορά των χρηστών. Εκπαίδευση. Εκστρατείες. Μοντέλα διερεύνησης αποτελεσματικότητας.
• Πειραματικές μέθοδοι στη διαδικασία αλλαγής της συμπεριφοράς των χρηστών.
• Οικονομικές επιπτώσεις οδικών ατυχημάτων.
• Ιεράρχηση και αξιολόγηση έργων οδικής ασφάλειας.
• Πρόβλεψη αριθμού ατυχημάτων σε αστικές και υπεραστικές οδούς.
• Μείωση δεικτών ατυχημάτων σε οδικά τμήματα και κόμβους. ",,,"Στην τάξη (δια ζώσης). 
Δυνατότητα εξ αποστάσεως διαλέξεων εφόσον απαιτηθεί.","Παρουσίαση διαλέξεων με χρήση φορητού Η/Υ και βιντεοπροβολέα ή με τηλεδιάσκεψη εξ αποστάσεως εφόσον απαιτηθεί.
Υποστήριξη μαθησιακής διαδικασίας μέσω της ηλεκτρονικής πλατφόρμας e-learning.
Συναντήσεις εξ αποστάσεως διδάσκοντα και φοιτητών για συνεργασία σε ώρες εκτός μαθήματος (μέσω ψηφιακής πλατφόρμας, πχ. ZOOM, Skype). 
Ανάρτηση ανακοινώσεων στην ιστοσελίδα του Τμήματος και στην ηλεκτρονική σελίδα του μαθήματος στην ηλεκτρονική πλατφόρμα e-learning.
Επικοινωνία διδάσκοντα και φοιτητών μέσω ηλεκτρονικού ταχυδρομείου (email). ",Διαλέξεις,52,Αυτοτελής Μελέτη,78,,,,,,,130,"Τελική γραπτή εξέταση (100%) που περιλαμβάνει: 
   • Ερωτήσεις θεωρίας 
   • Επίλυση ασκήσεων
Ή Τελική γραπτή εξέταση (70%) + Προαιρετική ατομική εργασία (30%).

Τα κριτήρια αξιολόγησης γνωστοποιούνται στους φοιτητές στην πρώτη διάλεξη του μαθήματος. Επίσης, δίνεται η δυνατότητα σε κάθε φοιτητή να ελέγξει το γραπτό και την εργασία του και να του αναλυθούν τα λάθη του.","Κώδικας Οδικής Κυκλοφορίας (Κ.Ο.Κ.), Υπουργείο Μεταφορών & Επικοινωνιών, Αθήνα, 2009, ISBN: 978-960-337-071-0. 
Παυλίδης, Θ.Π. (2004). Η συμβολή του ανθρώπου στην οδική ασφάλεια. Ζήτη Πελαγία & Σια Ι.Κ.Ε., ISBN: 960-431-939-6. 
Φραντζεσκάκης, Ι.Μ., Γκόλιας, Ι.Κ. (1994). Οδική ασφάλεια. Α. ΠΑΠΑΣΩΤΗΡΙΟΥ & ΣΙΑ Ι.Κ.Ε., ISBN: 978-960-7510-06-8. 
Highway Safety Manual (HSM), American Association of State Highway Transportation Officials (AASHTO), 2010.",,
75,ΣΥΓ015,Περιβαλλοντικές Επιπτώσεις Συγκοινωνιακών Έργων,ΜΗΧΑΝΙΚΩΝ,ΠΟΛΙΤΙΚΩΝ ΜΗΧΑΝΙΚΩΝ,Προπτυχιακό,8,Διαλέξεις,4,5,,,,Κατεύθυνσης,,,Ελληνική,Όχι,,"Με την επιτυχή ολοκλήρωση του μαθήματος ο φοιτητής/τρια θα είναι σε θέση: 
• Να γνωρίζει το θεσμικό πλαίσιο προστασίας του περιβάλλοντος στην Ελλάδα και τα στάδια εκπόνησης μελετών περιβαλλοντικών επιπτώσεων συγκοινωνιακών έργων. 
• Να κατανοεί τις βασικές ενότητες περιβαλλοντικών επιπτώσεων έργων οδοποιίας.
• Να αποκτήσει γνώσεις για θέματα οδικού κυκλοφοριακού θορύβου και δονήσεων, ατμοσφαιρικής ρύπανσης, αισθητικής ρύπανσης, μέτρων αντιρρύπανσης και προγραμμάτων παρακολούθησης. ","Το μάθημα συμβάλει στην απόκτηση των παρακάτω ικανοτήτων:
• Αναζήτηση, ανάλυση και σύνθεση δεδομένων και πληροφοριών, με τη χρήση και των απαραίτητων τεχνολογιών
• Προσαρμογή σε νέες καταστάσεις
• Λήψη αποφάσεων
• Σχεδιασμός και διαχείριση έργων 
• Σεβασμός στο φυσικό περιβάλλον ","Περιεχόμενο διαλέξεων μαθήματος:
• Θεσμικό πλαίσιο προστασίας του περιβάλλοντος στην Ελλάδα.
• Στάδια εκπόνησης Μελετών Περιβαλλοντικών Επιπτώσεων έργων οδοποιίας.
• Βασικές ενότητες περιβαλλοντικών επιπτώσεων έργων οδοποιίας.
• Χρήσεις γης. Φυσικά και ανθρωπογενή οικοσυστήματα.
• Οδικός κυκλοφοριακός θόρυβος και δονήσεις. Ευρωπαϊκό και θεσμικό πλαίσιο.
• Μέτρηση και αξιολόγηση θορύβου σταθερής στάθμης.
• Οδικός κυκλοφοριακός θόρυβος και δονήσεις. Μοντέλα πρόβλεψης.
• Μέθοδοι υπολογισμού οδικού κυκλοφοριακού θορύβου.
• Αντιθορυβικά πετάσματα.
• Ατμοσφαιρική ρύπανση. Αέριοι ρύποι από την οδική κυκλοφορία.
• Εκπομπή, συγκέντρωση ρύπανσης, διασπορά ρύπανσης και παράμετροι.
• Συστήματα παρακολούθησης οδικού κυκλοφοριακού θορύβου και ατμοσφαιρικής ρύπανσης.
• Μετρολογικός εξοπλισμός ακουστικών μετρήσεων. Καταγραφές στάθμης θορύβου. ",,,"Στην τάξη (δια ζώσης). 
Δυνατότητα εξ αποστάσεως διαλέξεων εφόσον απαιτηθεί.","Παρουσίαση διαλέξεων με χρήση φορητού Η/Υ και βιντεοπροβολέα ή με τηλεδιάσκεψη εξ αποστάσεως εφόσον απαιτηθεί.
Υποστήριξη μαθησιακής διαδικασίας μέσω της ηλεκτρονικής πλατφόρμας e-learning.
Συναντήσεις εξ αποστάσεως διδάσκοντα και φοιτητών για συνεργασία σε ώρες εκτός μαθήματος (μέσω ψηφιακής πλατφόρμας, πχ. ZOOM, Skype). 
Ανάρτηση ανακοινώσεων στην ιστοσελίδα του Τμήματος και στην ηλεκτρονική σελίδα του μαθήματος στην ηλεκτρονική πλατφόρμα e-learning.
Επικοινωνία διδάσκοντα και φοιτητών μέσω ηλεκτρονικού ταχυδρομείου (email). ",Διαλέξεις,52,Αυτοτελής Μελέτη,78,,,,,,,130,"Τελική γραπτή εξέταση (100%) που περιλαμβάνει: 
   • Ερωτήσεις θεωρίας 
   • Επίλυση ασκήσεων
Ή Τελική γραπτή εξέταση (70%) + Προαιρετική ατομική εργασία (30%).

Τα κριτήρια αξιολόγησης γνωστοποιούνται στους φοιτητές στην πρώτη διάλεξη του μαθήματος. Επίσης, δίνεται η δυνατότητα σε κάθε φοιτητή να ελέγξει το γραπτό και την εργασία του και να του αναλυθούν τα λάθη του.","Βογιατζής, Κ. (2014). Περιβαλλοντική Τεχνική και Θεσμικό Πλαίσιο Εφαρμογής. Συμμετρία, Σ.ΑΘΑΝΑΣΟΠΟΥΛΟΣ & ΣΙΑ Ι.Κ.Ε, ISBN: 978-960-266-390-5.
Τζίκα-Χατζοπούλου, Α., Χαϊκάλη, Σ., Βογιατζής, Κ. (2010). Προστασία του Ελληνικού Ακουστικού Τοπίου. Θεσμικό Πλαίσιο για τον Περιβαλλοντικό Θόρυβο. Α. ΠΑΠΑΣΩΤΗΡΙΟΥ & ΣΙΑ Ι.Κ.Ε., ISBN: 978-960-7182-56-2.",,
76,ΥΔΡ009,Διαχείριση Υδατικών Πόρων και Πλημμυρικού Κινδύνου,ΜΗΧΑΝΙΚΩΝ,ΠΟΛΙΤΙΚΩΝ ΜΗΧΑΝΙΚΩΝ,Προπτυχιακό,8,Διαλέξεις και Ασκήσεις Εφαρμογής,4,5,,,,Κατεύθυνσης,,"ΥΔΡ002 – Μηχανική των ρευστών
ΥΔΡ003 – Υδραυλική
ΥΔΡ005 – Υπόγεια Υδραυλική και Τεχνική Υδρολογία
ΥΔΡ006 – Υδραυλική των ανοιχτών αγωγών και ποταμών","Ελληνικά
(Φοιτητές Erasmus: Ελληνικά ή Αγγλικά)","Ελληνικά
(Φοιτητές Erasmus: Ελληνικά ή Αγγλικά)",,"Με την επιτυχή ολοκλήρωση του μαθήματος, οι φοιτητές θα είναι σε θέση να:
• κατανοούν σε βάθος τις βασικές έννοιες διαχείρισης υδατικών πόρων
• κατανοούν και συμπεραίνουν τις φυσικές διεργασίες των πλημμυρικών φαινομένων και μεθόδων ποσοτικοποίησης των χαρακτηριστικών τους
• υπολογίσουν τον υδρολογικό σχεδιασμό έργων αξιοποίησης υδατικών πόρων
• αναλύσουν και επιλύσουν ένα πρόβλημα διαχείρισης υδροσυστήματος πολλαπλού σκοπού
• συνθέσουν και επιλύσουν προβλήματα βελτιστοποίησης υδροδυδτήματος με χρήση κλασσικών και εξελικτικών αλγορίθμων
• αξιολογούν, αποτιμούν και διαχειρίζονται την πλημμυρική διακινδύνευση","• Αναζήτηση, ανάλυση και σύνθεση δεδομένων και πληροφοριών
• Προσαρμογή σε νέες καταστάσεις
• Λήψη αποφάσεων
• Ατομική εργασία
• Εργασία σε διεπιστημονικό περιβάλλον
• Σχεδιασμός και διαχείριση έργων
• Σεβασμός στο φυσικό περιβάλλον
• Προαγωγή της ελεύθερης, δημιουργικής και επαγωγικής σκέψης","- Σύντομη περιγραφή μαθήματος:
Το μάθημα αποσκοπεί στην παροχή στους φοιτητές του βασικού θεωρητικού υπόβαθρου για το μάθημα ‘ΥΔΡ009 Διαχείριση Υδατικών Πόρων και Πλημμυρικού Κινδύνου’. Περιλαμβάνει την αναγκαία ύλη για την κατανόηση: (α) των αρχών ορθολογικής διαχείρισης υδατικών πόρων στο πλαίσιο της βιώσιμης ανάπτυξης, (β) υπολογιστικών μεθόδων και εργαλειών ανάλυσης που υποστηρίζουν το σχεδιασμό και τη βέλτιστη λειτουργία υδροσυστημάτων σε καθεστώς αβεβαιότητας και (γ) υπολογιστικών και αναλυτικών τεχνικών και μεθοδολογιών για την εκτίμηση και διαχείριση του πλημμυρικού κινδύνου.

- Περιεχόμενο διαλέξεων 
   o Εισαγωγικές έννοιες Διαχείρισης Υδατικών Πόρων. Ορισμοί (υδροσύστημα, ανάλυση συστημάτων υδατικών πόρων, διαχείριση υδατικών πόρων, προσφορά & ζήτηση). Στόχοι διαχείρισης υδατικών πόρων. Βασικές Οδηγίες και Ελληνική και Ευρωπαϊκή νομοθεσία.
   o Προσφορά: Υδρολογικός Σχεδιασμός Υδροσυστημάτων. Βασικά επιφανειακά και υπόγεια έργα στην υπηρεσία της διαχείρισης. Ταμιευτήρες και υδραγωγεία. Διαστασιολόγηση ωφέλιμου. Διόδευση μέσω ταμιευτήρα.
   o Ζήτηση: Εκτίμηση και διαχείριση ζήτησης νερού. Βασικές χρήσεις (αγροτικές, αστικές). Αγροτική ανάπτυξη και πρακτικές εξοικονόμησης νερού στη γεωργία. Αστική ανάπτυξη και διαχείριση αστικού νερού.
   o Ολοκληρωμένη διαχείριση υδατικών πόρων. Αποκεντρωμένη και Συμμετοχική Διαχείριση υδατικών πόρων. Διαχείριση διακρατικών υδρολογικών λεκανών απορροής.
   o Εκτίμηση και διαχείριση αβεβαιότητας προσφοράς ή/ και ζήτησης σε διάφορες κλίμακες. Στοχαστικά μοντέλα, Κοινωνικο-οικονομικά σενάρια. Τεχνικές προσομοίωσης. Αλγόριθμοι και διαγράμματα ροής. Κατηγοριοποίηση βασικών πηγών αβεβαιότητας. Ανάλυση αβεβαιότητας ευαισθησίας.
   o Πρόβλημα λειτουργίας υδροσυστημάτων για πολλαπλούς σκοπούς. Πολυκριτηριακή ανάλυση. Λειτουργία ταμιευτήρων πολλαπλού σκοπού. 
   o Η βελτιστοποίηση στη διαχείριση υδατικών πόρων: συμβατικές και εξελικτικές μέθοδοι. Θεμελιώδεις έννοιες βελτιστοποίησης (προβλήματα λήψης αποφάσεων & αντίστροφα προβλήματα). Προβλήματα με περιορισμούς, κατηγορίες περιορισμών και αντιμετώπιση τους. Αναλυτικές, μαθηματικές μέθοδοι. Δυναμικός και γραμμικός προγραμματισμός.
   o Εισαγωγή στις πλημμύρες. Στατιστική ανάλυση ακραίων υδρολογικών τιμών. Ανάλυση σειρών πλημμυρικών παροχών. Περιοχική στατιστική ανάλυση ακραίων υδρολογικών γεγονότων. Εκτίμηση υδρολογικών ποσοτήτων με ελλιπή ή χωρίς δεδομένα.
   o Υδρολογική προσομοίωση πλημμυρών (Μοντέλα βροχόπτωσης – απορροής πλημυρικής αιχμής). Διόδευση απορροής. Εκτίμηση πλημμυρικής ζώνης.
   o Στοχαστικά μοντέλα εκτίμησης ακραίων υδρολογικών φαινομένων. Διαχείριση ακραίων υδρολογικών φαινομένων (προσαρμογή, ελαχιστοποίηση, και επιχειρησιακά σχέδια αντιμετώπισης).",,,Πρόσωπο με πρόσωπο,"Υποστήριξη Μαθησιακής διαδικασίας (Διδασκαλία και Επικοινωνία με φοιτητές) μέσω διαλέξεων σε PowerPoint, μέσω ηλεκτρονικής ιστοσελίδας μαθήματος, μέσω της ηλεκτρονικής πλατφόρμας e-learning και μέσω επιπλέον ηλεκτρονικής επικοινωνίας με τους φοιτητές (online ανακοινώσεις και σχόλια, email κτλ). Επιπλέον υλικό (παρουσιάσεις διαλέξεων, εκπαιδευτικά videos, χρήσιμα sites και επιστημονικά άρθρα) ανηρτημένο στο e-learning. Ώρα συνεργασίας καθηγητή-φοιτητών είτε με φυσική παρουσία είτε μέσω τηλεσυνάντησης.",Διαλέξεις Θεωρίας,36,Ασκήσεις Εφαρμογής,16,Συγγραφή Εργασίας,10,Εκπαιδευτική Επίσκεψη (όταν πραγματοποιείται),,Αυτοτελής Μελέτη & Ανάλυση Βιβλιογραφίας,,130,"Γλώσσα Αξιολόγησης: Ελληνική

Γραπτή Εξέταση με Ερωτήσεις Εκτεταμένης Απάντησης (Διαμορφωτική ή/και Συμπερασματική)

Αξιολόγηση Θεωρίας (80% του τελικού βαθμού):
• Γραπτή εξέταση προόδου (20% του τελικού βαθμού) που περιλαμβάνει:
   o Θεωρητικές ερωτήσεις Εκτεταμένης Απάντησης (Διαμορφωτική ή/και Συμπερασματική)
   o Επίλυση προβλημάτων-ασκήσεων
• Γραπτή τελική εξέταση (60% του τελικού βαθμού) που περιλαμβάνει:
   o Θεωρητικές ερωτήσεις Εκτεταμένης Απάντησης (Διαμορφωτική ή/και Συμπερασματική)
   o Επίλυση προβλημάτων-ασκήσεων
• Ατομική εργασία (20% του τελικού βαθμού)

Το παρόν κείμενο περιγραφής του μαθήματος με τα κριτήρια αξιολόγησης είναι προσβάσιμο στους φοιτητές στον οδηγό σπουδών του Τμήματος (ιστοσελίδα Τμήματος) και στην ιστοσελίδα του μαθήματος.
Το περίγραμμα κοινοποιείται προφορικά στους φοιτητές κατά την πρώτη διάλεξη.","Κουτσογιάννης Δημήτριος, Ξανθόπουλος Θεμιστοκλής, Τεχνική Υδρολογία, Εκδόσεις Ελληνικά Ακαδημαϊκά Ηλεκτρονικά Συγγράμματα και Βοηθήματα - Αποθετήριο ""Κάλλιπος"", ISBN: 978-960-603-506-7. Κωδικός Βιβλίου στον Εύδοξο: 59390290
Μπαλτάς Ευάγγελος, Μιμίκου Μαρία, Τεχνική Υδρολογία, Εκδόσεις Παπασωτηρίου, 2018 (6η έκδοση), ISBN: 978-960-491-125-7. Κωδικός Βιβλίου στον Εύδοξο: 77117411
Τσακίρης Γ., Υδατικοί πόροι : I Τεχνική υδρολογία και διαχείρηση των υδατικών πόρων, Εκδόσεις ΣΥΜΜΕΤΡΙΑ, 2012 (1η έκδοση), ISBN: 978-960-266-380-6. Κωδικός Βιβλίου στον Εύδοξο: 22771790
Μιμίκου Μαρία Α., Τεχνολογία Υδατικών Πόρων, Εκδόσεις Παπασωτηρίου, 2006, ISBN: 978-960-7530-79-0. Κωδικός Βιβλίου στον Εύδοξο: 9780
Ευθύμης Λέκκας, Φυσικές & Τεχνολογικές Καταστροφές, 2000 (Β έκδοση). Κωδικός Βιβλίου στον Εύδοξο: 7632457
Καλλία - Αντωνίου Αγγελική, Θεσμικό Πλαίσιο για την Προστασία και Διαχείριση Υδατικών Πόρων, Εκδόσεις Ζήτη, 2011, ISBN: 978-960-456-285-5. Κωδικός Βιβλίου στον Εύδοξο: 12718796",,
77,ΥΔΡ010,"Ανανεώσιμες πηγές ενέργειας (γεωθερμία, υδροηλεκτρικά έργα)",ΜΗΧΑΝΙΚΩΝ,ΠΟΛΙΤΙΚΩΝ ΜΗΧΑΝΙΚΩΝ,Προπτυχιακό,8,Διαλέξεις και Ασκήσεις Εφαρμογής,4,5,,,,Κατεύθυνσης,,"ΥΔΡ002 – Μηχανική των ρευστών
ΥΔΡ003 – Υδραυλική
ΥΔΡ005 – Υπόγεια Υδραυλική και Τεχνική Υδρολογία","Ελληνικά
(Φοιτητές Erasmus: Ελληνικά ή Αγγλικά)","Ελληνικά
(Φοιτητές Erasmus: Ελληνικά ή Αγγλικά)",,"Με την επιτυχή ολοκλήρωση του μαθήματος, οι φοιτητές θα είναι σε θέση να:
• κατανοούν βασικές αρχές ενεργειακών τεχνολογιών και ενεργειακού μίγματος, και να προσδιορίζουν το ενεργειακό ισοζύγιο
• εντοπίζουν και εκτιμούν το γεωθερμικό ενεργειακό δυναμικό
• υπολογίζουν υδραυλικές απώλειες υδροηλεκτρικών έργων
• σχεδιάζουν τη γενική διάταξη και χωροθέτηση υδροηλεκτρικών έργων
• συνθέτουν τεχνικο-οικονομικές εκθέσεις/μελέτες και εξηγούν την απόδοση συστημάτων εκμετάλλευσης γεωθερμικής ενέργειας.
• αξιολογούν την απόδοση και λειτουργικότητα μικρών και μεγάλων υδροηλεκτρικών έργων","• Αναζήτηση, ανάλυση και σύνθεση δεδομένων και πληροφοριών
• Προσαρμογή σε νέες καταστάσεις
• Λήψη αποφάσεων
• Ατομική εργασία
• Εργασία σε διεπιστημονικό περιβάλλον
• Σχεδιασμός και διαχείριση έργων
• Σεβασμός στο φυσικό περιβάλλον
• Προαγωγή της ελεύθερης, δημιουργικής και επαγωγικής σκέψης","-Σύντομη περιγραφή μαθήματος:
Το μάθημα αποσκοπεί στην παροχή στους φοιτητές του βασικού θεωρητικού υπόβαθρου για το μάθημα ‘ΥΔΡ010 Ανανεώσιμες πηγές ενέργειας (γεωθερμία, υδροηλεκτρικά έργα)’. Περιλαμβάνει την αναγκαία ύλη για την κατανόηση: (α) της ύπαρξης γεωθερμικών ενεργειακών πηγών καθώς και του υπολογισμού της απαιτούμενης τεχνικής υποδομής για την αξιοποίησή τους και (β) του προκαταρκτικού σχεδιασμού μικρών και μεγάλων υδροηλεκτρικών έργων.

- Περιεχόμενο διαλέξεων 
   o Ενέργεια. Βασικές αρχές ενεργειακών τεχνολογιών. Ενεργειακό μίγμα. Ανανεώσιμες πηγές ενέργειας. Ισοζύγιο ηλεκτρικής ενέργειας. Χρονική διακύμανση καταναλώσεων. Διάκριση ενεργειακής παραγωγής.
   o Eισαγωγή στην ορολογία της γεωθερμίας. Πηγές θερμότητας στο εσωτερικό της Γης. Eίδη των γεωθερμικών πεδίων και δυνητικές χρήσεις. Πλεονεκτήματα και μειονεκτήματα.
   o Υδροθερμική εξαλλοίωση. Δειγματοληψία γεωθερμικών ρευστών. Στάδια γεωθερμικής έρευνας.
   o Χρήσεις της γεωθερμικής ενέργειας. Γεωθερμική ενέργεια ψηλής και χαμηλής ενθαλπίας (παραγωγή ρευστών και ενέργειας, δίκτυα, επιπτώσεις). Τεχνικά προβλήματα κατά την αξιοποίηση της γεωθερμίας.
   o Οικονομικά – Τεχνικά στοιχεία γεωθερμικών εφαρμογών. Αξιοποίηση της γεωθερμικής ενέργειας στην Ελλάδα. Εντοπισμός και εκτίμηση γεωθερμικών ενεργειακών πηγών.
   o Αρχές και θεμελιώδη μεγέθη υδροηλεκτρικής τεχνολογίας. Υδραυλικές απώλειες. Τύποι στροβίλων και μηχανικά χαρακτηριστικά τους. Υδροηλεκτρικά έργα (υδροληψίες, αγωγοί προσαγωγής, σταθμοί παραγωγής, αγωγοί φυγής, υπερχειλιστές, θυροφράγματα).
   o Προκαταρκτικός σχεδιασμός μεγάλων υδροηλεκτρικών έργων (γενική διάταξη, τεχνικά μεγέθη, περιβαλλοντικά θέματα, λειτουργία και βελτιστοποίηση).
   o Μικρά υδροηλεκτρικά έργα (τεχνολογία, σχεδιασμός, υδροληψίες, αγωγοί, δεξαμενές, περιβαλλοντικά θέματα, υδρολογικό σχεδιασμός)",,,Πρόσωπο με πρόσωπο,"Υποστήριξη Μαθησιακής διαδικασίας (Διδασκαλία και Επικοινωνία με φοιτητές) μέσω διαλέξεων σε PowerPoint, μέσω ηλεκτρονικής ιστοσελίδας μαθήματος, μέσω της ηλεκτρονικής πλατφόρμας e-learning και μέσω επιπλέον ηλεκτρονικής επικοινωνίας με τους φοιτητές (online ανακοινώσεις και σχόλια, email κτλ). Επιπλέον υλικό (παρουσιάσεις διαλέξεων, εκπαιδευτικά videos, χρήσιμα sites και επιστημονικά άρθρα) ανηρτημένο στο e-learning. Ώρα συνεργασίας καθηγητή-φοιτητών είτε με φυσική παρουσία είτε μέσω τηλεσυνάντησης.",Διαλέξεις Θεωρίας,36,Ασκήσεις Εφαρμογής,16,Συγγραφή Εργασίας,10,Εκπαιδευτική Επίσκεψη (όταν πραγματοποιείται),,Αυτοτελής Μελέτη & Ανάλυση Βιβλιογραφίας,,130,"Γλώσσα Αξιολόγησης: Ελληνική

Γραπτή Εξέταση με Ερωτήσεις Εκτεταμένης Απάντησης (Διαμορφωτική ή/και Συμπερασματική)

Αξιολόγηση Θεωρίας (80% του τελικού βαθμού):
• Γραπτή εξέταση προόδου (20% του τελικού βαθμού) που περιλαμβάνει:
   o Θεωρητικές ερωτήσεις Εκτεταμένης Απάντησης (Διαμορφωτική ή/και Συμπερασματική)
   o Επίλυση προβλημάτων-ασκήσεων
• Γραπτή τελική εξέταση (60% του τελικού βαθμού) που περιλαμβάνει:
   o Θεωρητικές ερωτήσεις Εκτεταμένης Απάντησης (Διαμορφωτική ή/και Συμπερασματική)
   o Επίλυση προβλημάτων-ασκήσεων
• Ατομική εργασία (20% του τελικού βαθμού)

Το παρόν κείμενο περιγραφής του μαθήματος με τα κριτήρια αξιολόγησης είναι προσβάσιμο στους φοιτητές στον οδηγό σπουδών του Τμήματος (ιστοσελίδα Τμήματος) και στην ιστοσελίδα του μαθήματος.
Το περίγραμμα κοινοποιείται προφορικά στους φοιτητές κατά την πρώτη διάλεξη.","Φυτίκας Μιχάλης, Ανδρίτσος Νικόλαος, Γεωθερμία, Εκδόσεις ΤΖΙΟΛΑ, 2004, ISBN: 978-960-418-019-6. Κωδικός Βιβλίου στον Εύδοξο: 18549096
Καρυδάκης Γρηγόριος, ΓΕΩΘΕΡΜΙΚΗ ΕΝΕΡΓΕΙΑ, Εκδόσεις ΑΘΛΟΤΥΠΟ, 2005, ISBN: 960-7378-65-2. Κωδικός Βιβλίου στον Εύδοξο: 2621
Βραχόπουλος Μιχάλης, KANONIKH ΓΕΩΘΕΡΜΙΑ - ΑΡΧΕΣ ΣΧΕΔΙΑΣΜΟΥ ΓΕΩΘΕΡΜΙΚΩΝ ΣΥΣΤΗΜΑΤΩΝ ΚΑΙ ΕΦΑΡΜΟΓΕΣ, Εκδόσεις Ελληνικά Ακαδημαϊκά Ηλεκτρονικά Συγγράμματα και Βοηθήματα - Αποθετήριο ""Κάλλιπος"", 2016, ISBN: 978-960-603-270-7. Κωδικός Βιβλίου στον Εύδοξο: 320348
Παπαντώνης Δ., Μικρά υδροηλεκτρικά έργα, Εκδόσεις Τσότρας, 2016, ISBN: 978-618-5066-46-8. Κωδικός Βιβλίου στον Εύδοξο: 50661021
Κουτσογιάννης Δημήτριος, Ξανθόπουλος Θεμιστοκλής, Τεχνική Υδρολογία, Εκδόσεις Ελληνικά Ακαδημαϊκά Ηλεκτρονικά Συγγράμματα και Βοηθήματα - Αποθετήριο ""Κάλλιπος"", ISBN: 978-960-603-506-7. Κωδικός Βιβλίου στον Εύδοξο: 59390290",,
78,ΥΔΡ011,Κυματομηχανική και Έργα Ανοικτής Θάλασσας,ΜΗΧΑΝΙΚΩΝ,ΠΟΛΙΤΙΚΩΝ ΜΗΧΑΝΙΚΩΝ,Προπτυχιακό,8,Διαλέξεις και Ασκήσεις Εφαρμογής,4,5,,,,Κατεύθυνσης,,"ΥΔΡ002 – Μηχανική των ρευστών
ΥΔΡ008 – Υπολογιστική Ρευστομηχανική","Ελληνικά
(Φοιτητές Erasmus: Ελληνικά ή Αγγλικά)","Ελληνικά
(Φοιτητές Erasmus: Ελληνικά ή Αγγλικά)",,"Με την επιτυχή ολοκλήρωση του μαθήματος, οι φοιτητές θα είναι σε θέση να:
• περιγράφουν και επιλέγουν κατάλληλες (ανάλογα με το φυσικό πρόβλημα σχεδιασμού) θεωρίες και αρχές γραμμικών και μη γραμμικών κυματισμών, πραγματικών κυματισμών, ακραίων κυματισμών και κυματισμών σχεδιασμού
• κατανοούν τη λειτουργία και τα κύρια χαρακτηριστικά έργων ανοικτής θάλασσας (σταθερού πυθμένα και πλωτών)
• εκτιμούν και διακρίνουν τις κυματικές διεργασίες στον θαλάσσιο χώρο
• υπολογίζουν κυματικές φορτίσεις σε κατασκευές ή δομικά μέλη έργων ανοικτής θάλασσας
• υπολογίζουν και συνθέτουν την διάταξη αγκύρωσης καλωδίωσης έργων ανοικτής θάλασσας
• αξιολογούν την δυναμική συμπεριφορά αγωγών μεταφοράς ρευστού στη θάλασσα","• Αναζήτηση, ανάλυση και σύνθεση δεδομένων και πληροφοριών
• Προσαρμογή σε νέες καταστάσεις
• Λήψη αποφάσεων
• Ατομική εργασία
• Εργασία σε διεπιστημονικό περιβάλλον
• Σχεδιασμός και διαχείριση έργων
• Σεβασμός στο φυσικό περιβάλλον
• Προαγωγή της ελεύθερης, δημιουργικής και επαγωγικής σκέψης","- Σύντομη περιγραφή μαθήματος:
Το μάθημα αποσκοπεί στην παροχή στους φοιτητές του βασικού θεωρητικού υπόβαθρου για το μάθημα ‘ΥΔΡ013 Κυματομηχανική και Έργα Ανοικτής Θάλασσας’. Περιλαμβάνει την αναγκαία ύλη για την κατανόηση: (α) των γραμμικών και μη γραμμικών θεωριών κυματομηχανικής, (β) του υπολογισμού υδροδυναμικών φορτίων σε λεπτόγραμμα μέλη και ογκώδη σώματα και (γ) της ανάλυσης και σχεδιασμού καλωδιώσεων αγκύρωσης και αγωγών μεταφοράς ρευστού σε θαλάσσιο περιβάλλον.

- Περιεχόμενο διαλέξεων 
   o Γραμμική και μη-γραμμική θεωρία κυματισμών. Κινηματική του υλικού. Μαθηματικές θεωρίες κυμάτων. Mονοχρωματικοί και στοχαστικοί κυματισμοί. Aνεμογενείς κυματισμοί. Κατευθυνόμενα ενεργειακά φάσματα, στατιστική ανάλυση. Πρόγνωση κυματισμών.
   o Ακραίοι κυματισμοί. Κύμα σχεδιασμού και σχεδιαστικές απαιτήσεις στο σχεδιασμό έργων ανοικτής θάλασσας.
   o Κυματικές φορτίσεις και φορτίσεις συνδυασμού κυματισμού-ρεύματος σε κατασκευές. Κυματικές φορτίσεις σε λεπτόγραμμα μέλη (κατακόρυφα, υπό κλίση, ομάδα μελών) και σε ογκώδη σώματα.
   o Κυματικές δυνάμεις κρούσης. Υδροδυναμικές φορτίσεις ανώτερης τάξης.
   o Τύποι, ανάλυση και σχεδιασμός έργων ανοικτής θάλασσας. Κατασκευή συστημάτων θαλάσσιων κατασκευών για εκμετάλλευση υποθαλάσσιων ενεργειακών πόρων.
   o Καλωδιώσεις αγκύρωσης πλωτών κατασκευών. Τύποι και υλικά κατασκευής συστημάτων αγκύρωσης. Στατική και δυναμική ανάλυση θαλάσσιων καλωδιώσεων αγκύρωσης.
   o Θαλάσσιοι αγωγοί μεταφοράς ρευστών. Γραμμική δυναμική συμπεριφορά αγωγών μεταφοράς ρευστού.",,,Πρόσωπο με πρόσωπο,"Υποστήριξη Μαθησιακής διαδικασίας (Διδασκαλία και Επικοινωνία με φοιτητές) μέσω διαλέξεων σε PowerPoint, μέσω ηλεκτρονικής ιστοσελίδας μαθήματος, μέσω της ηλεκτρονικής πλατφόρμας e-learning και μέσω επιπλέον ηλεκτρονικής επικοινωνίας με τους φοιτητές (online ανακοινώσεις και σχόλια, email κτλ). Επιπλέον υλικό (παρουσιάσεις διαλέξεων, εκπαιδευτικά videos, χρήσιμα sites και επιστημονικά άρθρα) ανηρτημένο στο e-learning. Ώρα συνεργασίας καθηγητή-φοιτητών είτε με φυσική παρουσία είτε μέσω τηλεσυνάντησης.",Διαλέξεις Θεωρίας,36,Ασκήσεις Εφαρμογής,16,Συγγραφή Εργασίας,10,Εκπαιδευτική Επίσκεψη (όταν πραγματοποιείται),,Αυτοτελής Μελέτη & Ανάλυση Βιβλιογραφίας,,130,"Γλώσσα Αξιολόγησης: Ελληνική

Γραπτή Εξέταση με Ερωτήσεις Εκτεταμένης Απάντησης (Διαμορφωτική ή/και Συμπερασματική)

Αξιολόγηση Θεωρίας (80% του τελικού βαθμού):
• Γραπτή εξέταση προόδου (20% του τελικού βαθμού) που περιλαμβάνει:
   o Θεωρητικές ερωτήσεις Εκτεταμένης Απάντησης (Διαμορφωτική ή/και Συμπερασματική)
   o Επίλυση προβλημάτων-ασκήσεων
• Γραπτή τελική εξέταση (60% του τελικού βαθμού) που περιλαμβάνει:
   o Θεωρητικές ερωτήσεις Εκτεταμένης Απάντησης (Διαμορφωτική ή/και Συμπερασματική)
   o Επίλυση προβλημάτων-ασκήσεων
• Ατομική εργασία (20% του τελικού βαθμού)

Το παρόν κείμενο περιγραφής του μαθήματος με τα κριτήρια αξιολόγησης είναι προσβάσιμο στους φοιτητές στον οδηγό σπουδών του Τμήματος (ιστοσελίδα Τμήματος) και στην ιστοσελίδα του μαθήματος.
Το περίγραμμα κοινοποιείται προφορικά στους φοιτητές κατά την πρώτη διάλεξη.","Καραμπάς Θεοφάνης, Δήμας Αθανάσιος, Λουκογεωργάκη Ευαγγελία, ΑΚΤΟΜΗΧΑΝΙΚΗ ΚΑΙ ΛΙΜΕΝΙΚΑ ΕΡΓΑ, Εκδόσεις ΔΙΣΙΓΜΑ, 2020, ISBN: 978-618-5242-92-3. Κωδικός Βιβλίου στον Εύδοξο: 94690348
Χατζηγεωργίου Ιωάννης, ΔΥΝΑΜΙΚΗ ΤΩΝ ΑΓΩΓΩΝ ΜΕΤΑΦΟΡΑΣ ΡΕΥΣΤΩΝ, Εκδόσεις Ελληνικά Ακαδημαϊκά Ηλεκτρονικά Συγγράμματα και Βοηθήματα - Αποθετήριο ""Κάλλιπος"", 2016, ISBN: 978-960-603-085-7. Κωδικός Βιβλίου στον Εύδοξο: 320023
Κουτίτας Χριστόφορος, Εισαγωγή στην παράκτια τεχνική και τα λιμενικά έργα, Εκδόσεις Ζήτη, 1994, ISBN: 960-431-289-8. Κωδικός Βιβλίου στον Εύδοξο: 11264
Κρεστενίτης Ιωάννης, Κομπιάδου Κατερίνα, Μακρής Χρήστος, Ανδουλιδάκης Γιάννης, Καραμπάς Θεοφάνης, ΠΑΡΑΚΤΙΑ ΜΗΧΑΝΙΚΗ - ΘΑΛΑΣΣΙΑ ΠΕΡΙΒΑΛΛΟΝΤΙΚΗ ΥΔΡΑΥΛΙΚΗ, Εκδόσεις Ελληνικά Ακαδημαϊκά Ηλεκτρονικά Συγγράμματα και Βοηθήματα - Αποθετήριο ""Κάλλιπος"", 2016 (1η έκδοση), ISBN: 978-960-603-253-0. Κωδικός Βιβλίου στον Εύδοξο: 320173
Karimirad M., Michailides C., Nematbakhsh A., Offshore Mechanics: Structural and Fluid Dynamics for Recent Applications, Εκδόσεις John Wiley & Sons, 2018, ISBN: 978-1-119-21662-9
Dean R.G., Dalrymple R.A., Water Wave Mechanics for Engineers and Scientists, World Scientific, ΙSBN 978-981-02-0420-4, 1991.
Chakrabarti Subrata K., Handbook of Offshore Engineering, Elsevier Ltd., ΙSBN 978-0-08-044381-2, 2005.",,
79,ΥΔΡ012,Υδραυλική Περιβάλλοντος,ΜΗΧΑΝΙΚΩΝ,ΠΟΛΙΤΙΚΩΝ ΜΗΧΑΝΙΚΩΝ,Προπτυχιακό,8,Διαλέξεις και Ασκήσεις Εφαρμογής,4,5,,,,Κατεύθυνσης,,"ΥΔΡ002 – Μηχανική των ρευστών
ΥΔΡ003 – Υδραυλική
ΥΔΡ005 – Υπόγεια Υδραυλική και Τεχνική Υδρολογία
ΥΔΡ006 – Υδραυλική των ανοιχτών αγωγών και ποταμών
ΥΔΡ008 – Υπολογιστική Ρευστομηχανική","Ελληνικά
(Φοιτητές Erasmus: Ελληνικά ή Αγγλικά)","Ελληνικά
(Φοιτητές Erasmus: Ελληνικά ή Αγγλικά)",,"Με την επιτυχή ολοκλήρωση του μαθήματος, οι φοιτητές θα είναι σε θέση να:
• αναγνωρίζουν μαθηματικές και αναλυτικές υπολογιστικές μεθόδους με εφαρμογή στην υδραυλική περιβάλλοντος
• κατανοούν διεργασίες μεταφοράς ρύπων σε υδάτινους αποδέκτες και μαθηματικά ομοιώματα ρύπανσης
• εξετάζουν την αραίωση λυμάτων (στον χρόνο και στον χώρο) σε διάφορες συνθήκες υδάτινου περιβάλλοντος
• υπολογίζουν την συγκέντρωση ρύπου που διασπείρεται σε ποτάμι λαμβάνοντας υπόψη υδραυλικές αλληλεπιδράσεις και διεργασίες
• εξηγούν φαινόμενα τυρβωδών ανωστικών φλεβών με χρήση διαστατικής ανάλυσης
• αξιολογούν και σχεδιάζουν έργα διάθεσης λυμάτων στη θάλασσα","• Αναζήτηση, ανάλυση και σύνθεση δεδομένων και πληροφοριών
• Προσαρμογή σε νέες καταστάσεις
• Λήψη αποφάσεων
• Ατομική εργασία
• Εργασία σε διεπιστημονικό περιβάλλον
• Σχεδιασμός και διαχείριση έργων
• Σεβασμός στο φυσικό περιβάλλον
• Προαγωγή της ελεύθερης, δημιουργικής και επαγωγικής σκέψης","- Σύντομη περιγραφή μαθήματος:
Το μάθημα αποσκοπεί στην παροχή στους φοιτητές του βασικού θεωρητικού υπόβαθρου για το μάθημα ‘ΥΔΡ012 Υδραυλική Περιβάλλοντος’. Περιλαμβάνει την αναγκαία ύλη για την κατανόηση: (α) των διαδικασιών μεταφοράς ρύπων σε υδάτινους αποδέκτες, (β) του υδραυλικού υπολογισμού υποθαλάσσων αγωγών λυμάτων και (γ) της περιγραφής τυρβώδους διάχυσης σε ποταμούς και παράκτιες περιοχές.

- Περιεχόμενο διαλέξεων 
   o Εισαγωγή: βασικές έννοιες και ορισμοί. Πρακτικά προβλήματα περιβαλλοντικής ρευστομηχανικής. Διεργασία ρύπανσης σε υδάτινους αποδέκτες. Αλληκεπίδραση πεδίου ροής και ρύπανσης. Βασικές εξισώσεις ροής και αντίστοιχα μαθηματικά μοντέλα.
   o Εξίσωση μοριακής και τυρβώδους διάχυσης. Διάχυση παθητικών ρύπων. Μονοδιάστατη εξίσωση μοριακής διάχυσης (νόμος του Fick και αναλυτικές λύσεις).
   o Μονοδιάστατη εξίσωση μετάθεσης-διάχυσης: εξαγωγή και αναλυτικές λύσεις. Διάχυση σε ακίνητο ή κινούμενο αποδέκτη λόγω στιγμιαίας ή συνεχούς έγχυσης ρύπων.
   o Υδραυλική απόθεσης υγρών λυμάτων σε θαλάσσιο περιβάλλον. Φλέβες, πλούμια, ανωστικές φλέβες. Μέθοδοι υπολογισμού της αραίωσης των ρύπων και της περιβαλλοντικής επιβάρυνσης.
   o Τυρβώδεις ανωστικές ροές.
   o Ομοιογενές ή στρωματισμένος αποδέκτης, ακίνητου ή με ύπαρξη ρεύματος. Εξάπλωση ρύπων σε βυθισμένο επίπεδο. Υποθαλάσσιοι αγωγοί διάθεσης λυμάτων. Υδραυλικός σχεδιασμός διαχυτήρα
   o Τυρβώδης διάχυση και διασπορά κατά την ανάμιξη σε ποταμούς. Εξίσωση μετάθεσης-διάχυσης για τυρβώδη ροή. Κατά μήκος διασπορά. Αναλυτικές λύσεις και εφαρμογές.",,,Πρόσωπο με πρόσωπο,"Υποστήριξη Μαθησιακής διαδικασίας (Διδασκαλία και Επικοινωνία με φοιτητές) μέσω διαλέξεων σε PowerPoint, μέσω ηλεκτρονικής ιστοσελίδας μαθήματος, μέσω της ηλεκτρονικής πλατφόρμας e-learning και μέσω επιπλέον ηλεκτρονικής επικοινωνίας με τους φοιτητές (online ανακοινώσεις και σχόλια, email κτλ). Επιπλέον υλικό (παρουσιάσεις διαλέξεων, εκπαιδευτικά videos, χρήσιμα sites και επιστημονικά άρθρα) ανηρτημένο στο e-learning. Ώρα συνεργασίας καθηγητή-φοιτητών είτε με φυσική παρουσία είτε μέσω τηλεσυνάντησης.",Διαλέξεις Θεωρίας,36,Ασκήσεις Εφαρμογής,16,Συγγραφή Εργασίας,10,Αυτοτελής Μελέτη & Ανάλυση Βιβλιογραφίας,68,,,130,"Γλώσσα Αξιολόγησης: Ελληνική

Γραπτή Εξέταση με Ερωτήσεις Εκτεταμένης Απάντησης (Διαμορφωτική ή/και Συμπερασματική)

Αξιολόγηση Θεωρίας (80% του τελικού βαθμού):
• Γραπτή εξέταση προόδου (20% του τελικού βαθμού) που περιλαμβάνει:
   o Θεωρητικές ερωτήσεις Εκτεταμένης Απάντησης (Διαμορφωτική ή/και Συμπερασματική)
   o Επίλυση προβλημάτων-ασκήσεων
• Γραπτή τελική εξέταση (60% του τελικού βαθμού) που περιλαμβάνει:
   o Θεωρητικές ερωτήσεις Εκτεταμένης Απάντησης (Διαμορφωτική ή/και Συμπερασματική)
   o Επίλυση προβλημάτων-ασκήσεων
• Ατομική εργασία (20% του τελικού βαθμού)

Το παρόν κείμενο περιγραφής του μαθήματος με τα κριτήρια αξιολόγησης είναι προσβάσιμο στους φοιτητές στον οδηγό σπουδών του Τμήματος (ιστοσελίδα Τμήματος) και στην ιστοσελίδα του μαθήματος.
Το περίγραμμα κοινοποιείται προφορικά στους φοιτητές κατά την πρώτη διάλεξη.","Κωτσοβίνος Νικόλαος, Αγγελίδης Παναγιώτης, Υδραυλική Περιβάλλοντος, Εκδόσεις ΣΠΑΝΙΔΗ, 2008, ISBN: 978-960-6653-27-8. Κωδικός Βιβλίου στον Εύδοξο: 845
Ι.Δ.Δημητρίου, Δ.Ι.Δημητρίου, ΠΕΡΙΒΑΛΛΟΝΤΙΚΗ ΥΔΡΑΥΛΙΚΗ, Εκδόσεις fountas, 2009, ISBN: 978960330675-7. Κωδικός Βιβλίου στον Εύδοξο: 4320
Κρεστενίτης Ιωάννης, Κομπιάδου Κατερίνα, Μακρής Χρήστος, Ανδουλιδάκης Γιάννης, Καραμπάς Θεοφάνης, ΠΑΡΑΚΤΙΑ ΜΗΧΑΝΙΚΗ - ΘΑΛΑΣΣΙΑ ΠΕΡΙΒΑΛΛΟΝΤΙΚΗ ΥΔΡΑΥΛΙΚΗ, Εκδόσεις Ελληνικά Ακαδημαϊκά Ηλεκτρονικά Συγγράμματα και Βοηθήματα - Αποθετήριο ""Κάλλιπος"", 2016 (1η έκδοση), ISBN: 978-960-603-253-0. Κωδικός Βιβλίου στον Εύδοξο: 320173
Γκανούλης Ιάκωβος Γ., Υδραυλική περιβάλλοντος, Εκδόσεις Παρατηρητής, 1984, ISBN: 978-960-260-072-6. Κωδικός Βιβλίου στον Εύδοξο: 15191
Καραμπάς Θεοφάνης, Κρεστενίτης Ιωάννης, Κουτίτας Χριστόφορος, Ακτομηχανική – Έργα Προστασία Ακτών, Εκδόσεις Ελληνικά Ακαδημαϊκά Ηλεκτρονικά Συγγράμματα και Βοηθήματα - Αποθετήριο ""Κάλλιπος"", 2015, ISBN: 978-960-603-378-0",,
80,ΥΔΡ013,Παράκτια Μηχανική και Λιμενικά Έργα,ΜΗΧΑΝΙΚΩΝ,ΠΟΛΙΤΙΚΩΝ ΜΗΧΑΝΙΚΩΝ,Προπτυχιακό,9,Διαλέξεις και Ασκήσεις Εφαρμογής,4,5,,,,Επιστημονικής Περιοχής,,ΥΔΡ002 – Μηχανική των ρευστών,"Ελληνικά
(Φοιτητές Erasmus: Ελληνικά ή Αγγλικά)","Ελληνικά
(Φοιτητές Erasmus: Ελληνικά ή Αγγλικά)",,"Με την επιτυχή ολοκλήρωση του μαθήματος, οι φοιτητές θα είναι σε θέση να:
• προσδιορίζουν και περιγράφουν τις θαλάσσιες υδραυλικές διεργασίες στον παράκτιο χώρο
• εκτιμούν την διάδοση κυματισμών στο παράκτιο μέτωπο και διακρίνουν τις κυματικές διεργασίες στον παράκτιο χώρο
• υπολογίζουν τις κυματικές φορτίσεις σε κατακόρυφο μέτωπο και κυματοθραύστες με πρανή και διαστασιολογούν τις κατασκευές αυτές
• σχεδιάζουν την διάταξη εσωτερικών και εξωτερικών λιμενικών έργων σε παράκτιο χώρο
• προσδιορίζουν την ύπαρξη φαινομένων μορφοδυναμικής σε ακτές
• συγκρίνουν διάφορες σχεδιαστικές λύσεις προστασίας ακτών και ορίζουν την καταλληλότερη για μείωση φαινομένων μορφοδυναμικής ακτών","• Αναζήτηση, ανάλυση και σύνθεση δεδομένων και πληροφοριών
• Προσαρμογή σε νέες καταστάσεις
• Λήψη αποφάσεων
• Ατομική εργασία
• Εργασία σε διεπιστημονικό περιβάλλον
• Σχεδιασμός και διαχείριση έργων
• Σεβασμός στο φυσικό περιβάλλον
• Προαγωγή της ελεύθερης, δημιουργικής και επαγωγικής σκέψης","- Σύντομη περιγραφή μαθήματος:
Το μάθημα αποσκοπεί στην παροχή στους φοιτητές του βασικού θεωρητικού υπόβαθρου για το μάθημα κορμού ‘ΥΔΡ013 Παράκτια Μηχανική και Λιμενικά Έργα’. Περιλαμβάνει την αναγκαία ύλη για την κατανόηση: (α) των χαρακτηριστικών της θαλάσσιας υδραυλικής ροής σε παράκτιο χώρο, (β) του σύνθετου φαινομένου της μορφοδυναμικής των ακτών και την επίδραση στην ακτομηχανική και (γ) του σχεδιασμού παράκτιων και λιμενικών έργων.

- Περιεχόμενο διαλέξεων 
   o Εισαγωγή και κατανόηση των βασικών αρχών της παράκτιας μηχανικής.
   o Θεωρίες κυμάτων. Γραμμική θεωρία κυματισμών. Ισχύς θεωριών.
   o Επίλυση βασικών συνιστωσών προβλημάτων παράκτιας μηχανικής μέσω κατανόησης των διεργασιών διάδοσης των κυματισμών στις παράκτιες περιοχές και της αλληλεπίδρασης των κυματισμών με παράκτιες κατασκευές.
   o Διάδοση κυματισμών σε παράκτιο χώρο (Ρήχωση – Διάθλαση – Περίθλαση – Θραύση – Ανάκλαση - Αναρρίχηση).
   o Ανεμογενείς κυματισμοί. Γένεση/φάσματα κυματισμών-πρόγνωση κυματισμών.
   o Παράκτια και Λιμενικά Έργα. Αρχές σχεδιασμού παράκτιων και λιμενικών έργων. Λειτουργικότητα και διάταξη λιμένων
   o Κατακόρυφα Μέτωπα. Κυματικές φορτίσεις σε κατακόρυφα μέτωπα. Σχεδιασμός και διαστασιολόγηση κατακόρυφων μετώπων.
   o Κυματοθραύστες. Σχεδιασμός και διαστασιολόγηση κυματοθραυστών.
   o Βασικές αρχές παράκτιας στερεομεταφοράς (πχ διάβρωση ακτών). Φορτίο πυθμένα. Φορτίο σε αιώρηση. Καλοκαιρινό – Θερινό προφίλ. Μορφολογικές αναδράσεις παράκτιων έργων. Αναλυτικές εξισώσεις και αριθμητικά μοντέλα.
   o Έργα προστασίας ακτών.",,,Πρόσωπο με πρόσωπο,"Υποστήριξη Μαθησιακής διαδικασίας (Διδασκαλία και Επικοινωνία με φοιτητές) μέσω διαλέξεων σε PowerPoint, μέσω ηλεκτρονικής ιστοσελίδας μαθήματος, μέσω της ηλεκτρονικής πλατφόρμας e-learning και μέσω επιπλέον ηλεκτρονικής επικοινωνίας με τους φοιτητές (online ανακοινώσεις και σχόλια, email κτλ). Επιπλέον υλικό (παρουσιάσεις διαλέξεων, εκπαιδευτικά videos, χρήσιμα sites και επιστημονικά άρθρα) ανηρτημένο στο e-learning. Ώρα συνεργασίας καθηγητή-φοιτητών είτε με φυσική παρουσία είτε μέσω τηλεσυνάντησης.",Διαλέξεις Θεωρίας,36,Ασκήσεις Εφαρμογής,16,Συγγραφή Εργασίας,10,Εκπαιδευτική Επίσκεψη (όταν πραγματοποιείται),,Αυτοτελής Μελέτη & Ανάλυση Βιβλιογραφίας,,130,"Γλώσσα Αξιολόγησης: Ελληνική

Γραπτή Εξέταση με Ερωτήσεις Εκτεταμένης Απάντησης (Διαμορφωτική ή/και Συμπερασματική)

Αξιολόγηση Θεωρίας (80% του τελικού βαθμού):
• Γραπτή εξέταση προόδου (20% του τελικού βαθμού) που περιλαμβάνει:
   o Θεωρητικές ερωτήσεις Εκτεταμένης Απάντησης (Διαμορφωτική ή/και Συμπερασματική)
   o Επίλυση προβλημάτων-ασκήσεων
• Γραπτή τελική εξέταση (60% του τελικού βαθμού) που περιλαμβάνει:
   o Θεωρητικές ερωτήσεις Εκτεταμένης Απάντησης (Διαμορφωτική ή/και Συμπερασματική)
   o Επίλυση προβλημάτων-ασκήσεων
• Ατομική εργασία (20% του τελικού βαθμού)

Το παρόν κείμενο περιγραφής του μαθήματος με τα κριτήρια αξιολόγησης είναι προσβάσιμο στους φοιτητές στον οδηγό σπουδών του Τμήματος (ιστοσελίδα Τμήματος) και στην ιστοσελίδα του μαθήματος.
Το περίγραμμα κοινοποιείται προφορικά στους φοιτητές κατά την πρώτη διάλεξη.","Καραμπάς Θεοφάνης, Δήμας Αθανάσιος, Λουκογεωργάκη Ευαγγελία, ΑΚΤΟΜΗΧΑΝΙΚΗ ΚΑΙ ΛΙΜΕΝΙΚΑ ΕΡΓΑ, Εκδόσεις ΔΙΣΙΓΜΑ, 2020, ISBN: 978-618-5242-92-3. Κωδικός Βιβλίου στον Εύδοξο: 94690348
Κουτίτας Χριστόφορος, Εισαγωγή στην παράκτια τεχνική και τα λιμενικά έργα, Εκδόσεις Ζήτη, 1994, ISBN: 960-431-289-8. Κωδικός Βιβλίου στον Εύδοξο: 11264
Κρεστενίτης Ιωάννης, Κομπιάδου Κατερίνα, Μακρής Χρήστος, Ανδουλιδάκης Γιάννης, Καραμπάς Θεοφάνης, ΠΑΡΑΚΤΙΑ ΜΗΧΑΝΙΚΗ - ΘΑΛΑΣΣΙΑ ΠΕΡΙΒΑΛΛΟΝΤΙΚΗ ΥΔΡΑΥΛΙΚΗ, Εκδόσεις Ελληνικά Ακαδημαϊκά Ηλεκτρονικά Συγγράμματα και Βοηθήματα - Αποθετήριο ""Κάλλιπος"", 2016 (1η έκδοση), ISBN: 978-960-603-253-0. Κωδικός Βιβλίου στον Εύδοξο: 320173
Καραμπάς Θεοφάνης, Κρεστενίτης Ιωάννης, Κουτίτας Χριστόφορος, Ακτομηχανική – Έργα Προστασία Ακτών, Εκδόσεις Ελληνικά Ακαδημαϊκά Ηλεκτρονικά Συγγράμματα και Βοηθήματα - Αποθετήριο ""Κάλλιπος"", 2015, ISBN: 978-960-603-378-0",,
81,ΣΥΓ017,Οργάνωση Εργοταξίου και Δομικές Μηχανές,ΜΗΧΑΝΙΚΩΝ,ΠΟΛΙΤΙΚΩΝ ΜΗΧΑΝΙΚΩΝ,Προπτυχιακό,9,"Διαλέξεις, Ασκήσεις Πράξης ",4,5,,,,Επιστημονικής Περιοχής,,,Ελληνική,Όχι,,"Με την επιτυχή ολοκλήρωση του μαθήματος ο φοιτητής/τρια θα είναι σε θέση:
1. Να κατανοεί τους διαφορετικούς τύπους δομικού εξοπλισμού και τη χρήση του.
2. Να υπολογίζει τις προμετρούμενες ποσότητες σε βασικές κατασκευαστικές εργασίες και να σχεδιάζει βασικές εργοταξιακές διατάξεις.
3. Να κατανοεί τις βασικές αρχές υγιεινής και ασφάλειας έργων και εργοταξίων.
4. Να υπολογίζει την παραγωγικότητα και το κόστος βασικών κατασκευαστικών εργασιών.
","Το μάθημα συμβάλει στην απόκτηση των παρακάτω ικανοτήτων:
• Αναζήτηση, ανάλυση και σύνθεση δεδομένων και πληροφοριών, με τη χρήση και των απαραίτητων τεχνολογιών.
• Σχεδιασμός και διαχείριση έργων.
• Σεβασμός στο φυσικό περιβάλλον.
• Λήψη αποφάσεων.","Εισαγωγή – Το γνωστικό αντικείμενο του Τομέα Προγραμματισμού & Διαχείρισης Τεχνικών Έργων. Περιγραφή του μαθήματος – Απαιτήσεις. Εισαγωγή στην παραγωγή τεχνικών έργων
Δομικές Μηχανές – κατηγορίες, κύριες εργασίες χωματουργικών μηχανημάτων, επιλογή μηχανικού εξοπλισμού. Κόστος δομικών μηχανών (αντικατάσταση, απομείωση αξίας, απόσβεση).
Σχέδια – ανάγνωση διαστάσεων, γενικός τρόπος επιμέτρησης, μονάδες, μετατροπή μονάδων, επιμέτρηση/προμέτρηση βασικών κατασκευαστικών εργασιών
Σχεδίαση & διαστασιολόγηση εργοταξιακών διατάξεων – Οργάνωση εργοταξίου
Νομοθετικό πλαίσιο, ΣΑΥ και ΦΑΥ. Ευθύνες εργαζομένων & εργοδοτών, ο ρόλος του Τεχνικού Ασφαλείας. Εφαρμογές
Λειτουργική Ανάλυση - Βασικές έννοιες, θεωρητικές σχέσεις – Συνδυασμός φορτωτή-αυτοκινήτου, προωθητής – συμπυκνωτής, διαγράμματα υπολογισμού – συνδυασμός αποξέστη-ταύρου. Μεθοδολογία ταχέως υπολογισμού αποδόσεων- κοστολόγηση – Ασκήσεις.",,,Στην τάξη (πρόσωπο με πρόσωπο). Δυνατότητα για εξ αποστάσεως εκπαίδευση με zoom.,Παρουσίαση διαλέξεων με χρήση Η/Υ (Powerpoint) ή/και Ασκήσεις Εφαρμογής στον πίνακα. Υποστήριξη Μαθησιακής διαδικασίας μέσω της ηλεκτρονικής πλατφόρμας e-learning (όταν αρχίσει η διδασκαλία). ,Διαλέξεις Θεωρίας,39,Ασκήσεις πράξης,13,Αυτοτελής Μελέτη με εργασία στο σπίτι,78,,,,,130,"Γλώσσα αξιολόγησης : Ελληνική
Μέθοδοι αξιολόγησης : Τελική γραπτή εξέταση (100%) ή
Τελική γραπτή εξέταση (70%) + Προαιρετική εργασία (30%)
Τα κριτήρια αξιολόγησης ανακοινώνονται στην αρχή του εξαμήνου και είναι προσβάσιμα από τους φοιτητές στο e-learning του μαθήματος και σε ανακοίνωση έξω από το γραφείο του διδάσκοντος.","Παντουβάκης, Π. & Λαμπρόπουλος, Σ. (2012) Οργάνωση Εργοταξίων, Αθήνα, ISBN 978-960-93-4005-2 (Κωδικός Ευδόξου: 12866901)
Πολύζος Σερ., Διοίκηση & Διαχείριση των Έργων [Νέα αναθεωρημένη Έκδοση] Εκδόσεις Κριτική, 2011
Πετροτσάτου Κ. & Μαρινέλλη Μ. – Δομικές μηχανές, λειτουργική ανάλυση και κοσολόγηση έργων Πολιτ. Μηχαν. (2018) Εκδόσεις Κριτική  ISBN : 9789605862534",,
82,ΔΟΜ031,Επισκευές-Ενισχύσεις Κατασκευών,ΜΗΧΑΝΙΚΩΝ,ΠΟΛΙΤΙΚΩΝ ΜΗΧΑΝΙΚΩΝ,Προπτυχιακό,9,"Διαλέξεις, Ασκήσεις Πράξης ",4,5,,,,Κατεύθυνσης,,"Οπλισμένο Σκυρόδεμα ΙΙ
Αντισεισμικός Σχεδιασμός
Δυναμική των Κατασκευών",Ελληνική,Όχι,https://elearning.cm.ihu.gr/course/view.php?id=440,"Με την επιτυχή ολοκλήρωση του μαθήματος οι φοιτητές θα είναι σε θέση:
1. Να αναγνωρίζει τις μορφές αστοχίας σε υφιστάμενες κατασκευές
2. Να αντιλαμβάνεται τις έννοιες της επέμβασης, επισκευής, ενίσχυσης, αποτίμησης και τρωτότητας των κατασκευών
3. Να έχει τη δυνατότητα να επιλέξει την κατάλληλη στρατηγική επέμβασης (υλικά/τεχνικές) σε μία υφιστάμενη κατασκευή
4. Να εκτιμά την φέρουσα ικανότητα δομικών στοιχείων οπλισμένου σκυροδέματος
5. Να χρησιμοποιεί τον Κανονισμό Επεμβάσεων (ΚΑΝ.ΕΠΕ.) για την αποτίμηση μιας υφιστάμενης κατασκευής και την επιλογή κατάλληλης επέμβασης","Το μάθημα συμβάλει στην απόκτηση των παρακάτω ικανοτήτων:
• Αναζήτηση, ανάλυση και σύνθεση δεδομένων και πληροφοριών, με τη χρήση και των απαραίτητων τεχνολογιών.
• Σχεδιασμός και διαχείριση έργων.
• Λήψη αποφάσεων.
• Αυτόνομη εργασία
• Προαγωγή της ελεύθερης, δημιουργικής και επαγωγικής σκέψης","Περιεχόμενη θεωρητικών διαλέξεων
   • Εισαγωγή στις έννοιες της αποτίμησης και της τρωτότητας των κατασκευών
   • Στρατηγικές και σχεδιασμός αντισεισμικής ενίσχυσης κτιρίων
   • Επισκόπηση κανονιστικών διατάξεων και οδηγιών που αφορούν τις επεμβάσεις και τις ενισχύσεις των κατασκευών. Εισαγωγή στον ΚΑΝ.ΕΠΕ.
   • Εκτίμηση της φέρουσας ικανότητας δομικών στοιχείων Ο/Σ
   • Υλικά και τεχνικές επεμβάσεων/ενισχύσεων (μανδύες Ο/Σ, FRP κτλ)
   • Εισαγωγή σε ανελαστικές μεθόδους ανάλυσης των κατασκευών

Περιεχόμενο ασκήσεων
   • Υπολογισμός της φέρουσας ικανότητας υφιστάμενων δομικών στοιχείων Ο/Σ
   • Επιλογή κατάλληλων μεθόδων ενίσχυσης και υπολογισμός της φέρουσας ικανότητας των ενισχυμένων δομικών στοιχείων
   • Αριθμητικές εφαρμογές ΚΑΝ.ΕΠΕ.
   • Παράδειγμα ανελαστικής στατικής ανάλυσης",,,"Στην τάξη (πρόσωπο με πρόσωπο). 
Δυνατότητα για εξ αποστάσεως εκπαίδευση εάν απαιτηθεί.
","Παρουσίαση  διαλέξεων  με  χρήση  Η/Υ (παρουσιάσεις, φωτογραφίες, βίντεο πειραμάτων, κτλ).
Χρήση της ηλεκτρονικής πλατφόρμας elearning με αναρτήσεις εκπαιδευτικού υλικού σε ηλεκτρονική μορφή και αλληλεπίδραση με τους φοιτητές.
Ανάθεση  εργασιών  και ηλεκτρονική υποβολή τους μέσω  της πλατφόρμας elearning.
Βοηθήματα και παραδείγματα επίλυσης προβλημάτων και ασκήσεων μέσω αυτοματοποιημένων διαδικασιών (jupyter notebooks, excel, κ.α.)
",Διαλέξεις,26,Ασκήσεις πράξης,26,Εκπόνηση εργασίας,20,Αυτοτελής Μελέτη,58,,,130,"Γλώσσα αξιολόγησης: Ελληνική

Μέθοδοι αξιολόγησης:
   • Τελική γραπτή εξέταση (70%)
   • Υποχρεωτική εργασία (30%)

Το παρόν κείμενο περιγραφής του μαθήματος με τα κριτήρια  αξιολόγησης  είναι  προσβάσιμο  στους  φοιτητές στον οδηγό σπουδών του Τμήματος (ιστοσελίδα Τμήματος)και στην ιστοσελίδα του μαθήματος
","Δρίτσος Σ., (2005) Επισκευές και ενισχύσεις κατασκευών από οπλισμένο σκυρόδεμα, Γ’ Έκδοση, Πάτρα
Σπυράκος, Κ., (2004) Ενίσχυση κατασκευών για σεισμικά φορτία, ΤΕΕ
ΟΑΣΠ, (2017) Κανονισμός Επεμβάσεων (ΚΑΝ.ΕΠΕ.), 2η Αναθεώρηση",,
83,ΔΟΜ032,Γεφυροποιία - Τεχνικά έργα οδοποιίας,ΜΗΧΑΝΙΚΩΝ,ΠΟΛΙΤΙΚΩΝ ΜΗΧΑΝΙΚΩΝ,Προπτυχιακό,9,"Διαλέξεις, Ασκήσεις Πράξης ",4,5,,,,Κατεύθυνσης,,,Ελληνική,Όχι,,"Με την επιτυχή ολοκλήρωση του μαθήματος οι φοιτητές θα είναι σε θέση:
1. Να κατανοούν τις βασικές αρχές που διέπουν το στατικό σύστημα, τη μόρφωση της ανωδομής και της θεμελίωσης των γεφυρών
2. Να γνωρίζουν το κανονιστικό πλαίσιο σχεδιασμού των γεφυρών
3. Να γνωρίζουν τους τύπους γεφυρών και το πεδίο εφαρμογής τους
4. Να υπολογίζουν τις δράσεις σχεδιασμού οδικών γεφυρών σύμφωνα με τους Ευρωκώδικες (φορτία κυκλοφορίας, ανέμου, σεισμικές δράσεις κτλ)
5. Να προσομοιώνουν, αναλύουν και διαστασιολογούν βάθρα και καταστρώματα γεφυρών
6. Να έχουν τη δυνατότητα να σχεδιάζουν μικρά τεχνικά έργα, οχετούς, έργα αντιστήριξης κ.τ.λ.","Το μάθημα συμβάλει στην απόκτηση των παρακάτω ικανοτήτων:
• Αναζήτηση, ανάλυση και σύνθεση δεδομένων και πληροφοριών, με τη χρήση και των απαραίτητων τεχνολογιών.
• Σχεδιασμός και διαχείριση έργων.
• Λήψη αποφάσεων.
• Αυτόνομη εργασία
• Προαγωγή της ελεύθερης, δημιουργικής και επαγωγικής σκέψης","• Εισαγωγή στη γεφυροποιία. Τύποι γεφυρών. Μέθοδοι κατασκευής
• Στοιχεία γεφυρών. Βάθρα. Κατάστρωμα. Αρμοί και εφέδρανα. Θεμελιώσεις γεφυρών.
• Δράσεις σχεδιασμού οδικών γεφυρών σύμφωνα με τους Ευρωκώδικες. Σεισμική συμπεριφορά γεφυρών. Βασικές  αρχές  σχεδιασμού  έναντι  σεισμού.
• Σχεδιασμός βάθρων γεφυρών (προσομοίωση, ανάλυση και διαστασιολόγηση)
• Σχεδιασμός καταστρωμάτων γεφυρών (προσομοίωση, ανάλυση και διαστασιολόγηση)
• Σχεδιασμός μικρών τεχνικών έργων, οχετών, έργων αντιστήριξης κ.τ.λ.",,,"Στην τάξη (πρόσωπο με πρόσωπο). 
Δυνατότητα για εξ αποστάσεως εκπαίδευση εάν απαιτηθεί.
","Παρουσίαση  διαλέξεων  με  χρήση  Η/Υ (παρουσιάσεις, φωτογραφίες, βίντεο πειραμάτων, κτλ).
Χρήση της ηλεκτρονικής πλατφόρμας elearning με αναρτήσεις εκπαιδευτικού υλικού σε ηλεκτρονική μορφή και αλληλεπίδραση με τους φοιτητές.
Ανάθεση  εργασιών  και ηλεκτρονική υποβολή τους μέσω  της πλατφόρμας elearning.
Βοηθήματα και παραδείγματα επίλυσης προβλημάτων και ασκήσεων μέσω αυτοματοποιημένων διαδικασιών (jupyter notebooks, excel, κ.α.)
",Διαλέξεις,26,Ασκήσεις πράξης,26,Εκπόνηση εργασίας,20,Αυτοτελής Μελέτη,58,,,130,"Γλώσσα αξιολόγησης: Ελληνική

Μέθοδοι αξιολόγησης:
   • Τελική γραπτή εξέταση (70%)
   • Υποχρεωτική εργασία (30%)

Το παρόν κείμενο περιγραφής του μαθήματος με τα κριτήρια  αξιολόγησης  είναι  προσβάσιμο  στους  φοιτητές στον οδηγό σπουδών του Τμήματος (ιστοσελίδα Τμήματος)και στην ιστοσελίδα του μαθήματος
","Τέγος I.Α. (2007). Ολόσωμες γέφυρες (2η έκδοση), Εκδ. Τσιαρτσιάνης
Leonhardt, F., Monnig,  E.  (1980).  Ολόσωμες  Κατασκευές  Τόμος  6ος:  Oλόσωμες  Γέφυρες,  Εκδ. Γκιούρδας.
Ερμόπουλος Ι. (2000). Σιδηρές και σύμμικτες γέφυρες, Εκδ. Κλειδάριθμος. ",,
84,ΔΟΜ033,Ελαστοπλαστική Ανάλυση Κατασκευών,ΜΗΧΑΝΙΚΩΝ,ΠΟΛΙΤΙΚΩΝ ΜΗΧΑΝΙΚΩΝ,Προπτυχιακό,9,"Διαλέξεις, Ασκήσεις Πράξης ",4,5,,,,Κατεύθυνσης,,,Ελληνική,Ναι,,"Οι φοιτητές με την επιτυχή ολοκλήρωση του μαθήματος αναμένεται να είναι σε θέση να: 
• γνωρίζουν τις βασικές αρχές της πλαστικής συμπεριφοράς των ραβδωτών κατασκευών
• καταστρώνουν και επιλύνουν ένα ελαστοπλαστικό πρόβλημα φόρτισης ενός μέσου και να υπολογίζουν τάσεις και παραμορφώσεις
• επιλέγουν κριτήριο διαρροής ανάλογα με το υλικό εφαρμογής, 
• να δομούν τους μηχανισμούς κατάρρευσης σε ραβδωτές κατασκευές
• προσδιορίζουν με το χέρι αλλά και με υπολογιστικά εργαλεία το φορτίο κατάρρευσης πλαισίων.","• Λήψη αποφάσεων
• Σχεδιασμός και διαχείριση έργων
• Αυτόνομη εργασία
• Αναζήτηση, ανάλυση και σύνθεση δεδομένων και πληροφοριών, με τη χρήση και των απαραίτητων τεχνολογιών ","• Ελαστοπλαστική - ελαστική ανάλυση. Ανακατανομή δυνάμεων. Πλαστιμότητα.
• Πλαστική καθαρή κάμψη. Κάμψη με ορθή δύναμη. Επιφάνειες αλληλεπίδρασης. Αποφόρτιση. Επιρροή διάτμησης.
• Βήμα προς βήμα ελαστοπλαστική ανάλυση ισοστατικών και υπερστατικών φορέων. Μετατοπίσεις.
• Εφαρμογή Αρχής των Δυνατών Έργων στην ελαστοπλαστική ανάλυση. Κατανομή ροπών. Κινηματικά αποδεκτοί μηχανισμοί.
• Πλαστική οριακή ανάλυση.
• Φορτία και μηχανισμοί κατάρρευσης απλών και πλαισιακών φορέων.
• Συγκεντρωμένη - Κατανεμημένη Πλαστικότητα. Κριτήρια διαρροής. Μη γραμμική ανάλυση.
• Δυναμική πλαστική ανάλυση.",,,Πρόσωπο με πρόσωπο (Στην αίθουσα διδασκαλίας) ,,Διαλέξεις,52,Αυτοτελής Μελέτη,78,,,,,,,130,"1. Ανάθεση εργασιών με στόχο την διερεύνηση της κατανόησης των εννοιών που διδάχθηκαν.
2. Τελική γραπτή εξέταση στο τέλος του εξαμήνου (στην ελληνική γλώσσα).","Μ. Παπαδρακάκης: «Μαθήματα Στατικής V - Πλαστική Ανάλυση Ραβδοτών Φορέων», Εκδόσεις Τσότρας, 2013, ISBN 978-618-5066-02-4
Jagabanduhu Chakrabarty: “Theory of Plasticity”, 3rd Edition, Butterworth-Heinemann, 2006, ISBN: 9780750666381",,
85,ΔΟΜ034,Ενεργειακός Σχεδιασμός Κτιρίων,ΜΗΧΑΝΙΚΩΝ,ΠΟΛΙΤΙΚΩΝ ΜΗΧΑΝΙΚΩΝ,Προπτυχιακό,9,"Διαλέξεις, Ασκήσεις Πράξης ",4,5,,,,Κατεύθυνσης,,,Ελληνική,Όχι,https://elearning.cm.ihu.gr/,"Με την επιτυχή ολοκλήρωση του μαθήματος κάθε φοιτητής αναμένεται να είναι σε θέση:
- Να γνωρίζει τις βασικές έννοιες και στρατηγικές του ενεργειακού σχεδιασμού των κτιρίων και να περιγράφει τα σχετικά θέματα χρησιμοποιώντας και κατανοώντας την αντίστοιχη ορολογία.
- Να διακρίνει, να κατανοεί και να εφαρμόζει τις αρχές της βιοκλιματικής αρχιτεκτονικής και τις βασικές μεθοδολογίες σχεδιασμού παθητικών κτιρίων. 
- Να αναλύει τα χαρακτηριστικά ενός συμβατικού κτιρίου με στόχο την ενεργειακή του αναβάθμιση, να αξιολογεί τις επιλογές που δίνονται με την ενσωμάτωση σε αυτό παθητικών συστημάτων, με επεμβάσεις στο κτιριακό κέλυφος (στοιχεία πλήρωσης, ανοίγματα, επιστέγαση) και στη λειτουργική διάρθρωση της κάτοψης, με τη χρήση ψυχρών υλικών και επεμβάσεις στον περιβάλλοντα χώρο και, τεκμηριωμένα, να προτείνει μικρότερες και μεγαλύτερες επεμβάσεις στην κατεύθυνση της αναβάθμισης αυτής.
- Να δημιουργήσει, να συνθέσει εξ αρχής αρχιτεκτονικά και κατασκευαστικά, σε επίπεδο προμελέτης με στοιχεία οριστικής μελέτης (κλίμακες 1:100-1:50), ένα κτίριο μικρής κλίμακας (κατοικία) χρησιμοποιώντας τα εργαλεία, τις τεχνικές και τις μεθόδους του ενεργειακού σχεδιασμού των κτιρίων, προσδιορίζοντας και τον περιβάλλοντα χώρο του κτιρίου αυτού. Προϋπόθεση, η γνώση των κανόνων σχεδίασης (τεχνικό σχέδιο και AutoCAD) και μία ελάχιστη προηγούμενη επαφή με τον αρχιτεκτονικό σχεδιασμό (που καλύπτεται από το Πρόγραμμα Σπουδών του Τμήματος). ","Το μάθημα συμβάλει στην απόκτηση των παρακάτω ικανοτήτων:
- Αναζήτηση, ανάλυση και σύνθεση δεδομένων και πληροφοριών, με τη χρήση και των απαραίτητων τεχνολογιών 
- Προσαρμογή σε νέες καταστάσεις 
- Λήψη αποφάσεων 
- Αυτόνομη εργασία 
- Ομαδική εργασία 
- Εργασία σε διεπιστημονικό περιβάλλον
- Σχεδιασμός και διαχείριση έργων
- Σεβασμός στο φυσικό περιβάλλον
- Άσκηση κριτικής και αυτοκριτικής 
- Προαγωγή της ελεύθερης, δημιουργικής και επαγωγικής σκέψης","Το μάθημα εισάγει τους φοιτητές στο αντικείμενο του ενεργειακού σχεδιασμού των κτιρίων, με έμφαση στο παθητικό κτίριο και τις ήπιες τεχνικές και τεχνολογικές εφαρμογές που υλοποιούνται στο πλαίσιο της αειφορίας της δόμησης και της βιωσιμότητας των σύγχρονων κατασκευών.  Στόχος να γνωρίσουν και να κατανοήσουν τη βασική θεωρία της βιοκλιματικής αντίληψης στον σχεδιασμό και ανασχεδιασμό των κτιρίων και, προοδευτικά, να καταστούν ικανοί να σχεδιάσουν οι ίδιοι (εφαρμογή) κτιριακές κατασκευές με γνώμονα τη βιοκλιματική αντίληψη. Ακόμα, να επέμβουν διορθωτικά (αναβάθμιση) σε υφιστάμενα συμβατικά κτίρια, στην ίδια κατεύθυνση. Το μάθημα περιλαμβάνει θεωρητικές διαλέξεις και ασκήσεις πράξης, σχεδιασμού και υπολογισμών πρώτου επιπέδου, σύντομες ή εκτενείς εργασίες που προάγουν την αναλυτική και συνθετική σκέψη, προκρίνοντας την ενεργό συμμετοχή των φοιτητών στο μάθημα. Η τελική αξιολόγηση είναι συνισταμένη της μελέτης, της κατανόησης, της εφαρμογής και της ενεργού συμμετοχής στο μάθημα.
Οι θεματικές περιοχές τις οποίες, ενδεικτικά, διατρέχει το μάθημα (θεωρία, ασκήσεις και εργασίες) έχουν ως εξής:
Εισαγωγή στον Ενεργειακό Σχεδιασμό, ορισμοί, στόχοι. Παράμετροι που επηρεάζουν τον σχεδιασμό βιοκλιματικών κτιρίων. Κλίμα και φυσικό περιβάλλον. Αρχές Βιοκλιματικής Αρχιτεκτονικής.
Στρατηγικές θέρμανσης - ψυχρή περίοδος. Χαρακτηριστικά, ζητούμενα, στόχοι, ευρωπαϊκό και ελληνικό περιβάλλον.
Το κτίριο ως φυσικός ηλιακός συλλέκτης. Αρχές Σχεδιασμού και Στρατηγικές Θέρμανσης. Προσανατολισμός, ανοίγματα, λειτουργική διάρθρωση κάτοψης. Υλικά κατασκευής. Ηλιακή ακτινοβολία. Βασικοί νόμοι της θερμοδυναμικής. Οι έννοιες της θερμικής και της οπτικής άνεσης. 
Το κτίριο ως θερμική αποθήκη. Αρχές Σχεδιασμού και Στρατηγικές Θέρμανσης. Θερμική μάζα του κτιρίου, θερμοχωρητικότητα, θερμικό ισοζύγιο, υλικά. Εισαγωγή στα παθητικά ηλιακά συστήματα. 
Ηλιακά συστήματα, ενεργητικά, παθητικά, υβριδικά συστήματα. Παθητικά συστήματα θέρμανσης, άμεσου κέρδους. Νότιο άνοιγμα και θερμική αποθήκη, σχεδιασμός και υπολογισμοί. 
Παθητικά συστήματα θέρμανσης έμμεσου κέρδους. Τοίχοι θερμικής αποθήκευσης, χαρακτηριστικά, τρόπος λειτουργίας και εφαρμογές. Παθητικά συστήματα θέρμανσης απομονωμένου κέρδους. Το προσαρτημένο θερμοκήπιο και η λειτουργία του. Υπολογισμοί νότιας επιφάνειας υαλοστασίου θερμοκηπίου. Ο ηλιακός χώρος και το αίθριο. Τύποι αιθρίων και η λειτουργία τους. Ο ηλιακός χώρος και το αίθριο στην παραδοσιακή ελληνική αρχιτεκτονική.
Το κτίριο ως παγίδα θερμότητας. Διανομή και διατήρηση θερμότητας. Τρόποι μετάδοσης της θερμότητας, θερμοσυσσώρευση, θερμική αδράνεια του κελύφους και θερμομόνωση. Θερμικές απώλειες. Ευπαθή σημεία, θερμογέφυρες, αρμοί κουφωμάτων κ.ά. Θερμομόνωση του κελύφους, ενδεδειγμένες κατασκευαστικές επιλογές (εξωτερική θερμομόνωση κ.ά.).
Στρατηγικές Ψύξης - Θερμή περίοδος. Χαρακτηριστικά, στόχοι, ελληνικό μεσογειακό κλίμα.
Το κτίριο ως αποθήκη φυσικής ψύξης: Αρχές σχεδιασμού. Προστασία του κτιρίου από τον ήλιο (Ηλιοπροστασία). Διατάξεις, θέσεις, υλικά, ιδιότητες ηλιοπροστατευτικών στεγάστρων και σκιάστρων ανά προσανατολισμό. Σχεδιάζοντας την ηλιοπροστασία για τον Νότο, για την Ανατολή και τη Δύση. Επίσης, ο ρόλος της φύτευσης στον σκιασμό των όψεων και του περιβάλλοντα χώρου.  
Φυσικός αερισμός των κτιρίων. Ο φυσικός αερισμός των εσωτερικών χώρων. Διαμπερής, μονόπλευρος και κατακόρυφος αερισμός. Αρχές Σχεδιασμού και φυσικός αερισμός των κτιρίων, υλοποιημένα παραδείγματα κτιρίων. Ηλιακή καμινάδα, πύργοι αερισμού και άλλες διατάξεις. Φυσικός δροσισμός με εξάτμιση: στοιχεία νερού και φυτεύσεις, διεύθυνση ανέμων και βλάστηση.
Περιβάλλων χώρος και μικροκλίμα. Υλικά. Τα οικολογικά και τα ψυχρά υλικά. Κατηγορίες, φυσικές ιδιότητες, μορφολογικά και λειτουργικά χαρακτηριστικά. Οριζόντιες και κατακόρυφες επιφάνειες στο κέλυφος και τον περιβάλλοντα χώρο του κτιρίου. Επιφάνειες στον γύρω αστικό χώρο. Ο ρόλος της βλάστησης στον περιβάλλοντα χώρο των κτιρίων. Επίσης, διαχείριση ανεμορροής έξω, από και προς το κτίριο. Επιλογές, κριτήρια επιλογής, χαράξεις και σχεδιασμός, παραδείγματα. 
Μικροκλίμα και φυτεμένα δώματα. Ορισμοί, ιδιότητες, πλεονεκτήματα, τυπική κατασκευαστική τομή φυτεμένου δώματος και κατασκευή. Τύποι φυτεμένων δωμάτων. Παραδείγματα. Χαράξεις και σχεδιασμός. Αναφορά στις διατάξεις του Ν.Ο.Κ. 2012 που δίνουν κίνητρα για ανάλογες κατασκευές.
Οπτική άνεση. Φυσικός Φωτισμός. Ποσότητα και ποιότητα του φυσικού φωτός στον εσωτερικό χώρο των κτιρίων, αρχές και επιλογές του σχεδιασμού.
Άλλα θέματα. Ειδικά θέματα αρχιτεκτονικού περιβαλλοντικού σχεδιασμού. 
Άλλα θέματα. Ειδικά θέματα οικοδομικής και ενεργειακού σχεδιασμού των κτιρίων. ",,,Στην τάξη (πρόσωπο με πρόσωπο),"Η χρήση Τ.Π.Ε. στη διδασκαλία της θεωρίας και των ασκήσεων του μαθήματος γίνεται ως εξής:
-   Παρουσιάσεις διαλέξεων με χρήση Η/Υ (Powerpoint) εκ μέρους του διδάσκοντα, για τη θεωρία και τις ασκήσεις.
-   Παρουσίαση θεμάτων ασκήσεων με χρήση Η/Υ (Powerpoint) εκ μέρους των φοιτητών, για τις ομαδικές και ατομικές εργασίες.  
-   Χρήση εξειδικευμένου λογισμικού ψηφιακής σχεδίασης στην κλίμακα του κτιρίου (π.χ. AutoCAD) κατά τη διεξαγωγή του μαθήματος, για την εκπόνηση των ασκήσεων και των εργασιών. 
-   Υποστήριξη μαθησιακής διαδικασίας μέσω της ηλεκτρονικής πλατφόρμας e-learning του Τμήματος. 
-   Συναντήσεις εξ αποστάσεως διδάσκοντα και φοιτητών για συνεργασία σε ώρες εκτός μαθήματος (μέσω ψηφιακής πλατφόρμας π.χ. ΖΟΟΜ). 
-   Επικοινωνία διδάσκοντα και φοιτητών μέσω ηλεκτρονικού ταχυδρομείου (e-mail) για περαιτέρω υποστήριξη της διδακτικής διαδικασίας.",Διαλέξεις Θεωρίας,,Ασκήσεις πράξης που εστιάζουν στην εφαρμογή μεθοδολογιών και συμπληρώνουν τις διαλέξεις θεωρίας,,"Εργασίες μικρής και μέσης διάρκειας, ατομικά (επίλυση, σχεδιασμός, υποβολή)",,"Εκπόνηση μελέτης – Project/ Εργασία μεγάλης διάρκειας σε διμελείς ομάδες (επίλυση, σχεδιασμός/ συγγραφή, υποβολή/ παρουσίαση) ",,Αυτοτελής Μελέτη,,130,"Η τελική αξιολόγηση των φοιτητών αποτελεί συνισταμένη βαθμών που συγκεντρώνονται από διαφορετικά μέρη (και κατά τη διάρκεια) της διδακτικής διαδικασίας, ως εξής:  
- Γραπτή εξέταση στη θεωρία : 50%
- Σχεδιαστική (γραπτή) εξέταση σε ασκήσεις εφαρμογής μεθοδολογίας : 20%
- Αξιολόγηση εκπόνησης μελέτης (Project) και λοιπών εργασιών, συνολικά : 30 % 
Η παραπάνω ποσόστωση παρουσιάζεται στο «Εισαγωγικό Φυλλάδιο» του μαθήματος, που αναρτάται στο e-learning/ ιστοσελίδα, την 1η εβδομάδα του εξαμήνου και διανέμεται ή/και παρουσιάζεται στους φοιτητές στο 1ο μάθημα.","Ανδρεαδάκη – Χρονάκη, Ελένη, 2017. Βιοκλιματικός Σχεδιασμός : Κλιματική Αλλαγή – Περιβάλλον – Βιωσιμότητα (2η έκδοση). Θεσσαλονίκη: University Studio Press.
Παπαδόπουλος, Μιχάλης, Αξαρλή, Κλειώ, 2015. Ενεργειακός Σχεδιασμός και Παθητικά Ηλιακά Συστήματα Κτιρίων. Θεσσαλονίκη: Εκδόσεις Κυριακίδη.
Παπαμανώλης, Νικόλαος, 2015. Δομική φυσική και αρχές περιβαλλοντικού σχεδιασμού κτιρίων. [ηλεκτρ. βιβλ.] Αθήνα: Σύνδεσμος Ελληνικών Ακαδημαϊκών Βιβλιοθηκών (Κάλλιπος). Διαθέσιμο στο: http://hdl.handle.net/11419/5407",,
86,ΔΟΜ035,"Αποτύπωση, Αποκατάσταση και Επανάχρηση Κτιρίων",ΜΗΧΑΝΙΚΩΝ,ΠΟΛΙΤΙΚΩΝ ΜΗΧΑΝΙΚΩΝ,Προπτυχιακό,9,Διαλέξεις και ασκήσεις ,4,5,,,,Κατεύθυνσης,,,Ελληνική,Όχι,https://elearning.cm.ihu.gr/,"Με την επιτυχή ολοκλήρωση του μαθήματος κάθε φοιτητής αναμένεται να είναι σε θέση: 
- Να γνωρίζει, να κατανοεί και να περιγράφει τις κυριότερες σύγχρονες τάσεις σχετικά με την αποκατάσταση και επανάχρηση των κτηρίων. 
- Να αναγνωρίζει, να κατανοεί και να αναλύει την οικοδομική δραστηριότητα του παρελθόντος. 
- Να επιλέγει και να εφαρμόζει τεκμηριωμένα τη βέλτιστη μεθοδολογία αποτύπωσης κτηρίου και κτηριακού συνόλου. 
- Να γνωρίζει, να κατανοεί και να διαχειρίζεται μια σειρά θεωριών και μεθόδων για τη δημιουργία σχεδίων αποτύπωσης, παθολογίας και αναπαράστασης αρχικής μορφής. Να είναι σε θέση εφαρμογής (δημιουργίας, σχεδιασμού) των σχεδίων αυτών, με τρόπο τεκμηριωμένο και επιστημονικά ορθό. 
- Να αξιολογεί την επιτόπια μελέτη καθώς και τα σχέδια αποτύπωσης, παθολογίας κ.λπ., με σκοπό να επιλέγει και να προτείνει τεκμηριωμένα λύσεις επανάχρησης που θα είναι συμβατές με την ταυτότητα και την ιστορία του κτηρίου και τον χαρακτήρα της περιοχής. 
- Να συντάσει τεύχη τεχνικών εκθέσεων και παρουσίασης ανάλογων μελετών, να συνεργάζεται και να συμβάλει ως μέλος ομάδας μηχανικών στη σύνταξη ολοκληρωμένων τευχών μελετών και παρουσιάσεων αποτύπωσης, αποκατάστασης και επανάχρησης κτιρίων.","Το μάθημα συμβάλει στην απόκτηση των παρακάτω ικανοτήτων:
- Αναζήτηση, ανάλυση και σύνθεση δεδομένων και πληροφοριών, με τη χρήση και των απαραίτητων τεχνολογιών 
- Προσαρμογή σε νέες καταστάσεις 
- Λήψη αποφάσεων 
- Αυτόνομη εργασία 
- Ομαδική εργασία 
- Εργασία σε διεπιστημονικό περιβάλλον
- Σχεδιασμός και διαχείριση έργων
- Σεβασμός στο φυσικό περιβάλλον
- Άσκηση κριτικής και αυτοκριτικής 
- Προαγωγή της ελεύθερης, δημιουργικής και επαγωγικής σκέψης","Εισαγωγικό μάθημα στις σύγχρονες θεωρίες και μεθόδους μελέτης των κτηρίων και κτηριακών συνόλων του παρελθόντος με σκοπό να αναπτυχθεί η κριτική σκέψη στη λήψη αποφάσεων σχετικά με τη διαχείριση τους. Δίνεται ιδιαίτερη βαρύτητα στη μέθοδο της Αρχιτεκτονικής Αποτύπωσης ως μέσου καταγραφής και τεκμηρίωσης με σκοπό την Αποκατάσταση και την επαναχρησιμοποίηση των υφιστάμενων κελυφών.

- Περιεχόμενο διαλέξεων 
Βασικές έννοιες, ορισμοί, ορολογία, γενικές ισχύουσες αρχές, νομοθεσία, επιστημονική δεοντολογία ως προς τις επεμβάσεις σε υφιστάμενα διατηρητέα και μη κελύφη, η έννοια και η σημασία του μνημείου και του περιβάλλοντα χώρου του, σύγχρονες αντιλήψεις και παραδείγματα επεμβάσεων σε κτίρια με μνημειακό φορτίο. Έμφαση σε υλοποιημένες μελέτες αποκατάστασης-επανάχρησης κτιρίων και κτιριακών συγκροτημάτων.

- Περιεχόμενο ασκήσεων
Θεωρίες και μέθοδοι προσέγγισης κτηρίων και κτηριακών συνόλων που χρήζουν αποτύπωσης και αποκατάστασης. Ανάλυση τρόπων άντλησης πληροφοριών μέσω βιβλιογραφίας και επιτόπιας έρευνας. Μεθοδολογίες αρχιτεκτονικής αποτύπωσης ανάλογα με το αντικείμενο μελέτης τους.
Άσκηση πεδίου κατά την οποία εφαρμόζονται οι παραπάνω μεθοδολογίες καταγραφής και αποτύπωσης κτηρίων. Δημιουργία σχεδίων παθολογίας, τυπολογίας, ανάλυσης φάσεων και αναπαράστασης αρχικής μορφής των κτηρίων. Αξιολόγηση των πληροφοριών και των σχεδίων με σκοπό την αποκατάσταση των κτηρίων. Προτάσεις επανάχρησης στο πνεύμα των σύγχρονων θεωριών της αποκατάστασης.",,,Στην τάξη (πρόσωπο με πρόσωπο),"Η χρήση Τ.Π.Ε. στη διδασκαλία της θεωρίας και των ασκήσεων του μαθήματος γίνεται ως εξής:
-   Παρουσιάσεις διαλέξεων με χρήση Η/Υ (Powerpoint) εκ μέρους του διδάσκοντα, για τη θεωρία και τις ασκήσεις.
-   Παρουσίαση θεμάτων ασκήσεων με χρήση Η/Υ (Powerpoint) εκ μέρους των φοιτητών, για τις ομαδικές και ατομικές εργασίες.  
-   Χρήση εξειδικευμένου λογισμικού ψηφιακής σχεδίασης στην κλίμακα του κτιρίου (π.χ. AutoCAD) κατά τη διεξαγωγή του μαθήματος, για την εκπόνηση των ασκήσεων και των εργασιών. 
-   Υποστήριξη μαθησιακής διαδικασίας μέσω της ηλεκτρονικής πλατφόρμας e-learning του Τμήματος. 
-   Συναντήσεις εξ αποστάσεως διδάσκοντα και φοιτητών για συνεργασία σε ώρες εκτός μαθήματος (μέσω ψηφιακής πλατφόρμας π.χ. ΖΟΟΜ). 
-   Επικοινωνία διδάσκοντα και φοιτητών μέσω ηλεκτρονικού ταχυδρομείου (e-mail) για περαιτέρω υποστήριξη της διδακτικής διαδικασίας.",Διαλέξεις Θεωρίας,,Ασκήσεις που εστιάζουν στην εφαρμογή μεθοδολογιών και συμπληρώνουν τις διαλέξεις θεωρίας,,"Εκπόνηση μελέτης – Project/ Εργασία μεγάλης διάρκειας ατομική ή σε ομάδες (επίλυση, σχεδιασμός/ συγγραφή, υποβολή/ παρουσίαση) ",,Αυτοτελής Μελέτη,,,,130,"Η τελική αξιολόγηση των φοιτητών αποτελεί συνισταμένη βαθμών που συγκεντρώνονται από διαφορετικά μέρη (και κατά τη διάρκεια) της διδακτικής διαδικασίας, ως εξής:  
- Γραπτή εξέταση στη θεωρία : 50%
- Σχεδιαστική (γραπτή) εξέταση σε ασκήσεις εφαρμογής μεθοδολογίας : 20%
- Αξιολόγηση εκπόνησης μελέτης (Project) και λοιπών εργασιών, συνολικά : 30 % 
Η παραπάνω ποσόστωση παρουσιάζεται στο «Εισαγωγικό Φυλλάδιο» του μαθήματος, που αναρτάται στο e-learning/ ιστοσελίδα, την 1η εβδομάδα του εξαμήνου και διανέμεται ή/και παρουσιάζεται στους φοιτητές στο 1ο μάθημα.","Καραδέδος, Γ., Ιστορία και Θεωρία της Αποκατάστασης, Θεσσαλονίκη 2009.
Νομικός, Μ., Αποκατάσταση - Επανάχρηση Ιστορικών Κτιρίων και Συνόλων, Θεσσαλονίκη 1997.
Καραμάνου, Ζ., Αποκατάσταση Επανάχρηση Κτιρίων και Συνόλων. Αναβάθμιση Προβληματικών Οικιστικών Περιοχών, Θεσσαλονίκη 1997",,
87,ΔΟΜ036,Σύμμικτες Κατασκευές,ΜΗΧΑΝΙΚΩΝ,ΠΟΛΙΤΙΚΩΝ ΜΗΧΑΝΙΚΩΝ,Προπτυχιακό,9,Διαλέξεις,4,5,,,,Κατεύθυνσης,,,Ελληνική,Ναι,,"Οι φοιτητές με την επιτυχή ολοκλήρωση του μαθήματος αναμένεται να είναι σε θέση να:
- κατανοούν τη λειτουργία σύμμικτων κατασκευών
- γνωρίζουν τη συμπεριφορά στοιχείων και φορέων από διαφορετικά δομικά υλικά
- υπολογίζουν τη συνδυαστική εντατική κατάσταση χάλυβα και σκυροδέματος σύμμικτων κατασκευών
- συνθέτουν σύμμικτες κατασκευές στον χώρο
- διακρίνουν τις μεθόδους ανάλυσης και τις φάσεις κατασκευής σύμμικτων κατασκευών
- υπολογίζουν, ελέγχουν και διαστασιολογούν δοκούς, πλάκες, υποστυλώματα από σύμμικτη κατασκευή σύμφωνα με τον
Ευρωκώδικα 4
- κατανοούν και υπολογίζουν την εντατική κατάσταση των συνδέσεων σύμμικτων κατασκευών","• Λήψη αποφάσεων
• Σχεδιασμός και διαχείριση έργων
• Αυτόνομη εργασία
• Αναζήτηση, ανάλυση και σύνθεση δεδομένων και πληροφοριών, με τη χρήση και των απαραίτητων τεχνολογιών ","• Μόρφωση κτιρίων με σύμμικτα δομικά στοιχεία, αρχές λειτουργίας φορέων από διαφορετικά υλικά: δομικό χάλυβα – οπλισμένο σκυρόδεμα. Προδιαγραφές δομικών υλικών σύμφωνα με τον Ευρωκώδικα 4.
• Σύμμικτες δοκοί: Προσδιορισμός αδρανειακών μεγεθών, μέθοδοι ανάλυσης για τις οριακές καταστάσεις αστοχίας και λειτουργικότητας.
• Σύμμικτες πλάκες: Ανάλυση και διαστασιολόγηση. Κατασκευαστικές λεπτομέρειες
• Σύμμικτα υποστυλώματα. Τύποι, προσδιορισμός αδρανειακών μεγεθών, πλαστικά εντατικά μεγέθη, αλληλεπίδραση ροπών - αξονικών δυνάμεων, έλεγχοι λυγισμού, κατασκευαστικές λεπτομέρειες.
• Συμπεριφορά σύμμικτων δομικών στοιχείων έναντι πυρκαγιάς.",,,Πρόσωπο με πρόσωπο (Στην αίθουσα διδασκαλίας) ,,Διαλέξεις,52,Αυτοτελής Μελέτη,78,,,,,,,130,"1. Ανάθεση εργασιών με στόχο την διερεύνηση της κατανόησης των εννοιών που διδάχθηκαν.
2. Τελική γραπτή εξέταση στο τέλος του εξαμήνου (στην ελληνική γλώσσα). ","Ιωάννης Κ. Βάγιας: «ΣΥΜΜΙΚΤΕΣ ΚΑΤΑΣΚΕΥΕΣ ΑΠΟ ΧΑΛΥΒΑ ΚΑΙ ΟΠΛΙΣΜΕΝΟ ΣΚΥΡΟΔΕΜΑ», 3η έκδοση, Εκδόσεις Κλειδάριθμος, 2010, ISBN: 978-960-461-377-9",,
88,ΓΕΩ013,Αντισεισμικός Σχεδιασμός Γεωτεχνικών Έργων,ΜΗΧΑΝΙΚΩΝ,ΠΟΛΙΤΙΚΩΝ ΜΗΧΑΝΙΚΩΝ,Προπτυχιακό,9,Διαλέξεις και Ασκήσεις,4,5,,,,Κατεύθυνσης,,"Εδαφομηχανική Ι
Εδαφομηχανική ΙΙ
Θεμελιώσεις και Αντιστηρίξεις
Οπλισμένο Σκυρόδεμα Ι
Τεχνική Σεισμολογία και Σεισμική Μηχανική",Ελληνική,Όχι,,"Με την επιτυχή ολοκλήρωση του μαθήματος ο φοιτητής/τρια θα είναι σε θέση:
• Να αναγνωρίζει, να κατανοεί και να μπορεί να αξιολογήσει τις βασικές παραμέτρους εδάφους και κατασκευής που σχετίζονται με τη σεισμική συμπεριφορά γεωτεχνικών έργων. 
• Να διακρίνει και να αντιλαμβάνεται τις διάφορες περιπτώσεις σεισμικής καταπόνησης των γεωτεχνικών έργων και να μπορεί να υπολογίσει τις παραμέτρους της εντατικής τους κατάστασης.
• Να μελετήσει επιφανειακά θεμέλια, πασσαλοθεμελιώσεις και αντιστηρίξεις υπό σεισμική καταπόνηση βάσει του υφιστάμενου κανονιστικού πλαισίου.
• Να συνθέτει λύσεις βάσει των θεωριών που έχει διδαχθεί, αξιολογώντας τις απαιτήσεις του προβλήματος που αντιμετωπίζει, να μπορεί να υποστηρίξει τις λύσεις που προτείνονται και να συγκρίνει επιλέγοντας την καταλληλότερη μεταξύ διαφορετικών προσεγγίσεων.","Το μάθημα συμβάλει στην απόκτηση των παρακάτω ικανοτήτων:
• Αναζήτηση, ανάλυση και σύνθεση δεδομένων και πληροφοριών, με τη χρήση και των απαραίτητων τεχνολογιών
• Λήψη αποφάσεων
• Αυτόνομη ή ομαδική εργασία
• Εργασία σε διεπιστημονικό περιβάλλον
• Σχεδιασμός έργων ","Μελέτη, ανάλυση και διαστασιολόγηση γεωτεχνικών έργων υπό σεισμική φόρτιση. Εξετάζονται θέματα που σχετίζονται με τη σεισμική φόρτιση εδάφους, επιφανειακών θεμελίων, πασσαλοθεμελιώσεων, αντιστηρίξεων και λοιπών γεωτεχνικών έργων, βάσει βιβλιογραφικών μεθόδων και του υφιστάμενου κανονιστικού πλαισίου.

Περιεχόμενο διαλέξεων θεωρίας και ασκήσεων εφαρμογής:
   • Εδαφικά χαρακτηριστικά και παράμετροι κατά την δυναμική απόκριση του εδάφους (βάσει πειραματικών στοιχείων, βιβλιογραφικών σχέσεων και σύγχρονων κανονισμών).
   • Επανάληψη στοιχείων τεχνικής σεισμολογίας και εδαφοδυναμικής.
   • Αντισεισμικός σχεδιασμός επιφανειακών θεμελιώσεων.
   • Αντισεισμικός σχεδιασμός βαθιών θεμελιώσεων (πασσαλοθεμελιώσεων).
   • Αντισεισμικός σχεδιασμός αντιστηρίξεων.
   • Αντισεισμικός σχεδιασμός λοιπών γεωτεχνικών έργων (πρανή, υπόγειες κατασκευές).
   • Ειδικές περιπτώσεις σεισμικής καταπόνησης εδάφους – ρευστοποίηση.",,,"Στην τάξη (δια ζώσης). 
Δυνατότητα εξ αποστάσεως διαλέξεων εφόσον απαιτηθεί.","Παρουσίαση διαλέξεων με χρήση Η/Υ και προβολέα δια ζώσης ή με τηλεδιάσκεψη εξ αποστάσεως εφόσον απαιτηθεί.
Υποστήριξη μαθησιακής διαδικασίας μέσω elearning και ηλεκτρονικής επικοινωνίας με τους φοιτητές (online ανακοινώσεις και σχόλια, email, ανακοινώσεις στην ιστοσελίδα του Τμήματος κτλ). Δυνατότητα υποστήριξης φοιτητών με χρήση προγραμμάτων τηλεδιάσκεψης.",Διαλέξεις μαθήματος,26,Ασκήσεις εφαρμογής (στο πλαίσιο των διαλέξεων),26,Ατομική Εργασία σε ασκήσεις εφαρμογής,30,Αυτοτελής Μελέτη,48,,,130,"Γραπτή τελική εξέταση που περιλαμβάνει:
• Θεωρητικές ερωτήσεις γνώσεων και κρίσης σε αντικείμενα του μαθήματος
• Επίλυση προβλημάτων-ασκήσεων

Παράδοση υποχρεωτικής εργασίας που περιλαμβάνει:
• Επεξεργασία και επίλυση σε θέματα μελέτης υπόγειων κατασκευών-σηράγγων
• Εξέταση της κατανόησης βασικών εννοιών του αντικειμένου","Πιτιλάκης Κ. (2010), ""Γεωτεχνική Σεισμική Μηχανική"", Εκδόσεις ΖΗΤΗ, Θεσσαλονίκη, ISBN: 978-960-456-226-8
Kramer S.L.  (1996), ""Geotechnical Earthquake Engineering"", Prentice-Hall, ISBN: 978-0133749434
Γκαζέτας Γ. (1996), ""Εδαφοδυναμική και σεισμική μηχανική"", Εκδόσεις Συμεών, ISBN: 978-960-7346-44-0
Αναγνωστόπουλος Χ., Χατζηγώγος Θ., Αναστασιάδης Α., Πιτιλάκης Δ. (2012), ""Θεμελιώσεις-Αντιστηρίξεις και Γεωτεχνικά Έργα"", Εκδόσεις Αϊβάζης, Θεσσαλονίκη, ISBN: 978-960-549-000-3
Γεωργιάδης Κ., Γεωργιάδης Μ. (2009), ""Στοιχεία Εδαφομηχανικής"", Εκδόσεις ΖΗΤΗ, Θεσσαλονίκη, ISBN: 978-960-456-157-5
Κωμοδρόμος Α.Μ. (2019),""Θεμελιώσεις, Αντιστηρίξεις: οριακή ισορροπία – αριθμητικές μέθοδοι (2η έκδοση)"", Εκδόσεις Κλειδάριθμος, ISBN: 978-960-461-952-8
Barnes G.E. (2014), ""Εδαφομηχανική: Αρχές και Εφαρμογές (3η έκδοση)"", Εκδόσεις Κλειδάριθμος, Αθήνα, ISBN: 978-960-461-578-0 ",,
89,ΓΕΩ014,Γεωτεχνικές αστοχίες και Μέθοδοι Βελτίωσης Εδαφών,ΜΗΧΑΝΙΚΩΝ,ΠΟΛΙΤΙΚΩΝ ΜΗΧΑΝΙΚΩΝ,Προπτυχιακό,9,Διαλέξεις και Ασκήσεις,4,5,,,,Κατεύθυνσης,,"Εδαφομηχανική Ι
Εδαφομηχανική ΙΙ
Θεμελιώσεις και Αντιστηρίξεις
Οπλισμένο Σκυρόδεμα Ι",Ελληνική,Όχι,,"Με την επιτυχή ολοκλήρωση του μαθήματος ο φοιτητής/τρια θα είναι σε θέση:
• Να αναγνωρίζει, να κατανοεί και να μπορεί να περιγράψει τις βασικές μορφές γεωτεχνικών αστοχιών και τα αίτια τους.
• Να εντοπίζει και να αντιλαμβάνεται τις φυσικές και μηχανικές γεωτεχνικές παραμέτρους που σχετίζονται με την ενδεχόμενη αστοχία και χρίζουν βελτίωσης.
• Να διακρίνει και να αξιολογεί τον μηχανισμό της επιφερόμενης βελτίωσης για την κάθε μέθοδο ενίσχυσης εδάφους που θα διδαχθεί και να μπορεί να εκτιμήσει ποσοτικά την εν λόγω βελτίωση.
• Να σχεδιάσει ή/και να συνθέσει λύσεις βάσει των θεωριών που έχει διδαχθεί, αξιολογώντας τις απαιτήσεις του προβλήματος που αντιμετωπίζει κάθε φορά, ώστε να επιτευχθεί το βέλτιστο αποτέλεσμα εδαφικής ενίσχυσης.","Το μάθημα συμβάλει στην απόκτηση των παρακάτω ικανοτήτων:
• Αναζήτηση, ανάλυση και σύνθεση δεδομένων και πληροφοριών, με τη χρήση και των απαραίτητων τεχνολογιών
• Λήψη αποφάσεων
• Αυτόνομη ή ομαδική εργασία
• Εργασία σε διεπιστημονικό περιβάλλον
• Σχεδιασμός έργων ","Μελέτη, ανάλυση και διαστασιολόγηση μέτρων βελτίωσης εδαφών που κινδυνεύουν από αστοχίες γεωτεχνικού χαρακτήρα. Εξετάζονται θέματα αστοχίας εδάφους (υπέρβαση φέρουσας ικανότητας ή/και καθιζήσεων, ρευστοποίηση, κτλ), πρανών, υπόγειων έργων κ.α.

Περιεχόμενο διαλέξεων θεωρίας και ασκήσεων εφαρμογής:
   • Βασικά χαρακτηριστικά και παράμετροι μηχανικής αντοχής του εδάφους.
   • Παρουσίαση βασικών τύπων γεωτεχνικής αστοχίας. Μελέτη σχετικών εδαφικών παραμέτρων, χαρακτηριστικών φόρτισης και γενικότερων αιτιών που οδηγούν στην αστοχία.
   • Μέθοδοι βελτίωσης και ενίσχυσης εδαφών υπό διάφορους κινδύνους αστοχίας (υπέρβαση φέρουσας ικανότητας, υπέρβαση καθιζήσεων, ρευστοποίηση εδάφους, κατολισθήσεις, αστοχία πρανών, υδραυλική υποσκαφή κτλ). Σχεδιασμός, διαδικασία, γεωτεχνικές παράμετροι που βελτιώνονται με κάθε μέθοδο.
   • Αναλυτική παρουσίαση και μελέτη επιλεγμένων μεθόδων βελτίωσης εδαφών βάσει μεθόδων της βιβλιογραφίας και κανονιστικών διατάξεων (συμπύκνωση εδάφους, αντικατάσταση εδάφους, ενίσχυση εδάφους με ενέματα, μικροπάσσαλοι, οπλισμένη γη, γεωϋφάσματα, προφόρτιση εδάφους, μέθοδοι στράγγισης, χαλικοπάσσαλοι κτλ). Συσχέτιση με πραγματικές περιπτώσεις γεωτεχνικής αστοχίας στις οποίες απευθύνεται κάθε προτεινόμενη μέθοδος βελτίωσης.
   • Παρακολούθηση της συμπεριφοράς βελτιωμένων εδαφών.",,,"Στην τάξη (δια ζώσης). 
Δυνατότητα εξ αποστάσεως διαλέξεων εφόσον απαιτηθεί.","Παρουσίαση διαλέξεων με χρήση Η/Υ και προβολέα δια ζώσης ή με τηλεδιάσκεψη εξ αποστάσεως εφόσον απαιτηθεί.
Υποστήριξη μαθησιακής διαδικασίας μέσω elearning και ηλεκτρονικής επικοινωνίας με τους φοιτητές (online ανακοινώσεις και σχόλια, email, ανακοινώσεις στην ιστοσελίδα του Τμήματος κτλ). Δυνατότητα υποστήριξης φοιτητών με χρήση προγραμμάτων τηλεδιάσκεψης.",Διαλέξεις μαθήματος,26,Ασκήσεις εφαρμογής (στο πλαίσιο των διαλέξεων),26,Ατομική Εργασία σε ασκήσεις εφαρμογής,30,Αυτοτελής Μελέτη,48,,,130,"Γραπτή τελική εξέταση που περιλαμβάνει:
• Θεωρητικές ερωτήσεις γνώσεων και κρίσης σε αντικείμενα του μαθήματος
• Επίλυση προβλημάτων-ασκήσεων σε θέματα γεωτεχνικών αστοχιών

Παράδοση υποχρεωτικής εργασίας που περιλαμβάνει:
• Επεξεργασία και επίλυση προβλημάτων ενίσχυσης έναντι γεωτεχνικού κινδύνου
• Εξέταση της κατανόησης βασικών εννοιών","Κωστόπουλος Σ.Δ. (2008), ""Γεωτεχνικές Κατασκευές ΙΙ"", Εκδόσεις Ίων, ISBN: 978-960-411-657-7
Ρόζος Δ. (2008), "" Βελτίωση γεωτεχνικής συμπεριφοράς γεωλογικών σχηματισμών"", Ηλεκτρονικό σύγγραμμα (διάθεση δωρεάν)
Χριστούλας Στ. (1998), ""Επιλογές Εφαρμοσμένης Γεωτεχνικής Μηχανικής"", Εκδόσεις Συμεών, ISBN: 978-960-7888-11-1
Barnes G.E. (2014), ""Εδαφομηχανική: Αρχές και Εφαρμογές (3η έκδοση)"", Εκδόσεις Κλειδάριθμος, Αθήνα, ISBN: 978-960-461-578-0 ",,
90,ΓΕΩ015,Υπολογιστική Γεωτεχνική Μηχανική,ΜΗΧΑΝΙΚΩΝ,ΠΟΛΙΤΙΚΩΝ ΜΗΧΑΝΙΚΩΝ,Προπτυχιακό,9,Διαλέξεις και Ασκήσεις,4,5,,,,Κατεύθυνσης,,"Εδαφομηχανική Ι
Εδαφομηχανική ΙΙ
Θεμελιώσεις και Αντιστηρίξεις",Ελληνική,Όχι,,"Με την επιτυχή ολοκλήρωση του μαθήματος ο φοιτητής/τρια θα είναι σε θέση:
• Να αναγνωρίζει και να κατανοεί τη χρήση αριθμητικών μεθόδων και προγραμμάτων Η/Υ στην μελέτη της συμπεριφοράς γεωτεχνικών έργων.
• Να μπορεί να διακρίνει και να αξιολογήσει τις βασικές παραμέτρους που διέπουν το πρόβλημα προς επίλυση και να αντιλαμβάνεται τον τρόπο προσομοίωσής τους σε επίπεδο λογισμικού.
• Να μπορεί να μελετήσει απλές περιπτώσεις γεωτεχνικών έργων με χρήση εξειδικευμένου λογισμικού Η/Υ.
• Να μπορεί να αξιολογήσει τα αποτελέσματα των αναλύσεων.","Το μάθημα συμβάλει στην απόκτηση των παρακάτω ικανοτήτων:
• Αναζήτηση, ανάλυση και σύνθεση δεδομένων και πληροφοριών, με τη χρήση και των απαραίτητων τεχνολογιών
• Λήψη αποφάσεων
• Αυτόνομη ή ομαδική εργασία
• Εργασία σε διεπιστημονικό περιβάλλον
• Σχεδιασμός έργων ","Η μελέτη της συμπεριφοράς του εδάφους και των γεωτεχνικών έργων με τη χρήση λογισμικού Η/Υ. Παρουσιάζονται προγράμματα (ελεύθερα και ακαδημαϊκής χρήσης) για την μελέτη και τον υπολογισμό θεμελιώσεων, αντιστηρίξεων, πρανών κτλ. Περιλαμβάνεται ο καθορισμός εντατικής κατάστασης, ο υπολογισμός της φόρτισης και η προσομοίωση στο λογισμικό του κάθε προβλήματος που εξετάζεται.",,,"Στην τάξη (δια ζώσης). 
Δυνατότητα εξ αποστάσεως διαλέξεων εφόσον απαιτηθεί.","Παρουσίαση διαλέξεων με χρήση Η/Υ και προβολέα δια ζώσης ή με τηλεδιάσκεψη εξ αποστάσεως εφόσον απαιτηθεί.
Υποστήριξη μαθησιακής διαδικασίας μέσω elearning και ηλεκτρονικής επικοινωνίας με τους φοιτητές (online ανακοινώσεις και σχόλια, email, ανακοινώσεις στην ιστοσελίδα του Τμήματος κτλ). Δυνατότητα υποστήριξης φοιτητών με χρήση προγραμμάτων τηλεδιάσκεψης.",Διαλέξεις μαθήματος,26,Ασκήσεις εφαρμογής (στο πλαίσιο των διαλέξεων),26,Ατομική Εργασία σε ασκήσεις εφαρμογής,30,Αυτοτελής Μελέτη,48,,,130,"Γραπτή τελική εξέταση που περιλαμβάνει:
• Θεωρητικές ερωτήσεις γνώσεων και κρίσης 
• Επίλυση προβλημάτων-ασκήσεων στη μελέτη γεωτεχνικών προβλημάτων σε Η/Υ 

Παράδοση υποχρεωτικής εργασίας που περιλαμβάνει:
• Επεξεργασία και επίλυση προβλημάτων με χρήση Η/Υ
• Εξέταση της κατανόησης βασικών εννοιών","Κωμοδρόμος Α.Μ. (2008), ""Υπολογιστική Γεωτεχνική Μηχανική: Αλληλεπίδραση Εδάφους-Κατασκευών"", Εκδόσεις Κλειδάριθμος, ISBN: 978-960-461-201-7",,
91,ΓΕΩ016,Φράγματα και χωμάτινες κατασκευές,ΜΗΧΑΝΙΚΩΝ,ΠΟΛΙΤΙΚΩΝ ΜΗΧΑΝΙΚΩΝ,Προπτυχιακό,9,Διαλέξεις και Ασκήσεις,4,5,,,,Κατεύθυνσης,,"Υδραυλική
Εδαφομηχανική Ι
Εδαφομηχανική ΙΙ",Ελληνική,Όχι,,"Με την επιτυχή ολοκλήρωση του μαθήματος ο φοιτητής/τρια θα είναι σε θέση:
• Να αναγνωρίζει και να κατανοεί τους διάφορους τύπους φραγμάτων και να αντιλαμβάνεται την χρησιμότητα των απαιτούμενων συνοδευτικών έργων.
• Να μπορεί να αξιολογήσει τις βασικές φυσικές και μηχανικές παραμέτρους εδαφικών υλικών και να μπορεί να επιλέξει αυτές που είναι κατάλληλες για την κατασκευή φραγμάτων και συνοδευτικών χωμάτινων κατασκευών. 
• Να διακρίνει και να μπορεί να αξιολογήσει τα πιθανά αίτια εμφάνισης αστοχίας σε χωμάτινα φράγματα και να προτείνει λύσεις βάσει των θεωριών που έχει διδαχθεί. 
• Να μπορεί να πραγματοποιήσει βασικούς ελέγχους ευστάθειας των χωμάτων κατασκευών του φράγματος.
• Να μπορεί να προδιαγράψει τις βασικές παραμέτρους των συνοδευτικών έργων για την ορθή λειτουργίας ενός φράγματος.
• Να μπορεί να προτείνει κατάλληλο πλάνο παρακολούθησης της συμπεριφοράς ενός φράγματος και να μπορεί να αξιολογήσει τα σχετικά αποτελέσματα.","Το μάθημα συμβάλει στην απόκτηση των παρακάτω ικανοτήτων:
• Αναζήτηση, ανάλυση και σύνθεση δεδομένων και πληροφοριών, με τη χρήση και των απαραίτητων τεχνολογιών
• Λήψη αποφάσεων
• Αυτόνομη ή ομαδική εργασία
• Εργασία σε διεπιστημονικό περιβάλλον
• Σχεδιασμός έργων ","Μελέτη διαφόρων τύπων φραγμάτων και συνοδευτικών χωμάτινων κατασκευών (πρανή) βάσει του σύγχρονου κανονιστικού πλαισίου. Ανάπτυξη θεμάτων όπως υπόγεια ροής υδάτων, διαπερατότητα εδάφους, προβλήματα υποσκαφής και αντιμετώπισή τους.

Περιεχόμενο διαλέξεων θεωρίας και ασκήσεων εφαρμογής:
   • Εισαγωγή στο αντικείμενο – αναγκαιότητα φραγμάτων και χωμάτινων κατασκευών.
   • Παρουσίαση διαφόρων τύπων φραγμάτων και συνοδευτικών έργων - βασικές αρχές κατασκευής χωμάτινων φραγμάτων – φυσικά χαρακτηριστικά εδαφικών υλικών που χρησιμοποιούνται.
   • Διαπερατότητα εδάφους, υδατική ροή εντός εδαφικού υλικού, δίκτυα ροής.
   • Μελέτη χωμάτινων φραγμάτων και συνοδευτικών έργων βάσει βιβλιογραφίας και σύγχρονων κανονισμών.
   • Προβλήματα και αίτια αστοχίας σε χωμάτινα φράγματα και αντιμετώπισή τους – πραγματικές περιπτώσεις. Παρακολούθηση συμπεριφοράς φραγμάτων με ενοργάνωση.",,,"Στην τάξη (δια ζώσης). 
Δυνατότητα εξ αποστάσεως διαλέξεων εφόσον απαιτηθεί.","Παρουσίαση διαλέξεων με χρήση Η/Υ και προβολέα δια ζώσης ή με τηλεδιάσκεψη εξ αποστάσεως εφόσον απαιτηθεί.
Υποστήριξη μαθησιακής διαδικασίας μέσω elearning και ηλεκτρονικής επικοινωνίας με τους φοιτητές (online ανακοινώσεις και σχόλια, email, ανακοινώσεις στην ιστοσελίδα του Τμήματος κτλ). Δυνατότητα υποστήριξης φοιτητών με χρήση προγραμμάτων τηλεδιάσκεψης.",Διαλέξεις μαθήματος,26,Ασκήσεις εφαρμογής (στο πλαίσιο των διαλέξεων),26,Ατομική Εργασία σε ασκήσεις εφαρμογής,30,Αυτοτελής Μελέτη,48,,,130,"Γραπτή τελική εξέταση που περιλαμβάνει:
• Θεωρητικές ερωτήσεις γνώσεων και κρίσης σε αντικείμενα του μαθήματος
• Επίλυση προβλημάτων-ασκήσεων

Παράδοση υποχρεωτικής εργασίας που περιλαμβάνει:
• Επεξεργασία και επίλυση προβλημάτων/ασκήσεων
• Εξέταση της κατανόησης βασικών εννοιών","Σαχπάζης Κ. (2018), ""Γεωτεχνική Μηχανική των Φραγμάτων"", Εκδόσεις Τσαπραΐλη Χρυσάνθη, ISBN: 978-618-83547-0-8
Τσόγκας Χ.Ε. (2018), ""Υδροδυναμικά Έργα"", Εκδόσεις ΖΗΤΗ, ISBN: 978-960-456-509-2
Μαραγκός Δ. (2000), ""Τεχνικά Έργα Υποδομής (2η έκδοση)"", Εκδόσεις Νικόλαος Μαραγκός, ISBN: 960-7834-00-3",,
92,ΓΕΩ017,Αλληλεπίδραση Εδάφους-Κατασκευής,ΜΗΧΑΝΙΚΩΝ,ΠΟΛΙΤΙΚΩΝ ΜΗΧΑΝΙΚΩΝ,Προπτυχιακό,9,Διαλέξεις και Ασκήσεις,4,5,,,,Κατεύθυνσης,,"Εδαφομηχανική Ι
Εδαφομηχανική ΙΙ
Θεμελιώσεις και Αντιστηρίξεις
Τεχνική Σεισμολογία και Σεισμική Μηχανική
Δυναμική των Κατασκευών Ι
Προσομοίωση και Ανάλυση Κατασκευών",Ελληνική,Όχι,,"Με την επιτυχή ολοκλήρωση του μαθήματος ο φοιτητής/τρια θα είναι σε θέση:
• Να αναγνωρίζει και να κατανοεί τις έννοιες που σχετίζονται με το φαινόμενο της αλληλεπίδρασης εδάφους – θεμελίωσης – κατασκευής.
• Να μπορεί να διακρίνει και να αξιολογήσει τις βασικές παραμέτρους εδάφους και κατασκευής που επηρεάζουν το φαινόμενο της αλληλεπίδρασης.
• Να αντιλαμβάνεται τις επιπτώσεις της αλληλεπίδρασης στη συμπεριφορά των έργων. 
• Να μελετήσει την επιρροή της αλληλεπίδρασης σε απλές περιπτώσεις θεμελίων ή σε σύνθετα συστήματα εδάφους-κατασκευής με τη βοήθεια εξειδικευμένου λογισμικού.","Το μάθημα συμβάλει στην απόκτηση των παρακάτω ικανοτήτων:
• Αναζήτηση, ανάλυση και σύνθεση δεδομένων και πληροφοριών, με τη χρήση και των απαραίτητων τεχνολογιών
• Λήψη αποφάσεων
• Αυτόνομη ή ομαδική εργασία
• Εργασία σε διεπιστημονικό περιβάλλον
• Σχεδιασμός έργων ","Αλληλεπίδραση εδάφους-θεμελίωσης-κατασκευής σε υπέργεια και υπόγεια έργα. Έννοια της αλληλεπίδρασης υπό στατική και δυναμική φόρτιση και εξέταση του φαινομένου και των επιρροών της αλληλεπίδρασης σε επιφανειακά θεμέλια, εγκιβωτισμένη θεμελίωση, πασσαλοθεμελιώσεις και υπόγειες κατασκευές, βάσει σύγχρονων προσεγγίσεων της βιβλιογραφίας και κανονιστικών θεωρήσεων.

Περιεχόμενο διαλέξεων θεωρίας και ασκήσεων εφαρμογής:
   • Εισαγωγή στην αλληλεπίδραση εδάφους – θεμελίωσης – κατασκευής. Ενδεικτικές περιπτώσεις και παραδείγματα.
   • Παράμετροι εδάφους και κατασκευής που επηρεάζουν την αλληλεπίδραση υπό στατική και δυναμική απόκριση.
   • Θεμελίωση κατασκευής σε ελαστικό έδαφος – μέθοδος Winkler.
   • Αλληλεπίδραση πασσάλου – εδάφους υπό αξονική και εγκάρσια φόρτιση.
   • Αλληλεπίδραση εδάφους – κατασκευής σε υπόγεια έργα.
   • Δυναμική αλληλεπίδραση εδάφους – θεμελίωσης - ανωδομής.
   • Κανονιστική αντιμετώπιση φαινομένων αλληλεπίδρασης. 
   • Ιστορικά παραδείγματα.
   • Παράλληλη χρήση εξειδικευμένου λογισμικού για την αντιμετώπιση προβλημάτων αλληλεπίδρασης.",,,"Στην τάξη (δια ζώσης). 
Δυνατότητα εξ αποστάσεως διαλέξεων εφόσον απαιτηθεί.","Παρουσίαση διαλέξεων με χρήση Η/Υ και προβολέα δια ζώσης ή με τηλεδιάσκεψη εξ αποστάσεως εφόσον απαιτηθεί.
Υποστήριξη μαθησιακής διαδικασίας μέσω elearning και ηλεκτρονικής επικοινωνίας με τους φοιτητές (online ανακοινώσεις και σχόλια, email, ανακοινώσεις στην ιστοσελίδα του Τμήματος κτλ). Δυνατότητα υποστήριξης φοιτητών με χρήση προγραμμάτων τηλεδιάσκεψης.",Διαλέξεις μαθήματος,26,Ασκήσεις εφαρμογής (στο πλαίσιο των διαλέξεων),26,Ατομική Εργασία σε ασκήσεις εφαρμογής,30,Αυτοτελής Μελέτη,48,,,130,"Γραπτή τελική εξέταση που περιλαμβάνει:
• Θεωρητικές ερωτήσεις γνώσεων και κρίσης 
• Επίλυση προβλημάτων-ασκήσεων

Παράδοση υποχρεωτικής εργασίας που περιλαμβάνει:
• Επεξεργασία και επίλυση προβλημάτων 
• Εξέταση της κατανόησης βασικών εννοιών","Κωμοδρόμος Α.Μ. (2008), ""Υπολογιστική Γεωτεχνική Μηχανική: Αλληλεπίδραση Εδάφους-Κατασκευών"", Εκδόσεις Κλειδάριθμος, ISBN: 978-960-461-201-7
Γκαζέτας Γ., Αναστασόπουλος Ι, Γαρίνη Ε., Γερόλυμος Ν. (2016), ""Αλληλεπίδραση Εδάφους-Θεμελίου-Κατασκευής (2η έκδοση)"", Εκδόσεις Τσότρας,  ISBN: 978-618-5066-68-0
Wolf J.P.  (1986), ""Dynamic Soil-Structure Interaction"", Prentice-Hall, ISBN: 0132215659",,
93,ΣΥΓ016,Σχεδιασμός και Λειτουργία Σιδηροδρομικών Συστημάτων,ΜΗΧΑΝΙΚΩΝ,ΠΟΛΙΤΙΚΩΝ ΜΗΧΑΝΙΚΩΝ,Προπτυχιακό,9,Διαλέξεις,4,5,,,,Κατεύθυνσης,,,Ελληνική,Όχι,,"Με την επιτυχή ολοκλήρωση του μαθήματος ο φοιτητής/τρια θα είναι σε θέση: 
• Να κατέχει τις γνώσεις για να συλλέξει όλα τα δεδομένα ώστε να σχεδιάσει τις βασικές συνιστώσες μιας σιδηροδρομικής γραμμής, καθώς και τα δεδομένα ώστε να προσδιορίσει το παρεχόμενο επίπεδο εξυπηρέτησης και ασφάλειας και να καταγράψει τις ανάγκες μιας υφιστάμενης σιδηροδρομικής γραμμής.
• Να συνδυάζει τα παραπάνω δεδομένα για να κατανοήσει τις παραμέτρους που απαιτούνται για τον σχεδιασμό, βελτίωση ή βελτιστοποίηση μιας σιδηροδρομικής γραμμής.
• Να εφαρμόζει τις γνώσεις και τα δεδομένα με στόχο να υπολογίζει, να καθορίζει και να σχεδιάζει μια νέα σιδηροδρομική γραμμή (κι όλων των συνιστωσών της) και να ελέγχει, να προβλέπει και να διαχειρίζεται τις ανάγκες μιας  υφιστάμενης σιδηροδρομικής γραμμής.
• Να αναλύει τις συνιστώσες και τις λειτουργίες που συνθέτουν μια σιδηροδρομική γραμμή, να τις αποσαφηνίζει, να τις κατηγοριοποιεί και να τις ιεραρχεί, όχι μόνο ως προς το κόστος, αλλά και με ποιοτικά-λειτουργικά κριτήρια.","Το μάθημα συμβάλει στην απόκτηση των παρακάτω ικανοτήτων:
• Αναζήτηση, ανάλυση και σύνθεση δεδομένων και πληροφοριών, με τη χρήση και των απαραίτητων τεχνολογιών
• Προσαρμογή σε νέες καταστάσεις
• Λήψη αποφάσεων
• Σχεδιασμός και διαχείριση έργων 
• Σεβασμός στο φυσικό περιβάλλον ","Περιεχόμενο διαλέξεων μαθήματος:
• Τεχνική και δυνατότητες του σιδηροδρόμου: Ο σιδηρόδρομος ως σύστημα μεταφορών και η ιστορική εξέλιξη του σιδηροδρόμου.
• Έλξη στο σιδηρόδρομο: Ελκτικά στοιχεία συρμών και συστήματα έλξης συρμών.
• Αλληλεπίδραση τροχού – σιδηροτροχιάς: Μελέτη της επιφάνειας τροχού – σιδηροτροχιάς και φορτία ασκούμενα επί της σιδηροδρομικής γραμμής.
• Εσχάρα γραμμής: Σιδηροτροχιές, στρωτήρες, σύνδεσμοι, σχηματισμοί και όργανα γραμμής.
• Έδραση – υποδομή γραμμής: Έδραση µε έρµα, έδραση χωρίς έρµα, υποδομή της γραμμής, διαστασιολόγηση των στρώσεων της έδρασης και της υποδομής, αστοχίες του συστήματος έδραση – υποδομή.
• Χάραξη της γραμμής: Γεωμετρία της χάραξης σιδηροδρομικής γραμμής κανονικού και μετρικού εύρους και γεωμετρικά σφάλματα γραμμής.
• Τεχνικά έργα γραμμής: Ιδιαιτερότητες / διαφορές σιδηροδρομικών έργων σε σχέση µε τα οδικά, σιδηροδρομικές σήραγγες, σιδηροδρομικές γέφυρες, επιχώματα – ορύγματα, συστήματα αποστράγγισης, ηχοπετάσματα και περιφράξεις.
• Εγκαταστάσεις γραμμής: Σηματοδότηση, ηλεκτροκίνηση, ισόπεδες σιδηροδρομικές διαβάσεις, αλλαγές γραμμής και διασταυρώσεις.
• Ελκόμενο τροχαίο υλικό: Σχεδιασμός, κατασκευή και λειτουργία ελκόµενου τροχαίου υλικού, συμπεριφορά τροχαίου σιδηροδρομικού υλικού επί της γραμμής και εκτροχιασμός σιδηροδρομικών οχημάτων.
• Σιδηροδρομικά συστήματα υψηλών ταχυτήτων. Σιδηροδρομικά συστήματα µε ανακλινόµενο αμάξωμα. Αστικά και προαστιακά σιδηροδρομικά συστήματα μεταφορών. Μέσα μεταφοράς για μεγάλες κατά μήκος κλίσεις.
• Στοιχεία τεχνικής σιδηροδρομικής εκμετάλλευσης: Διαχείριση της σιδηροδρομικής κυκλοφορίας, η έννοια της κυκλοφοριακής ικανότητας στη σιδηροδρομική γραμμή.
• Στοιχεία εμπορικής σιδηροδρομικής εκμετάλλευσης: Σιδηροδρομικοί σταθμοί, οργάνωση και διαχείριση των επιβατικών σιδηροδρομικών μεταφορών, οργάνωση και διαχείριση των εμπορευματικών σιδηροδρομικών μεταφορών, μικτή κυκλοφορία συρμών – επιπτώσεις στο σχεδιασμό και στη λειτουργία του σιδηροδρομικού συστήματος.
• Σιδηροδρομική ασφάλεια. Ευρωπαϊκή πολιτική στον τομέα των σιδηροδρομικών μεταφορών. Τεχνικές προδιαγραφές διαλειτουργικότητας. ",,,"Στην τάξη (δια ζώσης). 
Δυνατότητα εξ αποστάσεως διαλέξεων εφόσον απαιτηθεί.","Παρουσίαση διαλέξεων με χρήση φορητού Η/Υ και βιντεοπροβολέα ή με τηλεδιάσκεψη εξ αποστάσεως εφόσον απαιτηθεί.
Υποστήριξη μαθησιακής διαδικασίας μέσω της ηλεκτρονικής πλατφόρμας e-learning.
Συναντήσεις εξ αποστάσεως διδάσκοντα και φοιτητών για συνεργασία σε ώρες εκτός μαθήματος (μέσω ψηφιακής πλατφόρμας, πχ. ZOOM, Skype). 
Ανάρτηση ανακοινώσεων στην ιστοσελίδα του Τμήματος και στην ηλεκτρονική σελίδα του μαθήματος στην ηλεκτρονική πλατφόρμα e-learning.
Επικοινωνία διδάσκοντα και φοιτητών μέσω ηλεκτρονικού ταχυδρομείου (email). ",Διαλέξεις,52,Αυτοτελής Μελέτη,78,,,,,,,130,"Τελική γραπτή εξέταση (100%) που περιλαμβάνει: 
   • Ερωτήσεις θεωρίας 
   • Επίλυση ασκήσεων

Τα κριτήρια αξιολόγησης γνωστοποιούνται στους φοιτητές στην πρώτη διάλεξη του μαθήματος. Επίσης, δίνεται η δυνατότητα σε κάθε φοιτητή να ελέγξει το γραπτό και την εργασία του και να του αναλυθούν τα λάθη του.","Γιαννάκος, Κ.Σ. (2002). Δράσεις στη Σιδηροδρομική Γραμμή. ΕΚΔΟΣΕΙΣ ΠΑΠΑΖΗΣΗ ΑΕΒΕ, ISBN: 978-960-02-1566-3. 
Λυμπέρης, Κ. (2011). Σιδηροδρομική Θεωρία και Εφαρμογές. ΕΚΔΟΣΕΙΣ ΣΥΜΜΕΤΡΙΑ, Σ.ΑΘΑΝΑΣΟΠΟΥΛΟΣ & ΣΙΑ Ι.Κ.Ε, ISBN: 978-960-266-332-5.
Ματσούκης, Ε-Γ (2008). Σχεδιασμός των Μεταφορών και Στοιχεία Σιδηροδρομικής. Συμμετρία, Σ.ΑΘΑΝΑΣΟΠΟΥΛΟΣ & ΣΙΑ Ι.Κ.Ε, ISBN: 978-960-266-230-4. 
Προφυλλίδης, Β. (2016). Σιδηροδρομική. EKΔOΣEIΣ ΓIAXOYΔH Ι.Κ.Ε., ISBN: 978-618-5092-22-1.
Πυργίδης, Χ. (2009). Συστήματα Σιδηροδρομικών Μεταφορών, Υποδομή, Τροχαίο Υλικό, Εκμετάλλευση. Ζήτη Πελαγία & Σια Ι.Κ.Ε., ISBN: 978-960-456-155-1. 
Marks-Fahrmann, U., Restetzki, K., Biehounek, A., Hegger, A. (2018). Σιδηροδρομική Τεχνολογία. Εκδοτικός Όμιλος ΙΩΝ, ΜΑΡΙΑ ΠΑΡΙΚΟΥ & ΣΙΑ ΕΠΕ, ISBN: 978-960-508-279-6.  ",,
94,ΣΥΓ018,Σχεδιασμός και Λειτουργία Θαλάσσιων Συστημάτων,ΜΗΧΑΝΙΚΩΝ,ΠΟΛΙΤΙΚΩΝ ΜΗΧΑΝΙΚΩΝ,Προπτυχιακό,9,Διαλέξεις,4,5,,,,Κατεύθυνσης,,,Ελληνική,Όχι,,"Με την επιτυχή ολοκλήρωση του μαθήματος ο φοιτητής/τρια θα είναι σε θέση: 
• Να κατανοεί τις βασικές αρχές και προδιαγραφές σχεδιασμού, οργάνωσης και λειτουργίας θαλάσσιων συστημάτων.
• Να αποκτήσει γνώσεις στο στρατηγικό και επιχειρησιακό σχεδιασμό λιμένων. 
• Να εξοικειωθεί με την έννοια της συνδυασμένης μεταφοράς και της πολυτροπικής αλυσίδας μεταφορών.
• Να αποκτήσει γνώσεις για τις νέες τεχνολογίες και τα πληροφοριακά συστήματα που έχουν αναπτυχθεί και εφαρμόζονται στη ναυτιλία και τα θαλάσσια συστήματα.
• Να αποκτήσει την ικανότητα εντοπισμού, ανάλυσης και ερμηνείας του σχετικού Εθνικού, Κοινοτικού και Διεθνούς Δικαίου.","Το μάθημα συμβάλει στην απόκτηση των παρακάτω ικανοτήτων:
• Αναζήτηση, ανάλυση και σύνθεση δεδομένων και πληροφοριών, με τη χρήση και των απαραίτητων τεχνολογιών
• Προσαρμογή σε νέες καταστάσεις
• Λήψη αποφάσεων
• Σχεδιασμός και διαχείριση έργων 
• Σεβασμός στο φυσικό περιβάλλον ","Περιεχόμενο διαλέξεων μαθήματος:
• Εισαγωγή στα θαλάσσια συστήματα.
• Ευρωπαϊκή πολιτική για τις θαλάσσιες μεταφορές.
• Θαλάσσια συστήματα και τεχνική ορολογία.
• Μεταφορικό φορτίο και θαλάσσιο μεταφορικό μέσο.
• Οργανωτικά χαρακτηριστικά των λιμένων: εξέλιξη και σύγχρονες τάσεις. 
• Ζήτηση και προσφορά για θαλάσσιες μεταφορικές υπηρεσίες.
• Λιμενική παραγωγή, δείκτες απόδοσης και ναύλοι.
• Αξιολόγηση σκοπιμότητας θαλάσσιου συστήματος.
• Οργάνωση και διαχείριση λιμένων και λιμενικών εγκαταστάσεων.
• Διαχείριση ποιότητας και ασφάλειας στις θαλάσσιες μεταφορές.
• Συνδυασμένη μεταφορά και πολυτροπική αλυσίδα μεταφορών.
• Ναυτιλία μικρών αποστάσεων και θαλάσσιοι διάδρομοι.
• Νέες τεχνολογίες και ευφυή συστήματα στη ναυτιλία και τα θαλάσσια συστήματα. ",,,"Στην τάξη (δια ζώσης). 
Δυνατότητα εξ αποστάσεως διαλέξεων εφόσον απαιτηθεί.","Παρουσίαση διαλέξεων με χρήση φορητού Η/Υ και βιντεοπροβολέα ή με τηλεδιάσκεψη εξ αποστάσεως εφόσον απαιτηθεί.
Υποστήριξη μαθησιακής διαδικασίας μέσω της ηλεκτρονικής πλατφόρμας e-learning.
Συναντήσεις εξ αποστάσεως διδάσκοντα και φοιτητών για συνεργασία σε ώρες εκτός μαθήματος (μέσω ψηφιακής πλατφόρμας, πχ. ZOOM, Skype). 
Ανάρτηση ανακοινώσεων στην ιστοσελίδα του Τμήματος και στην ηλεκτρονική σελίδα του μαθήματος στην ηλεκτρονική πλατφόρμα e-learning.
Επικοινωνία διδάσκοντα και φοιτητών μέσω ηλεκτρονικού ταχυδρομείου (email). ",Διαλέξεις,52,Αυτοτελής Μελέτη,78,,,,,,,130,"Τελική γραπτή εξέταση (100%) που περιλαμβάνει: 
   • Ερωτήσεις θεωρίας 
   • Επίλυση ασκήσεων

Τα κριτήρια αξιολόγησης γνωστοποιούνται στους φοιτητές στην πρώτη διάλεξη του μαθήματος. Επίσης, δίνεται η δυνατότητα σε κάθε φοιτητή να ελέγξει το γραπτό και την εργασία του και να του αναλυθούν τα λάθη του.","Γιαννόπουλος, Γ.Α. (2005). Θαλάσσιες Μεταφορές. Εκδόσεις Επίκεντρο Α.Ε., ISBN: 978-960-6645-21-1.
Κωσταγιόλας, Π., Χλωμούδης, Κ. (2011). Διαχείριση Ποιότητας και Ασφάλειας στις Θαλάσσιες Μεταφορές. ΕΚΔΟΣΕΙΣ ΠΑΠΑΖΗΣΗ ΑΕΒΕ, ISBN: 978-960-02-2568-6.
Παρδάλη Α. (2007). Οικονομική και Πολιτική των Λιμένων. ΕΚΔΟΣΕΙΣ ΣΤΑΜΟΥΛΗ ΑΕ, ISBN: 978-960-351-689-7.
Προφυλλίδης, Β. (2016). Οικονομική των Μεταφορών. Α. ΠΑΠΑΣΩΤΗΡΙΟΥ & ΣΙΑ Ι.Κ.Ε., ISBN: 978-960-491-100-4. 
Τσάλτας, Γ. (2008). Περιβάλλον και Θαλάσσιες Μεταφορές. Σε Αναζήτηση μιας Βιώσιμης Προσέγγισης. ΑΝΔΡΕΑΣ ΣΙΔΕΡΗΣ-ΙΩΑΝΝΗΣ ΣΙΔΕΡΗΣ & ΣΙΑ Ο.Ε., ISBN: 978-960-08-0459-1.
Lindgren, J. F., Brynolf, S., Wilewska-Bien, M., Andersson, K. (2020). Ναυτιλία και Περιβάλλον, Βελτιώνοντας την Περιβαλλοντική Απόδοση στις Θαλάσσιες Μεταφορές. DA VINCI Μ.Ε.Π.Ε, ISBN: 9789609732420.",,
95,ΣΥΓ019,Σχεδιασμός και Λειτουργία Αεροπορικών Συστημάτων,ΜΗΧΑΝΙΚΩΝ,ΠΟΛΙΤΙΚΩΝ ΜΗΧΑΝΙΚΩΝ,Προπτυχιακό,9,Διαλέξεις,4,5,,,,Κατεύθυνσης,,,Ελληνική,Όχι,,"Με την επιτυχή ολοκλήρωση του μαθήματος ο φοιτητής/τρια θα είναι σε θέση: 
• Να κατανοεί τη σημασία των αερομεταφορών, εγχώρια και διεθνώς, καθώς και τις αρχές, τις διαδικασίες και τα συστήματα που διέπουν την ορθή διεξαγωγή τους.
• Να αναγνωρίσει και να εφαρμόσει τις αρχές σχεδιασμού αεροπορικών συστημάτων.
• Να γνωρίζει την εναέρια και την επίγεια υποδομή των αεροπορικών συστημάτων.
• Να περιγράψει και να εφαρμόσει στοιχεία οργάνωσης, διαχείρισης και διοίκησης αεροπορικών συστημάτων. 
• Να αποκτήσει την ικανότητα εντοπισμού, ανάλυσης και ερμηνείας του σχετικού Εθνικού, Κοινοτικού και Διεθνούς Δικαίου.","Το μάθημα συμβάλει στην απόκτηση των παρακάτω ικανοτήτων:
• Αναζήτηση, ανάλυση και σύνθεση δεδομένων και πληροφοριών, με τη χρήση και των απαραίτητων τεχνολογιών
• Προσαρμογή σε νέες καταστάσεις
• Λήψη αποφάσεων
• Σχεδιασμός και διαχείριση έργων 
• Σεβασμός στο φυσικό περιβάλλον ","Περιεχόμενο διαλέξεων μαθήματος:
• Εισαγωγή και βασικές έννοιες περί σχεδιασμού και λειτουργίας αεροπορικών συστημάτων.
• Εγχώριο και διεθνές περιβάλλον των αερομεταφορών.
• Αεροπορικές ελευθερίες, μονοπώλιο και ανταγωνισμός, απελευθέρωση, αεροπορικές συμμαχίες, ιδιωτικοποίηση.  
• Οργάνωση και διοίκηση αεροπορικών εταιρειών και αεροδρομίων. Οικονομικά στοιχεία. 
• Βασικά εργαλεία μελέτης αεροπορικών συστημάτων.
• Σχεδιασμός του αεροπορικού συστήματος.
• Εναέρια υποδομή (1/3): Αεροσκάφη, Διάταξη – Γεωμετρία αεροδρομίων, Πεδίο ελιγμών.
• Εναέρια υποδομή (2/3): Διαχείριση ζήτησης.
• Εναέρια υποδομή (3/3): Διαχείριση εναέριας κυκλοφορίας.
• Επίγεια υποδομή (1/3): Κτήρια επιβατών – Εγκαταστάσεις.
• Επίγεια υποδομή (2/3): Εμπορευματικοί αεροσταθμοί.
• Επίγεια υποδομή (3/3): Πρόσβαση, Ασφάλεια αερολιμένων.
• Ελικοδρόμια, Υδατοδρόμια.",,,"Στην τάξη (δια ζώσης). 
Δυνατότητα εξ αποστάσεως διαλέξεων εφόσον απαιτηθεί.","Παρουσίαση διαλέξεων με χρήση φορητού Η/Υ και βιντεοπροβολέα ή με τηλεδιάσκεψη εξ αποστάσεως εφόσον απαιτηθεί.
Υποστήριξη μαθησιακής διαδικασίας μέσω της ηλεκτρονικής πλατφόρμας e-learning.
Συναντήσεις εξ αποστάσεως διδάσκοντα και φοιτητών για συνεργασία σε ώρες εκτός μαθήματος (μέσω ψηφιακής πλατφόρμας, πχ. ZOOM, Skype). 
Ανάρτηση ανακοινώσεων στην ιστοσελίδα του Τμήματος και στην ηλεκτρονική σελίδα του μαθήματος στην ηλεκτρονική πλατφόρμα e-learning.
Επικοινωνία διδάσκοντα και φοιτητών μέσω ηλεκτρονικού ταχυδρομείου (email). ",Διαλέξεις,52,Αυτοτελής Μελέτη,78,,,,,,,130,"Τελική γραπτή εξέταση (100%) που περιλαμβάνει: 
   • Ερωτήσεις θεωρίας 
   • Επίλυση ασκήσεων

Τα κριτήρια αξιολόγησης γνωστοποιούνται στους φοιτητές στην πρώτη διάλεξη του μαθήματος. Επίσης, δίνεται η δυνατότητα σε κάθε φοιτητή να ελέγξει το γραπτό και την εργασία του και να του αναλυθούν τα λάθη του.","Ματσούκης, Ε. (2011). Αεροδρόμια. ΕΚΔΟΣΕΙΣ ΣΥΜΜΕΤΡΙΑ, Σ.ΑΘΑΝΑΣΟΠΟΥΛΟΣ & ΣΙΑ Ι.Κ.Ε,  ISBN: 978-960-266-399-4.
Νικολαΐδης, Αθ. Φ. (2017). Αεροδρόμια. Μελέτη και Κατασκευή. ΙΚΑΝΙΚ Ι.Κ.Ε. ISBN: 978-960-91849-6-0.
Προφυλλίδης, Β. (2010). Αεροπορικές Μεταφορές και Αεροδρόμια. Α. ΠΑΠΑΣΩΤΗΡΙΟΥ & ΣΙΑ Ι.Κ.Ε., ISBN: 978-960-7182-71-5.
Ashford N.J. (2011). Airport Engineering: Planning, Design, and Development of 21st Century Airports. Wiley, HEAL-Link Wiley ebooks, ISBN: 9780470950074.",,
96,ΣΥΓ020,Πολιτική Μεταφορών,ΜΗΧΑΝΙΚΩΝ,ΠΟΛΙΤΙΚΩΝ ΜΗΧΑΝΙΚΩΝ,Προπτυχιακό,9,Διαλέξεις,4,5,,,,Κατεύθυνσης,,,Ελληνική,Όχι,,"Με την επιτυχή ολοκλήρωση του μαθήματος ο φοιτητής/τρια θα είναι σε θέση: 
• Να κατανοεί και να εμβαθύνει στη λογική και τους προβληματισμούς στο αντικείμενο της Πολιτικής Μεταφορών.
• Να κατανοεί τις διεθνείς πρακτικές και να αναγνωρίζει τα χαρακτηριστικά της Πολιτικής Μεταφορών σε εθνικό και διεθνές επίπεδο, καθώς και τις μελλοντικές προσδοκίες. ","Το μάθημα συμβάλει στην απόκτηση των παρακάτω ικανοτήτων:
• Αναζήτηση, ανάλυση και σύνθεση δεδομένων και πληροφοριών, με τη χρήση και των απαραίτητων τεχνολογιών
• Προσαρμογή σε νέες καταστάσεις
• Λήψη αποφάσεων
• Σχεδιασμός και διαχείριση έργων 
• Σεβασμός στο φυσικό περιβάλλον ","Περιεχόμενο διαλέξεων μαθήματος:
• Διατύπωση Πολιτικής Μεταφορών.
• Ευρωπαϊκή Πολιτική Μεταφορών: Ιστορική αναδρομή.
• Ευρωπαϊκή Πολιτική για τα Διευρωπαϊκά / Πανευρωπαϊκά Δίκτυα Μεταφορών.
• Ευρωπαϊκή Πολιτική για τις Οδικές Μεταφορές.
• Ευρωπαϊκή Πολιτική για τις Σιδηροδρομικές Μεταφορές.
• Ευρωπαϊκή Πολιτική για τις Αεροπορικές, Θαλάσσιες και Ποτάμιες Μεταφορές.
• Έλεγχος και παρακολούθηση της εφαρμογής της Ευρωπαϊκής Πολιτικής Μεταφορών.
• Διεθνείς Οργανισμοί που δραστηριοποιούνται στη διαμόρφωση – άσκηση πολιτικής.
• Εθνική Πολιτική Μεταφορών ",,,"Στην τάξη (δια ζώσης). 
Δυνατότητα εξ αποστάσεως διαλέξεων εφόσον απαιτηθεί.","Παρουσίαση διαλέξεων με χρήση φορητού Η/Υ και βιντεοπροβολέα ή με τηλεδιάσκεψη εξ αποστάσεως εφόσον απαιτηθεί.
Υποστήριξη μαθησιακής διαδικασίας μέσω της ηλεκτρονικής πλατφόρμας e-learning.
Συναντήσεις εξ αποστάσεως διδάσκοντα και φοιτητών για συνεργασία σε ώρες εκτός μαθήματος (μέσω ψηφιακής πλατφόρμας, πχ. ZOOM, Skype). 
Ανάρτηση ανακοινώσεων στην ιστοσελίδα του Τμήματος και στην ηλεκτρονική σελίδα του μαθήματος στην ηλεκτρονική πλατφόρμα e-learning.
Επικοινωνία διδάσκοντα και φοιτητών μέσω ηλεκτρονικού ταχυδρομείου (email). ",Διαλέξεις,52,Αυτοτελής Μελέτη,78,,,,,,,130,"Τελική γραπτή εξέταση (100%) που περιλαμβάνει: 
   • Ερωτήσεις θεωρίας 
   • Επίλυση ασκήσεων

Τα κριτήρια αξιολόγησης γνωστοποιούνται στους φοιτητές στην πρώτη διάλεξη του μαθήματος. Επίσης, δίνεται η δυνατότητα σε κάθε φοιτητή να ελέγξει το γραπτό και την εργασία του και να του αναλυθούν τα λάθη του.","Θεματολογικά δελτία για την Ευρωπαϊκή Ένωση, Πολιτική μεταφορών και τουρισμού. https://www.europarl.europa.eu/factsheets/el/section/198 
Ευρωπαϊκή Ένωση, Τομείς πολιτικής της Ευρωπαϊκής Ένωσης, Μεταφορές. https://europa.eu/european-union/topics/transport_el   
Transport Policy, A Journal of the World Conference on Transport Research Society (WCTRS), Elsevier. ISSN: 0967-070X. https://www.journals.elsevier.com/transport-policy
Transportation Research Part A: Policy and Practice. Elsevier. ISSN: 0965-8564. https://www.journals.elsevier.com/transportation-research-part-a-policy-and-practice 
Παρδάλη Α. (2007). Οικονομική και Πολιτική των Λιμένων. ΕΚΔΟΣΕΙΣ ΣΤΑΜΟΥΛΗ ΑΕ, ISBN: 978-960-351-689-7. 
Προφυλλίδης, Β. (2010). Αεροπορικές Μεταφορές και Αεροδρόμια. Α. ΠΑΠΑΣΩΤΗΡΙΟΥ & ΣΙΑ Ι.Κ.Ε., ISBN: 978-960-7182-71-5. 
Προφυλλίδης, Β. (2016). Σιδηροδρομική. EKΔOΣEIΣ ΓIAXOYΔH Ι.Κ.Ε., ISBN: 978-618-5092-22-1. ",,
97,ΣΥΓ021,"Ευφυείς πόλεις, Υποδομές και Μεταφορές",ΜΗΧΑΝΙΚΩΝ,ΠΟΛΙΤΙΚΩΝ ΜΗΧΑΝΙΚΩΝ,Προπτυχιακό,9,Διαλέξεις,4,5,,,,Κατεύθυνσης,,,Ελληνική,Όχι,,"Με την επιτυχή ολοκλήρωση του μαθήματος ο φοιτητής/τρια θα είναι σε θέση: 
• Να αναγνωρίζει τα γενικά στοιχεία ευφυών συστημάτων μεταφορών ή ενέργειας ή υποδομών.
• Να εφαρμόζει τις αρχές ευφυών πόλεων στο σχεδιασμό των συστημάτων μεταφορών ή ενέργειας ή υποδομών.
• Να εφαρμόζει τις αρχές ευφυών πόλεων στη συλλογή και εκτίμηση δεδομένων.","Το μάθημα συμβάλει στην απόκτηση των παρακάτω ικανοτήτων:
• Αναζήτηση, ανάλυση και σύνθεση δεδομένων και πληροφοριών, με τη χρήση και των απαραίτητων τεχνολογιών
• Προσαρμογή σε νέες καταστάσεις
• Λήψη αποφάσεων
• Σχεδιασμός και διαχείριση έργων 
• Σεβασμός στο φυσικό περιβάλλον ","Περιεχόμενο διαλέξεων μαθήματος:
• Η έννοια της βιώσιμης πόλης.
• Η έννοια της έξυπνης πόλης.
• Παραδείγματα συστημάτων έξυπνων πόλεων.
• Αλγόριθμοι και μέθοδοι ευφυών συστημάτων για την έξυπνη πόλη.
• Έξυπνες υποδομές.
• Επικοινωνία οχήματος προς όχημα, και οχήματος προς υποδομή.",,,"Στην τάξη (δια ζώσης). 
Δυνατότητα εξ αποστάσεως διαλέξεων εφόσον απαιτηθεί.","Παρουσίαση διαλέξεων με χρήση φορητού Η/Υ και βιντεοπροβολέα ή με τηλεδιάσκεψη εξ αποστάσεως εφόσον απαιτηθεί.
Υποστήριξη μαθησιακής διαδικασίας μέσω της ηλεκτρονικής πλατφόρμας e-learning.
Συναντήσεις εξ αποστάσεως διδάσκοντα και φοιτητών για συνεργασία σε ώρες εκτός μαθήματος (μέσω ψηφιακής πλατφόρμας, πχ. ZOOM, Skype). 
Ανάρτηση ανακοινώσεων στην ιστοσελίδα του Τμήματος και στην ηλεκτρονική σελίδα του μαθήματος στην ηλεκτρονική πλατφόρμα e-learning.
Επικοινωνία διδάσκοντα και φοιτητών μέσω ηλεκτρονικού ταχυδρομείου (email). ",Διαλέξεις,52,Αυτοτελής Μελέτη,78,,,,,,,130,"Τελική γραπτή εξέταση (100%) που περιλαμβάνει: 
   • Ερωτήσεις θεωρίας 
   • Επίλυση ασκήσεων

Τα κριτήρια αξιολόγησης γνωστοποιούνται στους φοιτητές στην πρώτη διάλεξη του μαθήματος. Επίσης, δίνεται η δυνατότητα σε κάθε φοιτητή να ελέγξει το γραπτό και την εργασία του και να του αναλυθούν τα λάθη του.","Leon-Garcia, A., Lenort, R., Holman, D., Staš, D., Krutilova, V., Wicher, P., Cagáňová, D., Špirková, D., Golej, J., Nguyen, K. (2016). Smart City 360°. Springer International Publishing, HEAL-Link Springer ebooks. ISBN: 9783319336817.  
Proceedings of the 4th International Conference on Smart City Applications, 2019, ACM Other conferences, Association for Computing Machinery, HEAL-Link ACM Proceedings, ISBN: 9781450362894.
Skulimowski, A.M.J., Sheng, Z., Khemiri-Kallel, S., Cérin, C., Hsu, C-H (2018). Internet of Vehicles. Technologies and Services Towards Smart City, Lecture Notes in Computer Science. Springer International Publishing, HEAL-Link Springer ebooks, ISBN: 9783030050818.
Zeng, X., Xie X., Sun, J., Ma, L., Chen, Y. (2017). International Symposium for Intelligent Transportation and Smart City (ITASC) 2017 Proceedings, Smart Innovation Systems and Technologies. Springer Singapore, HEAL-Link Springer ebooks, ISBN: 9789811035753.
Μουρατίδης, Α.Κ. (2008). Οδοποιία, Η Διαχείριση των Οδικών Έργων. University Studio Press, ISBN: 978-960-12-1759-8. ",,
98,ΥΔΡ014,Υδραυλικές Κατασκευές & Φράγματα,ΜΗΧΑΝΙΚΩΝ,ΠΟΛΙΤΙΚΩΝ ΜΗΧΑΝΙΚΩΝ,Προπτυχιακό,9,Διαλέξεις και Ασκήσεις Εφαρμογής,4,5,,,,Κατεύθυνσης,,"ΥΔΡ002 – Μηχανική των ρευστών
ΥΔΡ003 – Υδραυλική
ΥΔΡ005 – Υπόγεια Υδραυλική και Τεχνική Υδρολογία
ΥΔΡ006 – Υδραυλική των ανοιχτών αγωγών και ποταμών","Ελληνικά
(Φοιτητές Erasmus: Ελληνικά ή Αγγλικά)","Ελληνικά
(Φοιτητές Erasmus: Ελληνικά ή Αγγλικά)",,"Με την επιτυχή ολοκλήρωση του μαθήματος, οι φοιτητές θα είναι σε θέση να:
• προσδιορίζουν τον ωφέλιμο όγκο και τα χαρακτηριστικά δομικά στοιχεία των φραγμάτων
• διακρίνουν την καταλληλότερη διάταξη (φράγμα, υδραυλικές κατασκευές) στον χώρο με κριτήρια επιλογής
• υπολογίζουν πλημμυρογραφήματα σχεδιασμού και όγκους φερτών
• σχεδιάζουν τους υπερχειλιστές και τις απαιτούμενες υδραυλικές κατασκευές
• συνθέτουν υδραυλικά μοντέλα και υπολογισμούς των έργων ασφαλείας
• αξιολογούν τα υδατικά δεδομένα και ορίζουν τον τύπο φράγματος που θα πρέπει να επιλεγεί","• Αναζήτηση, ανάλυση και σύνθεση δεδομένων και πληροφοριών
• Προσαρμογή σε νέες καταστάσεις
• Λήψη αποφάσεων
• Ατομική εργασία
• Εργασία σε διεπιστημονικό περιβάλλον
• Σχεδιασμός και διαχείριση έργων
• Σεβασμός στο φυσικό περιβάλλον
• Προαγωγή της ελεύθερης, δημιουργικής και επαγωγικής σκέψης","- Σύντομη περιγραφή μαθήματος:
Το μάθημα αποσκοπεί στην παροχή στους φοιτητές του βασικού θεωρητικού υπόβαθρου για το μάθημα ‘ΥΔΡ014 Υδραυλικές Κατασκευές & Φράγματα’. Περιλαμβάνει την αναγκαία ύλη για την κατανόηση θεωριών και αρχών που απαιτούνται για το σχεδιασμό φράγματος σε επίπεδο προμελέτης, την επιλογή του τύπου φράγματος και τους υδραυλικούς υπολογισμούς των βασικών υδραυλικών κατασκευών στο χώρο που απαιτούνται.

- Περιεχόμενο διαλέξεων 
   o Εισαγωγή. Είδη φραγμάτων και αναγκαιότητα φράγματος. Επιλογή θέσης φράγματος. Γενική διάταξη φράγματος και λοιπών συναφών έργων. Βασικές έννοιες και ιστορική εξέλιξη. Υλοποίηση φραγμάτων στην Ελλάδα.
   o Τύποι και χαρακτηριστικά φραγμάτων. Κριτήρια επιλογής κατάλληλης διάταξης. Περιεχόμενα μελέτης φράγματος. Στάδια κατασκευής έργων. Πιθανές Αστοχίες.
   o Φράγματα Βαρύτητας. Έλεγχοι ευστάθειας. Φράγματα βαρύτητας με διάκενα. Φράγματα Αντηριδωτά και έλεγχος ευστάθειάς τους. Κατασκευή φραγμάτων.
   o Θολωτά φράγματα. Χωμάτινα φράγματα. Φράγματα λιθόρριπτα. Έλεγχος ευστάθειας και ισορροπίας. Κατασκευαστικά στοιχεία.
   o Θεμελίωση φράγματος και αποστράγγιση. Υπολογισμός διήθησης. Μέτρα περιορισμού της διήθησης.
   o Υδρολογία φραγμάτων και υδατικό ισοζύγιο. Κατάκλυση και στεγανότητα. Λεκάνη απορροής και εκτίμηση εισροών. Πλημμυρογραφήματα σχεδιασμού. Εκτίμηση όγκου φερτών. Μελέτη λειτουργίας φράγματος.
   o Υδραυλική φραγμάτων. Σχεδιασμός κατασκευών ασφαλείας. Προσωρινά έργα εκτροπής. Εκτίμηση πλημμύρας σχεδιασμού υπερχειλιστή.
   o Ανάσχεση - διόδευση πλημμύρας. Σχεδιασμός υπερχειλιστή. Εκκενωτές πυθμένα. Λεκάνες καταστροφής ενέργειας.",,,Πρόσωπο με πρόσωπο,"Υποστήριξη Μαθησιακής διαδικασίας (Διδασκαλία και Επικοινωνία με φοιτητές) μέσω διαλέξεων σε PowerPoint, μέσω ηλεκτρονικής ιστοσελίδας μαθήματος, μέσω της ηλεκτρονικής πλατφόρμας e-learning και μέσω επιπλέον ηλεκτρονικής επικοινωνίας με τους φοιτητές (online ανακοινώσεις και σχόλια, email κτλ). Επιπλέον υλικό (παρουσιάσεις διαλέξεων, εκπαιδευτικά videos, χρήσιμα sites και επιστημονικά άρθρα) ανηρτημένο στο e-learning. Ώρα συνεργασίας καθηγητή-φοιτητών είτε με φυσική παρουσία είτε μέσω τηλεσυνάντησης.",Διαλέξεις Θεωρίας,40,Ασκήσεις Εφαρμογής,12,Συγγραφή Εργασίας,10,Εκπαιδευτική Επίσκεψη (όταν πραγματοποιείται),,Αυτοτελής Μελέτη & Ανάλυση Βιβλιογραφίας,,130,"Γλώσσα Αξιολόγησης: Ελληνική

Γραπτή Εξέταση με Ερωτήσεις Εκτεταμένης Απάντησης (Διαμορφωτική ή/και Συμπερασματική)

Αξιολόγηση Θεωρίας (80% του τελικού βαθμού):
• Γραπτή εξέταση προόδου (20% του τελικού βαθμού) που περιλαμβάνει:
   o Θεωρητικές ερωτήσεις Εκτεταμένης Απάντησης (Διαμορφωτική ή/και Συμπερασματική)
   o Επίλυση προβλημάτων-ασκήσεων
• Γραπτή τελική εξέταση (60% του τελικού βαθμού) που περιλαμβάνει:
   o Θεωρητικές ερωτήσεις Εκτεταμένης Απάντησης (Διαμορφωτική ή/και Συμπερασματική)
   o Επίλυση προβλημάτων-ασκήσεων
• Ατομική εργασία (20% του τελικού βαθμού)

Το παρόν κείμενο περιγραφής του μαθήματος με τα κριτήρια αξιολόγησης είναι προσβάσιμο στους φοιτητές στον οδηγό σπουδών του Τμήματος (ιστοσελίδα Τμήματος) και στην ιστοσελίδα του μαθήματος.
Το περίγραμμα κοινοποιείται προφορικά στους φοιτητές κατά την πρώτη διάλεξη.","Τσόγκας Χρήστος Ερ.,Τσόγκα Ελισάβετ Χ., Υδροδυναμικά Eργα - Φράγματα, Εκδόσεις ΊΙων, 2009, ISBN: 960-411-196-5. Κωδικός Βιβλίου στον Εύδοξο: 14865
Μιμίκου Μαρία Α., Τεχνολογία Υδατικών Πόρων, Εκδόσεις Παπασωτηρίου, 2006, ISBN: 978-960-7530-79-0. Κωδικός Βιβλίου στον Εύδοξο: 9780
Δερμίσης Β., Διευθετήσεις Υδατορρεύματος, Εκδόσεις ΤΖΙΟΛΑ, 2010, ISBN: 978-960-418-296-1. Κωδικός Βιβλίου στον Εύδοξο: 18548763
Ι.Δ.Δημητρίου, Δ.Ι.Δημητρίου, ΠΕΡΙΒΑΛΛΟΝΤΙΚΗ ΥΔΡΑΥΛΙΚΗ, Εκδόσεις fountas, 2009, ISBN: 978960330675-7. Κωδικός Βιβλίου στον Εύδοξο: 4320
Τσακίρης Γ., Υδατικοί πόροι : I Τεχνική υδρολογία και διαχείρηση των υδατικών πόρων, Εκδόσεις ΣΥΜΜΕΤΡΙΑ, 2012 (1η έκδοση), ISBN: 978-960-266-380-6. Κωδικός Βιβλίου στον Εύδοξο: 22771790",,
99,ΥΔΡ015,Εγγειοβελτιωτικά Έργα – Αρδεύσεις,ΜΗΧΑΝΙΚΩΝ,ΠΟΛΙΤΙΚΩΝ ΜΗΧΑΝΙΚΩΝ,Προπτυχιακό,9,Διαλέξεις και Ασκήσεις Εφαρμογής,4,5,,,,Κατεύθυνσης,,"ΥΔΡ002 – Μηχανική των ρευστών
ΥΔΡ003 – Υδραυλική
ΥΔΡ004 – Υδρεύσεις – Αποχετεύσεις
ΥΔΡ005 – Υπόγεια Υδραυλική και Τεχνική Υδρολογία","Ελληνικά
(Φοιτητές Erasmus: Ελληνικά ή Αγγλικά)","Ελληνικά
(Φοιτητές Erasmus: Ελληνικά ή Αγγλικά)",,"Με την επιτυχή ολοκλήρωση του μαθήματος, οι φοιτητές θα είναι σε θέση να:
• αναγνωρίζουν και περιγράφουν τα απαιτούμενα εγγειοβελτιωτικά έργα
• εξηγούν το σύνθετο φυσικό πρόβλημα της αλληλεπίδρασης νερού-εδάφους-καλλιεργειών-ατμόσφαιρας
• υπολογίζουν και να σχεδιάζουν ένα αρδευτικό δίκτυο και τις απαιτούμενες κατασκευές του
• προσαρμόζουν κατάλληλες συσκευές ρύθμισης και προστασίας στο σύνολο του αρδευτικού έργου
• αξιολογούν και να κρίνουν τους τεχνικούς, περιβαλλοντικούς και οικονομικούς παράγοντες κατά τον σχεδιασμό εγγειοβελτιωτικών έργων
• συνθέτουν και να προτείνουν βέλτιστες λύσεις σχεδιασμού έργων άρδευσης","• Αναζήτηση, ανάλυση και σύνθεση δεδομένων και πληροφοριών
• Προσαρμογή σε νέες καταστάσεις
• Λήψη αποφάσεων
• Ατομική εργασία
• Εργασία σε διεπιστημονικό περιβάλλον
• Σχεδιασμός και διαχείριση έργων
• Σεβασμός στο φυσικό περιβάλλον
• Προαγωγή της ελεύθερης, δημιουργικής και επαγωγικής σκέψης","- Σύντομη περιγραφή μαθήματος:
Το μάθημα αποσκοπεί στην παροχή στους φοιτητές του βασικού θεωρητικού υπόβαθρου για το μάθημα ‘ΥΔΡ015 Εγγειοβελτιωτικά Έργα – Αρδεύσεις’. Περιλαμβάνει την αναγκαία ύλη για την κατανόηση θεωριών και αρχών: (α) γεωργικής υδραυλικής, (β) ποσοτικής αποτίμησης αρδευτικών υδάτων, (γ) σχεδιασμού και λειτουργίας εγγειοβελτιωτικών έργων και (δ) οικονομικού σχεδιασμού αρδευτικών έργων και δικτύων.

- Περιεχόμενο διαλέξεων 
   o Εισαγωγή στα Εγγειοβελτιωτικά Έργα. Ιστορική παρουσίαση και γενική περιγραφή μελετών και υποδομών εγγειοβελτιωτικών έργων. Προκαταρκτικές έρευνες για τη μελέτη εγγειοβελτιωτικού έργου.
   o Καλλιέργειες και αρδεύσεις. Αλληλεπίδραση νερού-εδάφους-καλλιεργειών-ατμόσφαιρας. Εδαφική υγρασία-διήθηση. Ακόρεστη - κορεσμένη ροή. Στάδια βλάστησης, συντελεστής καλλιέργειας και εξατμισοδιαπνοή (δυναμική - πραγματική).
   o Ποιότητα υδατικών και εδαφικών πόρων. Υδατικές ανάγκες καλλιεργειών. Αντιμετώπιση των επιπλέον αναγκών λόγω αλατότητας του εδάφους.
   o Υπολογισμός παροχής σχεδιασμού αρδευτικών δικτύων (συνεχές σύστημα, εκ περιτροπής, με ελεύθερη ζήτηση).
   o Μέθοδοι αρδεύσεων. Υπολογιστικές μέθοδοι για το σχεδιασμό επιφανειακής άρδευσης με κατάκλυση, περιορισμένη διάχυση και αυλάκια.
   o Σχεδιασμός αρδευτικών δικτύων με καταιονισμό. Σχεδιασμός δικτύων στάγδην άρδευσης. Λεπτομερείς υδραυλικοί υπολογισμοί.
   o Κατασκευαστικά στοιχεία εγγειοβελτιωτικών έργων (Σιφώνες, Οχετοί, Αντλιοστάσια). Στράγγιση εδαφών. Σχεδιασμός και μελέτη στραγγιστικών δικτύων.
   o Οικονομική βελτιστοποίηση δικτύων άρδευσης - Χαρακτηριστική καμπύλη.",,,Πρόσωπο με πρόσωπο,"Υποστήριξη Μαθησιακής διαδικασίας (Διδασκαλία και Επικοινωνία με φοιτητές) μέσω διαλέξεων σε PowerPoint, μέσω ηλεκτρονικής ιστοσελίδας μαθήματος, μέσω της ηλεκτρονικής πλατφόρμας e-learning και μέσω επιπλέον ηλεκτρονικής επικοινωνίας με τους φοιτητές (online ανακοινώσεις και σχόλια, email κτλ). Επιπλέον υλικό (παρουσιάσεις διαλέξεων, εκπαιδευτικά videos, χρήσιμα sites και επιστημονικά άρθρα) ανηρτημένο στο e-learning. Ώρα συνεργασίας καθηγητή-φοιτητών είτε με φυσική παρουσία είτε μέσω τηλεσυνάντησης.",Διαλέξεις Θεωρίας,40,Ασκήσεις Εφαρμογής,12,Συγγραφή Εργασίας,10,Εκπαιδευτική Επίσκεψη (όταν πραγματοποιείται),,Αυτοτελής Μελέτη & Ανάλυση Βιβλιογραφίας,,130,"Γλώσσα Αξιολόγησης: Ελληνική

Γραπτή Εξέταση με Ερωτήσεις Εκτεταμένης Απάντησης (Διαμορφωτική ή/και Συμπερασματική)

Αξιολόγηση Θεωρίας (80% του τελικού βαθμού):
• Γραπτή εξέταση προόδου (20% του τελικού βαθμού) που περιλαμβάνει:
   o Θεωρητικές ερωτήσεις Εκτεταμένης Απάντησης (Διαμορφωτική ή/και Συμπερασματική)
   o Επίλυση προβλημάτων-ασκήσεων
• Γραπτή τελική εξέταση (60% του τελικού βαθμού) που περιλαμβάνει:
   o Θεωρητικές ερωτήσεις Εκτεταμένης Απάντησης (Διαμορφωτική ή/και Συμπερασματική)
   o Επίλυση προβλημάτων-ασκήσεων
• Ατομική εργασία (20% του τελικού βαθμού)

Το παρόν κείμενο περιγραφής του μαθήματος με τα κριτήρια αξιολόγησης είναι προσβάσιμο στους φοιτητές στον οδηγό σπουδών του Τμήματος (ιστοσελίδα Τμήματος) και στην ιστοσελίδα του μαθήματος.
Το περίγραμμα κοινοποιείται προφορικά στους φοιτητές κατά την πρώτη διάλεξη.","Τσακίρης Γεώργιος, Υδραυλικά Έργα, Σχεδιασμός και Διαχείριση, ΤΟΜΟΣ ΙΙ: Εγγειοβελτιωτικά Έργα, Εκδόσεις Συμμετρία, 2006, ISBN: 978-960-266-171-0. Κωδικός Βιβλίου στον Εύδοξο: 45381
Γεωργική υδραυλική, Γεωργική υδραυλική, Εκδόσεις Ζήτη, 1997, ISBN: 960-431-404-1. Κωδικός Βιβλίου στον Εύδοξο: 11157
Παπαμιχαήλ Δημήτρης, Μπαμπατζιμόπουλος Χρήστος, Εφαρμοσμένη Γεωργική Υδραυλική, Εκδόσεις Ζήτη Πελαγία & Σια Ι.Κ.Ε., 2014, ISBN: 978-960-456-415-6. Κωδικός Βιβλίου στον Εύδοξο: 41960118
Τζιμόπουλος Χρήστος, Γεωργική υδραυλική, Τόμος Ι, Εξατμισοδιαπνοή - διηθητικότητα - ατομικά δίκτυα, Ζήτη, 1982, ISBN: 978-960-456-171-1. Κωδικός Βιβλίου στον Εύδοξο: 11423
Τζιμόπουλος Χρήστος, Γεωργική υδραυλική, Τόμος ΙI, Συλλογικά αρδευτικά δίκτυα με καταιονισμό, Ζήτη, 1995, ISBN: 978-960-456-158-2. Κωδικός Βιβλίου στον Εύδοξο: 11424",,
100,ΥΔΡ016,Υδροδυναμική και Κατασκευές,ΜΗΧΑΝΙΚΩΝ,ΠΟΛΙΤΙΚΩΝ ΜΗΧΑΝΙΚΩΝ,Προπτυχιακό,9,Διαλέξεις και Ασκήσεις Εφαρμογής,4,5,,,,Κατεύθυνσης,,"ΥΔΡ002 – Μηχανική των ρευστών
ΥΔΡ003 – Υδραυλική
ΥΔΡ008 – Υπολογιστική Ρευστομηχανική","Ελληνικά
(Φοιτητές Erasmus: Ελληνικά ή Αγγλικά)","Ελληνικά
(Φοιτητές Erasmus: Ελληνικά ή Αγγλικά)",,"Με την επιτυχή ολοκλήρωση του μαθήματος, οι φοιτητές θα είναι σε θέση να:
• αναγνωρίζουν και περιγράφουν τις βασικές αρχές των αριθμητικών μεθόδων πεπερασμένων όγκων
• διακρίνουν το πεδίο εφαρμογής και ισχύος των μοντέλων τύρβης
• δομούν απλούς υπολογιστικούς κώδικες με τους οποίους επιλύουν απλές περιπτώσεις υδροδυναμικής
• γνωρίζουν και χρησιμοποιούν ανοικτό κώδικα υπολογιστικής υδροδυναμικής
• συνθέτουν υπολογιστικά μοντέλα υπολογισμού υδροδυναμικών φορτίσεων που ασκούνται σε κατασκευές
• αξιολογούν υπολογιστικές τεχνικές που χρησιμοποιούνται από κώδικες εμπορικούς ή ανοικτούς υδροδυναμικής ανάλυσης","• Αναζήτηση, ανάλυση και σύνθεση δεδομένων και πληροφοριών
• Προσαρμογή σε νέες καταστάσεις
• Λήψη αποφάσεων
• Ατομική εργασία
• Εργασία σε διεπιστημονικό περιβάλλον
• Σχεδιασμός και διαχείριση έργων
• Σεβασμός στο φυσικό περιβάλλον
• Προαγωγή της ελεύθερης, δημιουργικής και επαγωγικής σκέψης","- Σύντομη περιγραφή μαθήματος:
Το μάθημα αποσκοπεί στην παροχή στους φοιτητές του βασικού θεωρητικού υπόβαθρου για το μάθημα ‘ΥΔΡ016 Υδροδυναμική και Κατασκευές’. Περιλαμβάνει την αναγκαία ύλη για την υπολογιστική μοντελοποίηση προβλημάτων υδροδυναμικής αλληλεπίδρασης με κατασκευές και για την εμπέδωση από τους φοιτητές της φυσικής του φαινομένου της υδροδυναμικής αλληλεπίδρασης με κατασκευές, της μαθηματικής μοντελοποίησης της ροής καθώς και της υπολογιστικής προσομοίωσης με χρήση κατάλληλου κώδικα.

- Περιεχόμενο διαλέξεων 
   o Εισαγωγή στην υπολογιστική υδροδυναμική. Βασικές εξισώσεις της Μηχανικής των Ρευστών (Εξίσωση συνέχειας, εξισώσεις ορμής, Εξισώσεις Navier Stokes, Εξισώσεις ενέργειας, Γενικές εξισώσεις μεταφοράς)
   o Η μέθοδος των πεπερασμένων όγκων. Εφαρμογή της μεθόδου σε προβλήματα δύο διαστάσεων. Γενικός μετασχηματισμός και αριθμητικός σχηματισμός. Λύση των εξισώσεων Euler στο χώρο των τριών διαστάσεων.
   o Αριθμητική επίλυση των εξισώσεων μεταφοράς. Ολοκλήρωση σε όγκους ελέγχου.
   o Τύρβη. Εξισώσεις RANS. Μοντέλα τύρβης. Προσομοίωση μεγάλης δίνης. LES. Άμεση αριθμητική προσομοίωση (DNS).
   o Αλγόριθμοι επίλυσης (SIMPLE, PISO)
   o Τύποι αριθμητικού πλέγματος (Καρτεσιανά, Καμπυλόγραμμα, Δομημένα πλέγματα, Μη δομημένα πλέγματα). Κριτήριο σύγκλισης.
   o Χαρακτηριστικά και δυνατότητες ανοικτού κώδικα υπολογιστικής υδροδυναμικής.
   o Ανάπτυξη μοντέλου υπολογισμού υδροδυναμικών φορτίων σε κατασκευή και σύγκριση με αναλυτικές λύσεις.",,,Πρόσωπο με πρόσωπο,"Υποστήριξη Μαθησιακής διαδικασίας (Διδασκαλία και Επικοινωνία με φοιτητές) μέσω διαλέξεων σε PowerPoint, μέσω ηλεκτρονικής ιστοσελίδας μαθήματος, μέσω της ηλεκτρονικής πλατφόρμας e-learning και μέσω επιπλέον ηλεκτρονικής επικοινωνίας με τους φοιτητές (online ανακοινώσεις και σχόλια, email κτλ). Επιπλέον υλικό (παρουσιάσεις διαλέξεων, εκπαιδευτικά videos, χρήσιμα sites και επιστημονικά άρθρα) ανηρτημένο στο e-learning. Ώρα συνεργασίας καθηγητή-φοιτητών είτε με φυσική παρουσία είτε μέσω τηλεσυνάντησης.",Διαλέξεις Θεωρίας,40,Ασκήσεις Εφαρμογής,12,Συγγραφή Εργασίας,10,Αυτοτελής Μελέτη & Ανάλυση Βιβλιογραφίας,68,,,130,"Γλώσσα Αξιολόγησης: Ελληνική

Γραπτή Εξέταση με Ερωτήσεις Εκτεταμένης Απάντησης (Διαμορφωτική ή/και Συμπερασματική)

Αξιολόγηση Θεωρίας (80% του τελικού βαθμού):
• Γραπτή εξέταση προόδου (20% του τελικού βαθμού) που περιλαμβάνει:
   o Θεωρητικές ερωτήσεις Εκτεταμένης Απάντησης (Διαμορφωτική ή/και Συμπερασματική)
   o Επίλυση προβλημάτων-ασκήσεων
• Γραπτή τελική εξέταση (60% του τελικού βαθμού) που περιλαμβάνει:
   o Θεωρητικές ερωτήσεις Εκτεταμένης Απάντησης (Διαμορφωτική ή/και Συμπερασματική)
   o Επίλυση προβλημάτων-ασκήσεων
• Ατομική εργασία (20% του τελικού βαθμού)

Το παρόν κείμενο περιγραφής του μαθήματος με τα κριτήρια αξιολόγησης είναι προσβάσιμο στους φοιτητές στον οδηγό σπουδών του Τμήματος (ιστοσελίδα Τμήματος) και στην ιστοσελίδα του μαθήματος.
Το περίγραμμα κοινοποιείται προφορικά στους φοιτητές κατά την πρώτη διάλεξη.","Σούλης Ιωάννης, ΥΠΟΛΟΓΙΣΤΙΚΗ ΜΗΧΑΝΙΚΗ ΡΕΥΣΤΩΝ, Εκδόσεις ΧΑΡΑΛΑΜΠΟΣ ΝΙΚ. ΑΪΒΑΖΗΣ, 2008, ISBN: 978-960-99293-2-5. Κωδικός Βιβλίου στον Εύδοξο: 1100
Versteeg Η.Κ., Μalalasekera W., Εισαγωγή στην Υπολογιστική Ρευστοδυναμική, Εκδόσεις ΤΖΙΟΛΑ, 2015 (2η έκδοση), ISBN: 978-960-418-343-2. Κωδικός Βιβλίου στον Εύδοξο: 50655976
Chung T.J., ΥΠΟΛΟΓΙΣΤΙΚΗ ΡΕΥΣΤΟΔΥΝΑΜΙΚΗ, Εκδόσεις FOUNTAS, 2019 (2η έκδοση), ISBN: 9789603307884. Κωδικός Βιβλίου στον Εύδοξο: 86054605
Σούλης Ιωάννης, Υπολογιστικές τεχνικές Υδραυλικής Μηχανικής, Εκδόσεις Ελληνικά Ακαδημαϊκά Ηλεκτρονικά Συγγράμματα και Βοηθήματα - Αποθετήριο ""Κάλλιπος"", 2016, ISBN: 978-960-603-044-4. Κωδικός Βιβλίου στον Εύδοξο: 320306
Karimirad M., Michailides C., Nematbakhsh A., Offshore Mechanics: Structural and Fluid Dynamics for Recent Applications, Εκδόσεις John Wiley & Sons, 2018, ISBN: 978-1-119-21662-9",,
101,ΥΔΡ017,Σύγχρονα ενεργειακά συστήματα θάλασσας,ΜΗΧΑΝΙΚΩΝ,ΠΟΛΙΤΙΚΩΝ ΜΗΧΑΝΙΚΩΝ,Προπτυχιακό,9,Διαλέξεις και Ασκήσεις Εφαρμογής,4,5,,,,Κατεύθυνσης,,"ΥΔΡ002 – Μηχανική των ρευστών
ΥΔΡ003 – Υδραυλική
ΥΔΡ008 – Υπολογιστική Ρευστομηχανική
ΥΔΡ011 – Κυματομηχανική και Έργα Ανοικτής Θάλασσας","Ελληνικά
(Φοιτητές Erasmus: Ελληνικά ή Αγγλικά)","Ελληνικά
(Φοιτητές Erasmus: Ελληνικά ή Αγγλικά)",,"Με την επιτυχή ολοκλήρωση του μαθήματος, οι φοιτητές θα είναι σε θέση να:
• προσδιορίζουν το θαλάσσιο κυματικό δυναμικό ή/και αιολικό δυναμικό σε θαλάσσια περιοχή
• διακρίνουν τα δομικά στοιχεία θαλάσσιων ενεργειακών συστημάτων και εκτιμούν τις κρίσιμες φορτιστικές τους καταστάσεις (υδροδυναμικές, αεροδυναμικές)
• υπολογίζουν και αξιολογούν την παραγωγή ενέργειας από σύγχρονα ενεργειακά συστήματα θάλασσας
• σχεδιάζουν τη βασική δομική υποδομή θαλάσσιων ενεργειακών συστημάτων
• αναπτύσσουν και συνθέτουν υπολογιστικά μοντέλα ανάλυσης θαλάσσιων ανεμογεννητριών και μετατροπέων κυματικής ενέργειας
• ορίζουν τις απαιτήσεις υπολογιστικών κωδίκων για την αξιόπιστη συζευγμένη ανάλυση θαλάσσιων ενεργειακών συστημάτων","• Αναζήτηση, ανάλυση και σύνθεση δεδομένων και πληροφοριών
• Προσαρμογή σε νέες καταστάσεις
• Λήψη αποφάσεων
• Ατομική εργασία
• Εργασία σε διεπιστημονικό περιβάλλον
• Σχεδιασμός και διαχείριση έργων
• Σεβασμός στο φυσικό περιβάλλον
• Προαγωγή της ελεύθερης, δημιουργικής και επαγωγικής σκέψης","- Σύντομη περιγραφή μαθήματος:
Το μάθημα αποσκοπεί στην παροχή στους φοιτητές του βασικού θεωρητικού υπόβαθρου για το μάθημα ‘ΥΔΡ017 Σύγχρονα ενεργειακά συστήματα θάλασσας’. Περιλαμβάνει την αναγκαία ύλη για την κατανόηση της υπολογιστικής μοντελοποίησης, της ανάλυσης και σχεδιασμού ενεργειακών συστημάτων σε θαλάσσιο περιβάλλον (θαλάσσιες ανεμογεννήτριες, μετατροπείς κυματικής ενέργειας) καθώς και της υπολογιστικής προσομοίωσης με χρήση κατάλληλου υπολογιστικού κώδικα.

- Περιεχόμενο διαλέξεων
   o Βασικές εξισώσεις ροής ελεύθερης επιφάνειας. Συνοριακές συνθήκες. Θαλάσσια υδραυλική. Μοντέλα μεγάλης κλίμακας διάδοσης θαλάσσιων κυματισμών.
   o Ενεργειακό δυναμικό κυμάτων (σε παγκόσμια κλίμακα και στον Ελληνικό θαλάσσιο χώρο).
   o Τεχνολογία μετατροπέων κυματικής ενέργειας. Κατηγοριοποίηση και ιστορία εξέλιξης τους. Δομικά στοιχεία μετατροπέων κυματικής ενέργειας. Yδροδυναμικές φορτίσεις.
   o Ανάλυση (πεδίο συχνοτήτων, πεδίο χρόνου) και σχεδιασμός μετατροπέων κυματικής ενέργειας.
   o Εφαρμογή ανάλυσης συγκεκριμένου τύπου μετατροπέα κυματικής ενέργειας σε υπολογιστικό κώδικα.
   o Θαλάσσιο αιολικό δυναμικό. Βασικά στοιχεία αεροδυναμικής.
   o Τεχνολογία και τύποι θαλάσσιων ανεμογεννητριών. Δομή και στοιχεία λειτουργίας. Διατάξεις έδρασης. Κατασκευαστικές μέθοδοι. Συντήρηση και λειτουργία με παρακολούθηση.
   o Σχεδιασμός και αριθμητική μοντελοποίηση θαλάσσιων ανεμογεννητριών. Πλήρως συζευγμένη αερο-υδρο-ελαστική ανάλυση.
   o Εφαρμογή ανάλυσης συγκεκριμένου τύπου θαλάσσιας ανεμογεννήτριας σε υπολογιστικό κώδικα.",,,Πρόσωπο με πρόσωπο,"Υποστήριξη Μαθησιακής διαδικασίας (Διδασκαλία και Επικοινωνία με φοιτητές) μέσω διαλέξεων σε PowerPoint, μέσω ηλεκτρονικής ιστοσελίδας μαθήματος, μέσω της ηλεκτρονικής πλατφόρμας e-learning και μέσω επιπλέον ηλεκτρονικής επικοινωνίας με τους φοιτητές (online ανακοινώσεις και σχόλια, email κτλ). Επιπλέον υλικό (παρουσιάσεις διαλέξεων, εκπαιδευτικά videos, χρήσιμα sites και επιστημονικά άρθρα) ανηρτημένο στο e-learning. Ώρα συνεργασίας καθηγητή-φοιτητών είτε με φυσική παρουσία είτε μέσω τηλεσυνάντησης.",Διαλέξεις Θεωρίας,40,Ασκήσεις Εφαρμογής,12,Συγγραφή Εργασίας,15,Αυτοτελής Μελέτη & Ανάλυση Βιβλιογραφίας,63,,,130,"Γλώσσα Αξιολόγησης: Ελληνική

Γραπτή Εξέταση με Ερωτήσεις Εκτεταμένης Απάντησης (Διαμορφωτική ή/και Συμπερασματική)

Αξιολόγηση Θεωρίας (70% του τελικού βαθμού):
• Γραπτή εξέταση προόδου (10% του τελικού βαθμού) που περιλαμβάνει:
   o Θεωρητικές ερωτήσεις Εκτεταμένης Απάντησης (Διαμορφωτική ή/και Συμπερασματική)
   o Επίλυση προβλημάτων-ασκήσεων
• Γραπτή τελική εξέταση (60% του τελικού βαθμού) που περιλαμβάνει:
   o Θεωρητικές ερωτήσεις Εκτεταμένης Απάντησης (Διαμορφωτική ή/και Συμπερασματική)
   o Επίλυση προβλημάτων-ασκήσεων

Αξιολόγηση Εργασίας (30% του τελικού βαθμού):
• Γραπτή εργασία

Το παρόν κείμενο περιγραφής του μαθήματος με τα κριτήρια αξιολόγησης είναι προσβάσιμο στους φοιτητές στον οδηγό σπουδών του Τμήματος (ιστοσελίδα Τμήματος) και στην ιστοσελίδα του μαθήματος.
Το περίγραμμα κοινοποιείται προφορικά στους φοιτητές κατά την πρώτη διάλεξη.","Καραμπάς Θεοφάνης, Δήμας Αθανάσιος, Λουκογεωργάκη Ευαγγελία, ΑΚΤΟΜΗΧΑΝΙΚΗ ΚΑΙ ΛΙΜΕΝΙΚΑ ΕΡΓΑ, Εκδόσεις ΔΙΣΙΓΜΑ, 2020, ISBN: 978-618-5242-92-3. Κωδικός Βιβλίου στον Εύδοξο: 94690348
Anaya-Lara, Offshore Wind Energy Technology, Εκδόσεις HEAL-Link Wiley UBCM ebooks - John Wiley & Sons, 2018, ISBN: 9781119097808. Κωδικός Βιβλίου στον Εύδοξο: 91721601
Pecher A., Kofoed J.P., Handbook of Ocean Wave Energy, HEAL-Link Wiley UBCM ebooks - Springer International Publishing, 2017, ISBN: 9783319398891. Κωδικός Βιβλίου στον Εύδοξο: 75486625
Greaves D., Iglesias G., Wave and Tidal Energy, HEAL-Link Wiley UBCM ebooks - John Wiley & Sons, 2018, ISBN: 9781119014492. Κωδικός Βιβλίου στον Εύδοξο: 91726099
Karimirad M., Michailides C., Nematbakhsh A., Offshore Mechanics: Structural and Fluid Dynamics for Recent Applications, Εκδόσεις John Wiley & Sons, 2018, ISBN: 978-1-119-21662-9
Chakrabarti Subrata K., Handbook of Offshore Engineering, Elsevier Ltd., ΙSBN 978-0-08-044381-2, 2005.",,
102,ΔΙΠ001,Διπλωματική Εργασία,ΜΗΧΑΝΙΚΩΝ,ΠΟΛΙΤΙΚΩΝ ΜΗΧΑΝΙΚΩΝ,Προπτυχιακό,10,Εκπόνηση Επιστημονικής Εργασίας,,30,,,,Κατεύθυνσης,"ΠΡΟΑΠΑΙΤΟΥΜΕΝΑ ECTS:
Ελάχιστος αριθμός για έναρξη διπλωματικής εργασίας: 180 ECTS, ανεξάρτητα της Κατεύθυνσης επιλογής.

ΠΡΟΑΠΑΙΤΟΥΜΕΝΑ ΜΑΘΗΜΑΤΑ:
Τα προαπαιτούμενα μαθήματα διαφοροποιούνται ανάλογα με το γνωστικό αντικείμενο της Κατεύθυνσης που έχει επιλέξει ο φοιτητής. Συγκεκριμένα, για την κάθε κατεύθυνση ισχύουν τα παρακάτω:

(i) Δομοστατικών Έργων
  • Οπλισμένο Σκυρόδεμα Ι
  • Στατική ΙΙ - Υπερστατικοί φορείς
  • Δυναμική των Κατασκευών Ι
  • Μεταλλικές Κατασκευές Ι
  • Επιπλέον μαθήματα κορμού ή/και κατεύθυνσης που σχετίζονται με το αντικείμενο της διπλωματικής.

(ii) Γεωτεχνικών Έργων
  • Εδαφομηχανική Ι
  • Εδαφομηχανική ΙΙ
  • Θεμελιώσεις και Αντιστηρίξεις
  • Επιπλέον μαθήματα κορμού ή/και κατεύθυνσης που σχετίζονται με το αντικείμενο της διπλωματικής.

(iii) Συγκοινωνιακών Έργων
  • Κυκλοφοριακή Τεχνική
  • Οδοποιία Ι
  • Οδοποιία ΙΙ
  • Επιπλέον μαθήματα κορμού ή/και κατεύθυνσης που σχετίζονται με το αντικείμενο της διπλωματικής

(iv) Υδραυλικών Έργων
  • Περιβαλλοντική Τεχνική
  • Μηχανική των ρευστών
  • Υδραυλική
  • Επιπλέον μαθήματα κορμού ή/και κατεύθυνσης που σχετίζονται με το αντικείμενο της διπλωματικής

Επίσης, για Διπλωματική Εργασία σε αντικείμενα κατασκευαστικά/ Αρχιτεκτονικού Σχεδιασμού: 
  • Όλα τα μαθήματα κορμού και κατεύθυνσης στα αντικείμενα της Αρχιτεκτονικής. 

Σημειώνεται γενικά ότι για κάθε ειδικό αντικείμενο θέματος διπλωματικής, ο φοιτητής υποχρεούται να έχει περάσει τα μαθήματα του ΠΣ που συσχετίζονται με το συγκεκριμένο αντικείμενο. ",,Ελληνικά,Ναι,http://civil.ihu.gr/pps.html,"Με την επιτυχή ολοκλήρωση της Διπλωματικής Εργασίας ο φοιτητής αναμένεται να είναι σε θέση για τα εξής:
   • Ικανότητα εφαρμογής γνώσεων που αποκτήθηκαν στη διάρκεια των σπουδών, με έμφαση στον τομέα της Επιστήμης του Πολιτικού Μηχανικού που επελέγη (Δομοστατικά, Γεωτεχνικά, Συγκοινωνιακά, Υδραυλικά Έργα).
   • Εμβάθυνση και εφαρμογή εξειδικευμένης γνώσης σχετικής με το γνωστικό αντικείμενο που μελετήθηκε πειραματικά/ ερευνητικά. 
   • Εξοικείωση με τα εργαλεία και τη μεθοδολογία της επιστημονικής έρευνας και δυνατότητα περαιτέρω χρήσης τους.
   • Ικανότητα σύνταξης τεχνικών και επιστημονικών κειμένων και παρουσιάσεων με στόχο τη διάχυση της γνώσης του Πολιτικού Μηχανικού, την επικοινωνία με την επιστημονική κοινότητα και τον τεχνικό κόσμο. ","Η εκπόνηση της Διπλωματικής Εργασίας συμβάλει στην απόκτηση των παρακάτω ικανοτήτων:
  • Αναζήτηση, ανάλυση και σύνθεση δεδομένων και πληροφοριών, με τη χρήση και των απαραίτητων τεχνολογιών 
  • Προσαρμογή σε νέες καταστάσεις 
  • Λήψη αποφάσεων 
  • Αυτόνομη εργασία 
  • Ομαδική εργασία
  • Εργασία σε διεπιστημονικό περιβάλλον 
  • Παραγωγή νέων ερευνητικών ιδεών
  • Σχεδιασμός και διαχείριση έργων 
  • Σεβασμός στο φυσικό περιβάλλον 
  • Άσκηση κριτικής και αυτοκριτικής 
  • Προαγωγή της ελεύθερης, δημιουργικής και επαγωγικής σκέψης","Η Διπλωματική Εργασία (ΔΕ) εκπονείται στο τελευταίο στάδιο των σπουδών του Πολιτικού Μηχανικού. Τυπικά ξεκινά στο 10ο εξάμηνο, ωστόσο υπό τις προϋποθέσεις των προαπαιτούμενων μπορεί να ξεκινήσει και στο 9ο εξάμηνο. Αφορά τη συγγραφή και δημόσια παρουσίαση μίας εκτενούς επιστημονικής εργασίας που εμβαθύνει σε εξειδικευμένη γνώση. Μελετάται, βιβλιογραφικά και πειραματικά/ ερευνητικά, ένα ειδικό θέμα που εντάσσεται σε έναν εκ των τομέων της Επιστήμης του Πολιτικού Μηχανικού, τα Δομοστατικά, Γεωτεχνικά, Συγκοινωνιακά ή Υδραυλικά Έργα. Μεταξύ των θεμάτων για την εκπόνηση ΔΕ βρίσκονται, επίσης, θέματα Κατασκευών και Αρχιτεκτονικού Σχεδιασμού, σε αναλογία με αντίστοιχα μαθήματα του Προγράμματος Σπουδών. 
Η ΔΕ στοχεύει στη συγκροτημένη εφαρμογή γνώσης που αποκτήθηκε στη διάρκεια των σπουδών, στην εμβάθυνση και τη συστηματοποίησή της, καθώς και στην εξοικείωση του μελλοντικού επιστήμονα με τα εργαλεία και τη μεθοδολογία της επιστημονικής έρευνας. Στη διάρκεια της εργασίας, πέρα από τα ειδικά θέματα του γνωστικού του αντικειμένου, ο φοιτητής έρχεται αντιμέτωπος με ζητήματα αναλυτικής και συνθετικής σκέψης, συλλογής και επεξεργασίας δεδομένων, στοιχειοθέτησης επιχειρημάτων και τεκμηρίωσης, εξαγωγής συμπερασμάτων, πρωτοτυπίας, ακρίβειας και οργάνωσης, επιστημονικής συνέπειας και δεοντολογίας. Η εκπόνηση, ολοκλήρωση και δημόσια παρουσίαση της ΔΕ αφορά τόσο στην εκπαίδευση του ίδιου του υποψηφίου, όσο και στη διάχυση της γνώσης, την επικοινωνία του με την επιστημονική κοινότητα και την είσοδό του στον τεχνικό κόσμο. ","Η ΔΕ εκπονείται ατομικά ή σε διμελείς ομάδες (αν δικαιολογείται από την έκταση του αντικειμένου), ενώ η επιλογή του θέματος, μέσω της αντίστοιχης Κατεύθυνσης, είναι στην ευχέρεια του φοιτητή, υπό την προϋπόθεση προαπαιτούμενων μαθημάτων και ECTS. Ο χρόνος εκπόνησης της εργασίας διαφέρει ανά αντικείμενο, παρόλα αυτά ο τυπικός χρόνος ορίζεται στο 1 εξάμηνο. Ο φοιτητής καλείται να συνεργαστεί με τον επιβλέποντα καθηγητή του, ο οποίος τον καθοδηγεί, επιβλέπει την πρόοδο της εργασίας, διατυπώνει ερωτήματα και παρατηρήσεις, προβαίνει σε διορθώσεις και συμβάλει, ευρύτερα, στην οργάνωση του περιεχομένου, της δομής αλλά και του χρόνου εκπόνησης της εργασίας. Η συνεργασία καθηγητή-φοιτητή έχει τον χαρακτήρα τακτικών, φροντιστηριακού χαρακτήρα, συναντήσεων, πρόσωπο με πρόσωπο, στον φυσικό χώρο του Πανεπιστημίου ή/και διαδικτυακά. 
Η ολοκλήρωση της ΔΕ περιλαμβάνει κατ’ ελάχιστο (α) την κατάθεση τεύχους ειδικών προδιαγραφών, σε έντυπη και ψηφιακή μορφή, στη γραμματεία του Τμήματος, (β) την παρουσίαση της ΔΕ, δημοσίως, στην ακαδημαϊκή κοινότητα και (γ) την αξιολόγηση της ΔΕ από τριμελή επιτροπή καθηγητών, έπειτα και από εξέταση του φοιτητή, στη διάρκεια της δημόσιας παρουσίασης. Με την ολοκλήρωση της διαδικασίας και τη βαθμολόγηση του φοιτητή, η ΔΕ καταχωρείται (αρχειοθετείται) στο Αποθετήριο ΔΕ του Τμήματος ή/και της Βιβλιοθήκης του Ιδρύματος.",,"Συναντήσεις φροντιστηριακού χαρακτήρα του φοιτητή με τον επιβλέποντα καθηγητή (πρόσωπο με πρόσωπο) σε τακτά χρονικά διαστήματα για καθοδήγηση, επίβλεψη της προόδου της εργασίας, διορθώσεις, παράδοση επιμέρους τμημάτων της κ.ο.κ.","Η χρήση Τ.Π.Ε. κατά τη διάρκεια εκπόνησης της διπλωματικής εργασίας γίνεται ως εξής:
  • Καθοδήγηση με χρήση Η/Υ, εκ μέρους του επιβλέποντα, ως προς τα επιμέρους αντικείμενα της εργασίας.
  • Παρουσίαση της εξέλιξης της εργασίας και επιμέρους τμημάτων της με χρήση Η/Υ, εκ μέρους του φοιτητή.  
  • Χρήση εξειδικευμένου λογισμικού (ανά αντικείμενο) για την εκπόνηση του ερευνητικού/ πειραματικού μέρους της εργασίας (π.χ. λογισμικά υπολογισμών, σχεδιασμού, επεξεργασίας δεδομένων κ.λπ.).
  • Αναζητήσεις σε βάσεις δεδομένων (π.χ. βιβλιογραφίας, αρχείων κ.λπ.) για την εκπόνηση της εργασίας.
  • Χρήση λογισμικών ευρείας χρήσης για τη συγγραφή του κειμένου της εργασίας, τη στοιχειοθέτηση του τεύχους της, την τελική παρουσίασή της. 
  • Υποστήριξη της μαθησιακής διαδικασίας μέσω της ηλεκτρονικής πλατφόρμας e-learning του Τμήματος. 
  • Συναντήσεις εξ αποστάσεως επιβλέποντα-φοιτητή και για συνεργασία online (π.χ. ψηφιακή πλατφόρμα ΖΟΟΜ).
  • Επικοινωνία επιβλέποντα-φοιτητή μέσω ηλεκτρονικού ταχυδρομείου (e-mails) για περαιτέρω υποστήριξη της διαδικασίας επίβλεψης και εκπόνησης της εργασίας.","Συναντήσεις φροντιστηριακού χαρακτήρα επιβλέποντα καθηγητή και φοιτητή για καθοδήγηση, επίβλεψη, διορθώσεις κ.ά. εκ μέρους του καθηγητή.",60,Αυτοτελής Μελέτη (μελέτη-ανάλυση βιβλιογραφίας και εκπόνηση ερευνητικού/ πειραματικού μέρους),470,"Συγγραφή κειμένου, στοιχειοθέτηση τεύχους και σύνταξη/δημιουργία τελικής παρουσίασης της εργασίας",250,,,,,780,"Η αξιολόγηση του φοιτητή στην διπλωματική εργασία αποτελεί συνισταμένη των εξής:
  • Ποιότητα περιεχομένου και δομής της παραδοτέας επιστημονικής εργασίας (70%)
  • Γνώση του αντικειμένου κατά τη δημόσια παρουσίαση και την υποβολή ερωτήσεων της τριμελούς επιτροπής αξιολόγησης (20%)
  • Συνέπεια ως προς τις σχετικές διαδικασίες και τη συνεργασία με τον επιβλέποντα κατά τη διάρκεια εκπόνησης της εργασίας (10%). 

Τα παραπάνω κριτήρια αξιολόγησης αναφέρονται ρητά στο παρόν «ΠΕΡΙΓΡΑΜΜΑ ΜΑΘΗΜΑΤΟΣ» που βρίσκεται αναρτημένο στη θέση «ΠΡΟΠΤΥΧΙΑΚΟ ΠΡΟΓΡΑΜΜΑ ΣΠΟΥΔΩΝ» [http://civil.ihu.gr/pps.html], στην ιστοσελίδα του Τμήματος και είναι προσβάσιμα από όλους τους φοιτητές.","Bell, J., 2007. Πώς να συντάξετε μια Επιστημονική Εργασία. Αθήνα: ΜΕΤΑΙΧΜΙΟ ΕΚΔΟΤΙΚΗ Α.Ε. [Κωδικός Βιβλίου στον Εύδοξο: 24255]
Δημητρόπουλος, Ε., 2009 (3η έκδ.). Εισαγωγή στη Μεθοδολογία της Επιστημονικής Έρευνας. Αθήνα: Γ.ΠΑΡΙΚΟΣ & ΣΙΑ ΕΕ [Κωδικός Βιβλίου στον Εύδοξο: 16372]
Eco, U., 2001. Πώς γίνεται μια Διπλωματική Εργασία. Μτφρ. Μ. Κονδύλη. Αθήνα: ΝΗΣΟΣ [Κωδικός Βιβλίου στον Εύδοξο: 4843]",,
,,,,,,,,,,,,,,,,,,,,,,,,,,,,,,"Συγγραφή κειμένου, στοιχειοθέτηση τεύχους και σύνταξη/δημιουργία τελικής παρουσίασης της εργασίας",,,,,,,,,,
